用語,読み,ページ,種類,分野,国,立場,開始年,終了年,時代,メモ
鮎川義介,鮎(あい)川(かわ)義(よし)介(すけ),308,人物,産業・工業,日本,実業家,1928,1945,,
愛国公党,愛(あい)国(こく)公(こう)党(とう),246,組織・団体・政党,政治・政策;社会運動,,,1874,1874,,
愛国社,愛(あい)国(こく)社(しゃ),247,組織・団体・政党,社会運動,,,1875,1880,,
相沢忠洋,相(あい)沢(ざわ)忠(ただ)洋(ひろ),8,人物,考古,日本,学者・思想家,1946,1946,,
会沢安,会(あい)沢(ざわ)安(やすし),212;214;225,人物,思想・学問,日本,学者・思想家,1825,1863,,
相対済し令,相(あい)対(たい)済(すま)し令(れい),192,法令・政策,政治・政策;商業・流通・都市,,,1719,1719,,
アイヌ,アイヌ,101;118;164;206;241,その他,北方・アイヌ,,,,,鎌倉;室町;江戸;明治,
アイヌ施策推進法,アイヌ施(し)策(さく)推(すい)進(しん)法(ほう),241,法令・政策,北方・アイヌ,,,2019,2019,,
アイヌ文化振興法,アイヌ文(ぶん)化(か)振(しん)興(こう)法(ほう),241,法令・政策,北方・アイヌ,,,1997,1997,,
亜欧堂田善,亜(あ)欧(おう)堂(どう)田(でん)善(ぜん),203,人物,美術・建築,日本,芸術家,1790,1822,,
青木昆陽,青(あお)木(き)昆(こん)陽(よう),193;198,人物,思想・学問;農林漁業,日本,学者・思想家,1735,1769,,
青木周蔵,青(あお)木(き)周(しゅう)蔵(ぞう),257,人物,対外関係,日本,政治家,1889,1894,,
赤い鳥,赤(あか)い鳥(とり),297,書物・史料,文学;教育,,,1918,1936,,
赤絵,赤(あか)絵(え),166,文化・流派,美術・建築,,,1640,1680,,
赤蝦夷風説考,赤(あか)蝦(え)夷(ぞ)風(ふう)説(せつ)考(こう),197,書物・史料,北方・アイヌ;思想・学問,,,1783,1783,,
明石人,明(あか)石(し)人(じん),7,その他,考古,,,,,旧石器,
赤松克麿,赤(あか)松(まつ)克(かつ)麿(まろ),308,人物,社会運動;政治・政策,日本,社会運動家,1932,1932,,
赤松満祐,赤(あか)松(まつ)満(みつ)祐(すけ),120,人物,政変・事件・反乱,日本,武家,1441,1441,,
秋田城,秋(あき)田(た)城(じょう),45,寺社・遺跡・場所,対外関係;北方・アイヌ,,,733,733,,
秋田杉,秋(あき)田(た)杉(すぎ),173,その他,農林漁業,,,,,江戸,
秋月の乱,秋(あき)月(づき)の乱(らん),247,事件・戦争・乱,政変・事件・反乱,,,1876,1876,,
商場,商(あきない)場(ば),164,制度・役職,北方・アイヌ;商業・流通・都市,,,1600,1700,,
芥川龍之介,芥(あくた)川(がわ)龍(りゅう)之(の)介(すけ),298,人物,文学,日本,文学者,1915,1927,,
悪党,悪(あく)党(とう),104;111,その他,身分・社会構造,,,1280,1335,,
悪人正機,悪(あく)人(にん)正(しょう)機(き),104,その他,仏教,,,1200,1262,,
安愚楽鍋,安(あ)愚(ぐ)楽(ら)鍋(なべ),290,書物・史料,文学;生活・風俗,,,1871,1871,,
明智光秀,明(あけ)智(ち)光(みつ)秀(ひで),142,人物,戦争・軍事,日本,武家,1568,1582,,
上げ米,上(あ)げ米(まい),193,法令・政策,土地・税制;政治・政策,,,1722,1730,,
赤穂事件,赤(あ)穂(こう)事(じ)件(けん),178,事件・戦争・乱,政変・事件・反乱,,,1701,1703,,
阿衡の紛議,阿(あ)衡(こう)の紛(ふん)議(ぎ),62,事件・戦争・乱,政治・政策,,,887,888,,
浅井忠,浅(あさ)井(い)忠(ちゅう),293,人物,美術・建築,日本,芸術家,1876,1907,,
浅野総一郎,浅(あさ)野(の)総(そう)一(いち)郎(ろう),284,人物,産業・工業,日本,実業家,1884,1930,,
浅間山大噴火,浅(あさ)間(ま)山(やま)大(だい)噴(ふん)火(か),196,事件・戦争・乱,公害・環境・災害,,,1783,1783,,
按司,按(あ)司(じ),101,制度・役職,琉球・沖縄,,,1300,1429,,
アジア＝アフリカ会議,アジア＝アフリカ会(かい)議(ぎ),339,条約・協定・会議,対外関係;条約・会議,,,1955,1955,,
足尾鉱毒事件,足(あし)尾(お)鉱(こう)毒(どく)事(じ)件(けん),287,事件・戦争・乱,公害・環境・災害;社会運動,,,1890,1907,,
足利学校,足(あし)利(かが)学(がっ)校(こう),131,寺社・遺跡・場所,教育,,,1439,1439,,
足利成氏,足(あし)利(かが)成(しげ)氏(うじ),132,人物,戦争・軍事,日本,武家,1449,1497,,
足利高氏（尊氏）,足(あし)利(かが)高(たか)氏(うじ)（尊(たか)氏(うじ)）,111,人物,政治・政策;戦争・軍事,日本,武家,1333,1358,,
足利直義,足(あし)利(かが)直(ただ)義(よし),112,人物,政治・政策,日本,武家,1336,1352,,
足利政知,足(あし)利(かが)政(まさ)知(とも),132,人物,政治・政策,日本,武家,1457,1491,,
足利持氏,足(あし)利(かが)持(もち)氏(うじ),120,人物,政変・事件・反乱,日本,武家,1409,1439,,
足利基氏,足(あし)利(かが)基(もと)氏(うじ),115,人物,政治・政策,日本,武家,1349,1367,,
足利義昭,足(あし)利(かが)義(よし)昭(あき),140,人物,政治・政策,日本,武家,1568,1573,,
足利義勝,足(あし)利(かが)義(よし)勝(かつ),121,人物,政治・政策,日本,武家,1442,1443,,
足利義輝,足(あし)利(かが)義(よし)輝(てる),140,人物,政治・政策,日本,武家,1546,1565,,
足利義教,足(あし)利(かが)義(よし)教(のり),116;120,人物,政治・政策,日本,武家,1429,1441,,
足利義尚,足(あし)利(かが)義(よし)尚(ひさ),121,人物,政治・政策,日本,武家,1467,1489,,
足利義政,足(あし)利(かが)義(よし)政(まさ),121,人物,政治・政策,日本,武家,1449,1490,,
足利義視,足(あし)利(かが)義(よし)視(み),121,人物,政変・事件・反乱,日本,武家,1464,1491,,
足利義満,足(あし)利(かが)義(よし)満(みつ),114;116,人物,政治・政策;対外関係,日本,武家,1368,1408,,
足利義持,足(あし)利(かが)義(よし)持(もち),116;120,人物,政治・政策,日本,武家,1394,1428,,
足軽,足(あし)軽(がる),121,その他,戦争・軍事,,,1467,1600,,
芦田均,芦(あし)田(だ)均(ひとし),333,人物,政治・政策,日本,政治家,1948,1948,,
阿修羅像,阿(あ)修(しゅ)羅(ら)像(ぞう),53,作品,美術・建築;仏教,,,734,734,,
飛鳥浄御原宮,飛鳥(あすか)浄(きよ)御(み)原(はら)宮(のみや),38,寺社・遺跡・場所,政治・政策,,,672,694,,
飛鳥浄御原令,飛鳥(あすか)浄(きよ)御(み)原(はら)令(りょう),38,法令・政策,法制・制度,,,689,689,,
飛鳥寺,飛鳥(あすか)寺(でら),35,寺社・遺跡・場所,仏教;美術・建築,,,588,596,,
飛鳥文化,飛鳥(あすか)文(ぶん)化(か),35,文化・流派,仏教;美術・建築,,,593,645,,
預所,預(あずかり)所(どころ),71,制度・役職,土地・税制,,,,,平安;鎌倉,
東歌,東(あずま)歌(うた),51,作品,文学,,,759,759,,
吾妻鏡,吾妻(あずま)鏡(かがみ),107,書物・史料,思想・学問,,,1300,1300,,
麻生太郎,麻(あ)生(そう)太(た)郎(ろう),363,人物,政治・政策,日本,政治家,2008,2009,,
直,直(あたい),31,制度・役職,身分・社会構造,,,,,古墳,
安達泰盛,安(あ)達(だち)泰(やす)盛(もり),100,人物,政変・事件・反乱,日本,武家,1275,1285,,
阿知使主,阿(あ)知(ち)使主(のおみ),27,人物,対外関係,その他,渡来人,,,古墳,
安土城,安(あ)土(づち)城(じょう),141,寺社・遺跡・場所,美術・建築;政治・政策,,,1576,1582,,
阿弖流為,阿(あ)弖(て)流(る)為(い),56,人物,北方・アイヌ;戦争・軍事,日本,その他,789,802,,
アニミズム,アニミズム,12,その他,思想・学問,,,,,縄文,
安部磯雄,安(あ)部(べ)磯(いそ)雄(お),265,人物,社会運動,日本,社会運動家,1901,1932,,
安倍晋三,安(あ)倍(べ)晋(しん)三(ぞう),363,人物,政治・政策,日本,政治家,2006,2020,,
阿倍内麻呂,阿(あ)倍(べの)内(うち)麻(ま)呂(ろ),37,人物,政治・政策,日本,公家・貴族,645,649,,
阿倍比羅夫,阿(あ)倍(べの)比(ひ)羅(ら)夫(ふ),45,人物,戦争・軍事;北方・アイヌ,日本,軍人,658,663,,
阿部信行,阿(あ)部(べ)信(のぶ)行(ゆき),316,人物,政治・政策,日本,政治家;軍人,1939,1940,,
阿部正弘,阿(あ)部(べ)正(まさ)弘(ひろ),222,人物,政治・政策;対外関係,日本,武家,1845,1857,,
アヘン戦争,アヘン戦(せん)争(そう),221,事件・戦争・乱,対外関係;戦争・軍事,,,1840,1842,,
天草四郎,天(あま)草(くさ)四(し)郎(ろう),159,人物,キリスト教;一揆・打ちこわし,日本,その他,1637,1638,,
天草版,天(あま)草(くさ)版(ばん),149,書物・史料,キリスト教;文学,,,1591,1600,,
網漁,網(あみ)漁(りょう),173,その他,農林漁業,,,,,江戸,
アメリカ教育使節団,アメリカ教(きょう)育(いく)使(し)節(せつ)団(だん),329,組織・団体・政党,教育,,,1946,1946,,
アメリカ軍基地反対闘争,アメリカ軍(ぐん)基(き)地(ち)反(はん)対(たい)闘(とう)争(そう),341,事件・戦争・乱,社会運動,,,1952,1957,,
新井白石,新(あら)井(い)白(はく)石(せき),178;189;198,人物,政治・政策;思想・学問,日本,学者・思想家,1709,1716,,
荒事,荒(あら)事(ごと),188,文化・流派,芸能,,,1680,1710,,
アラブ石油輸出国機構,アラブ石(せき)油(ゆ)輸(ゆ)出(しゅつ)国(こく)機(き)構(こう),354,組織・団体・政党,対外関係;産業・工業,,,1968,1973,,
アララギ,アララギ,291,書物・史料,文学,,,1908,1908,,
有島武郎,有(あり)島(しま)武(たけ)郎(お),298,人物,文学,日本,文学者,1910,1923,,
有田焼,有(あり)田(た)焼(やき),166,文化・流派,美術・建築;産業・工業,,,1616,1700,,
有馬晴信,有(あり)馬(ま)晴(はる)信(のぶ),139;149,人物,キリスト教;対外関係,日本,武家,1580,1612,,
鞍山製鉄所,鞍(あん)山(ざん)製(せい)鉄(てつ)所(じょ),295,寺社・遺跡・場所,産業・工業;植民地,,,1918,1918,,
安重根,安(あん)重(じゅう)根(こん),264,人物,植民地,朝鮮,社会運動家,1909,1909,,
安政の改革,安(あん)政(せい)の改(かい)革(かく),222,法令・政策,政治・政策,,,1854,1857,,
安政の五カ国条約,安(あん)政(せい)の五(ご)カ国(こく)条(じょう)約(やく),223,条約・協定・会議,対外関係;条約・会議,,,1858,1858,,
安政の大獄,安(あん)政(せい)の大(たい)獄(ごく),224,事件・戦争・乱,政変・事件・反乱,,,1858,1859,,
安全保障理事会,安(あん)全(ぜん)保(ほ)障(しょう)理(り)事(じ)会(かい),325,組織・団体・政党,対外関係,,,1945,1945,,
安帝,安(あん)帝(てい),18,人物,対外関係,中国,国王・皇帝（外国）,107,107,,
安藤（安東）氏,安(あん)藤(どう)（安(あん)東(どう)）氏(し),118,人物,北方・アイヌ;商業・流通・都市,日本,武家,1200,1450,,
安藤昌益,安(あん)藤(どう)昌(しょう)益(えき),200,人物,思想・学問,日本,学者・思想家,1750,1762,,
安藤信正,安(あん)藤(どう)信(のぶ)正(まさ),224,人物,政治・政策,日本,武家,1860,1862,,
安徳天皇,安(あん)徳(とく)天(てん)皇(のう),82,人物,政治・政策,日本,天皇・皇族,1180,1185,,
安和の変,安(あん)和(な)の変(へん),63,事件・戦争・乱,政変・事件・反乱,,,969,969,,
安保闘争,安(あん)保(ぽ)闘(とう)争(そう),342,事件・戦争・乱,社会運動;対外関係,,,1960,1960,,
井伊直弼,井(い)伊(い)直(なお)弼(すけ),222;224,人物,政治・政策;対外関係,日本,武家,1858,1860,,
イエズス会,イエズス会(かい),139,組織・団体・政党,キリスト教,,,1549,1600,,
家子,家(いえの)子(こ),73,その他,身分・社会構造;戦争・軍事,,,,,平安,
家持,家(いえ)持(もち),171,その他,身分・社会構造;商業・流通・都市,,,,,江戸,
伊賀惣国一揆,伊(い)賀(が)惣(そう)国(こく)一(いっ)揆(き),122,組織・団体・政党,一揆・打ちこわし,,,1560,1581,,
斑鳩寺,斑鳩(いかるが)寺(でら),36,寺社・遺跡・場所,仏教;美術・建築,,,607,607,,
衣冠,衣(い)冠(かん),69,その他,生活・風俗,,,,,平安,
生きてゐる兵隊,生(い)きてゐる兵(へい)隊(たい),316,書物・史料,文学,,,1938,1938,,
イギリス公使館焼打ち事件,イギリス公(こう)使(し)館(かん)焼(やき)打(う)ち事(じ)件(けん),224,事件・戦争・乱,対外関係;政変・事件・反乱,,,1862,1862,,
生田万の乱,生(いく)田(た)万(よろず)の乱(らん),209,事件・戦争・乱,政変・事件・反乱;一揆・打ちこわし,,,1837,1837,,
生野銀山,生(いく)野(の)銀(ぎん)山(ざん),175,寺社・遺跡・場所,産業・工業,,,,,戦国;江戸,
生野の変,生(いく)野(の)の変(へん),225,事件・戦争・乱,政変・事件・反乱,,,1863,1863,,
池貝鉄工所,池(いけ)貝(がい)鉄(てっ)工(こう)所(じょ),284,組織・団体・政党,産業・工業,,,1889,1889,,
池田勇人,池(いけ)田(だ)勇(はや)人(と),343,人物,政治・政策,日本,政治家,1960,1964,,
池田光政,池(いけ)田(だ)光(みつ)政(まさ),177;200,人物,政治・政策;教育,日本,武家,1650,1682,,
池田屋事件,池(いけ)田(だ)屋(や)事(じ)件(けん),226,事件・戦争・乱,政変・事件・反乱,,,1864,1864,,
池大雅,池(いけの)大(たい)雅(が),203,人物,美術・建築,日本,芸術家,1750,1776,,
池坊専応,池(いけの)坊(ぼう)専(せん)応(のう),129,人物,芸能,日本,芸術家,1530,1543,,
池坊専慶,池(いけの)坊(ぼう)専(せん)慶(けい),129,人物,芸能,日本,芸術家,1462,1462,,
池坊専好,池(いけの)坊(ぼう)専(せん)好(こう),129,人物,芸能,日本,芸術家,1590,1621,,
生花,生(いけ)花(ばな),128,文化・流派,芸能,,,1450,1600,,
異国警固番役,異(い)国(こく)警(けい)固(ご)番(ばん)役(やく),100,制度・役職,対外関係;戦争・軍事,,,1275,1333,,
異国船打払令,異(い)国(こく)船(せん)打(うち)払(はらい)令(れい),207,法令・政策,対外関係,,,1825,1842,,
いざなぎ景気,いざなぎ景(けい)気(き),346,その他,産業・工業,,,1966,1970,,
伊沢修二,伊(い)沢(さわ)修(しゅう)二(じ),291,人物,教育;芸能,日本,学者・思想家,1879,1890,,
胆沢城,胆(い)沢(さわ)城(じょう),56,寺社・遺跡・場所,北方・アイヌ;戦争・軍事,,,802,802,,
石井・ランシング協定,石(いし)井(い)・ランシング協(きょう)定(てい),270;274,条約・協定・会議,対外関係;条約・会議,,,1917,1923,,
石川啄木,石(いし)川(かわ)啄(たく)木(ぼく),291,人物,文学,日本,文学者,1905,1912,,
石川達三,石(いし)川(かわ)達(たつ)三(ぞう),316,人物,文学,日本,文学者,1935,1945,,
石川雅望,石(いし)川(かわ)雅(まさ)望(もち),201,人物,文学,日本,文学者,1780,1830,,
石田梅岩,石(いし)田(だ)梅(ばい)岩(がん),199,人物,思想・学問,日本,学者・思想家,1729,1744,,
石田三成,石(いし)田(だ)三(みつ)成(なり),154,人物,政治・政策;戦争・軍事,日本,武家,1585,1600,,
石橋湛山,石(いし)橋(ばし)湛(たん)山(ざん),298;341,人物,政治・政策;思想・学問,日本,政治家,1920,1957,,
石包丁,石(いし)包(ぼう)丁(ちょう),14,その他,考古;農林漁業,,,,,弥生,
石山合戦（石山戦争）,石(いし)山(やま)合(かっ)戦(せん)（石(いし)山(やま)戦(せん)争(そう)）,141,事件・戦争・乱,戦争・軍事;仏教,,,1570,1580,,
石原莞爾,石(いし)原(わら)莞(かん)爾(じ),305,人物,戦争・軍事,日本,軍人,1931,1937,,
泉鏡花,泉(いずみ)鏡(きょう)花(か),291,人物,文学,日本,文学者,1895,1939,,
出雲お国（阿国）,出(いず)雲(も)お国(くに)（阿(お)国(くに)）,148,人物,芸能,日本,芸術家,1603,1607,,
伊勢神宮,伊(い)勢(せ)神(じん)宮(ぐう),38,寺社・遺跡・場所,神道,,,,,古墳;飛鳥,
伊勢神道,伊(い)勢(せ)神(しん)道(とう),106,文化・流派,神道,,,1300,1333,,
伊勢宗瑞,伊(い)勢(せ)宗(そう)瑞(ずい),132,人物,戦争・軍事,日本,武家,1493,1519,,北条早雲のこと
伊勢平氏,伊(い)勢(せ)平(へい)氏(し),80,人物,戦争・軍事,日本,武家,1000,1185,,
伊勢物語,伊(い)勢(せ)物(もの)語(がたり),65,書物・史料,文学,,,900,950,,
石上宅嗣,石(いそ)上(のかみの)宅(やか)嗣(つぐ),51,人物,思想・学問;教育,日本,公家・貴族,770,781,,
イタイイタイ病,イタイイタイ病(びょう),352,事件・戦争・乱,公害・環境・災害,,,1955,1968,,
板垣退助,板(いた)垣(がき)退(たい)助(すけ),245;246,人物,政治・政策;社会運動,日本,政治家,1874,1900,,
板付遺跡,板(いた)付(づけ)遺(い)跡(せき),13,寺社・遺跡・場所,考古;農林漁業,,,,,縄文;弥生,
市,市(いち),43,その他,商業・流通・都市,,,,,奈良,
市川左団次（初代）,市(いち)川(かわ)左(さ)団(だん)次(じ)（初(しょ)代(だい)）,291,人物,芸能,日本,芸術家,1880,1904,,
市川団十郎（初代）,市(いち)川(かわ)団(だん)十(じゅう)郎(ろう)（初(しょ)代(だい)）,188,人物,芸能,日本,芸術家,1673,1704,,
市川団十郎（7代目）,市(いち)川(かわ)団(だん)十(じゅう)郎(ろう)（7代(だい)目(め)）,217,人物,芸能,日本,芸術家,1800,1840,,
市川団十郎（9代目）,市(いち)川(かわ)団(だん)十(じゅう)郎(ろう)（9代(だい)目(め)）,291,人物,芸能,日本,芸術家,1870,1903,,
市川房枝,市(いち)川(かわ)房(ふさ)枝(え),276,人物,女性;社会運動,日本,社会運動家,1920,1945,,
一期分,一(いち)期(ご)分(ぶん),103,制度・役職,土地・税制;身分・社会構造,,,1250,1333,,
市座,市(いち)座(ざ),135,制度・役職,商業・流通・都市,,,,,戦国,
一条兼良,一(いち)条(じょう)兼(かね)良(よし),129,人物,思想・学問,日本,公家・貴族,1450,1481,,かねら とも読む
一の谷の戦い,一(いち)の谷(たに)の戦(たたか)い,91,事件・戦争・乱,戦争・軍事,,,1184,1184,,
市司,市(いちの)司(つかさ),43,制度・役職,商業・流通・都市,,,,,奈良,
一木造,一(いち)木(ぼく)造(づくり),60,文化・流派,美術・建築;仏教,,,800,900,,
一味同心,一(いち)味(み)同(どう)心(しん),114,その他,一揆・打ちこわし,,,,,室町,
一門・一家,一(いち)門(もん)・一(いっ)家(け),97,その他,身分・社会構造,,,,,鎌倉,
一里塚,一(いち)里(り)塚(づか),182,その他,商業・流通・都市,,,1604,1604,,
一揆,一(いっ)揆(き),113;120;240,その他,一揆・打ちこわし,,,,,室町;戦国;江戸;明治,
一休宗純,一(いっ)休(きゅう)宗(そう)純(じゅん),131,人物,仏教,日本,僧侶・宗教家,1420,1481,,
厳島神社,厳(いつく)島(しま)神(じん)社(じゃ),84,寺社・遺跡・場所,神道;美術・建築,,,1168,1168,,
一向一揆,一(いっ)向(こう)一(いっ)揆(き),132;141,事件・戦争・乱,一揆・打ちこわし;仏教,,,1488,1580,,
一向宗,一(いっ)向(こう)宗(しゅう),104,文化・流派,仏教,,,,,鎌倉;室町;戦国,
一国一城令,一(いっ)国(こく)一(いち)城(じょう)令(れい),155,法令・政策,政治・政策,,,1615,1615,,
乙巳の変,乙(いっ)巳(し)の変(へん),37,事件・戦争・乱,政変・事件・反乱,,,645,645,,
一世一元の制,一(いっ)世(せい)一(いち)元(げん)の制(せい),229,法令・政策,法制・制度,,,1868,1868,,
一地一作人,一(いっ)地(ち)一(いっ)作(さく)人(にん),143,制度・役職,土地・税制,,,1582,1598,,
一中節,一(いっ)中(ちゅう)節(ぶし),202,文化・流派,芸能,,,,,江戸,
一遍,一(いっ)遍(ぺん),105,人物,仏教,日本,僧侶・宗教家,1274,1289,,
一遍上人絵伝,一(いっ)遍(ぺん)上(しょう)人(にん)絵(え)伝(でん),87;102;109,作品,美術・建築;仏教,,,1299,1299,,
伊藤左千夫,伊(い)藤(とう)左(さ)千(ち)夫(お),291,人物,文学,日本,文学者,1900,1913,,
伊藤仁斎,伊(い)藤(とう)仁(じん)斎(さい),189,人物,思想・学問,日本,学者・思想家,1662,1705,,
伊藤博文,伊(い)藤(とう)博(ひろ)文(ぶみ),224;248;252;255;258;261;263,人物,政治・政策;対外関係;植民地,日本,政治家,1863,1909,,
伊東マンショ,伊(い)東(とう)マンショ,148,人物,キリスト教;対外関係,日本,その他,1582,1590,,
伊東巳代治,伊(い)東(とう)巳(み)代(よ)治(じ),252,人物,法制・制度,日本,政治家,1886,1889,,
糸割符制度,糸(いと)割(わっ)符(ぷ)制(せい)度(ど),160,制度・役職,対外関係;商業・流通・都市,,,1604,1604,,
糸割符仲間,糸(いと)割(わっ)符(ぷ)仲(なか)間(ま),160,組織・団体・政党,対外関係;商業・流通・都市,,,1604,1604,,
稲作,稲(いな)作(さく),13,その他,農林漁業,,,,,縄文;弥生,
稲村三伯,稲(いな)村(むら)三(さん)伯(ぱく),198,人物,思想・学問,日本,学者・思想家,1796,1796,,
稲荷山古墳出土鉄剣銘文,稲(いな)荷(り)山(やま)古(こ)墳(ふん)出(しゅつ)土(ど)鉄(てっ)剣(けん)銘(めい)文(ぶん),21;27;31,書物・史料,考古,,,471,471,,
犬追物,犬(いぬ)追(おう)物(もの),98,その他,戦争・軍事;生活・風俗,,,,,鎌倉,
犬養毅,犬(いぬ)養(かい)毅(つよし),267;306,人物,政治・政策,日本,政治家,1890,1932,,
犬上御田鍬,犬(いぬ)上(かみの)御(み)田(た)鍬(すき),34,人物,対外関係,日本,公家・貴族,614,630,,
犬筑波集,犬(いぬ)筑(つ)波(くば)集(しゅう),130,書物・史料,文学,,,1530,1540,,
井上馨,井(いの)上(うえ)馨(かおる),224;251;256,人物,政治・政策;対外関係,日本,政治家,1863,1915,,
井上毅,井(いの)上(うえ)毅(こわし),252,人物,法制・制度,日本,政治家,1880,1895,,
井上準之助,井(いの)上(うえ)準(じゅん)之(の)助(すけ),303,人物,貨幣・金融;政治・政策,日本,政治家,1929,1932,,
井上日召,井(いの)上(うえ)日(にっ)召(しょう),306,人物,政変・事件・反乱,日本,僧侶・宗教家,1932,1932,,
伊能忠敬,伊(い)能(のう)忠(ただ)敬(たか),215,人物,思想・学問,日本,学者・思想家,1800,1818,,
井原西鶴,井(い)原(はら)西(さい)鶴(かく),151;188,人物,文学,日本,文学者,1682,1693,,
今井宗久,今(いま)井(い)宗(そう)久(きゅう),148,人物,商業・流通・都市;芸能,日本,実業家,1568,1593,,
今鏡,今(いま)鏡(かがみ),83,書物・史料,文学,,,1170,1170,,
今川義元,今(いま)川(がわ)義(よし)元(もと),140,人物,戦争・軍事,日本,武家,1536,1560,,
今川了俊（貞世）,今(いま)川(がわ)了(りょう)俊(しゅん)（貞(さだ)世(よ)）,114,人物,政治・政策;戦争・軍事,日本,武家,1371,1395,,
今様,今(いま)様(よう),83,文化・流派,芸能,,,1150,1200,,
斎蔵,斎(いみ)蔵(くら),33,制度・役職,政治・政策,,,,,古墳,
壱与,壱(い)与(よ),18,人物,対外関係,日本,その他,266,266,,
入浜塩田,入(いり)浜(はま)塩(えん)田(でん),181,その他,産業・工業,,,,,江戸,
色絵,色(いろ)絵(え),191,文化・流派,美術・建築,,,1650,1700,,
磐井の乱,磐(いわ)井(い)の乱(らん),21;32,事件・戦争・乱,政変・事件・反乱,,,527,528,,
岩倉使節団,岩(いわ)倉(くら)使(し)節(せつ)団(だん),237;244,組織・団体・政党,対外関係,,,1871,1873,,
岩倉具視,岩(いわ)倉(くら)具(とも)視(み),227,人物,政治・政策,日本,公家・貴族;政治家,1862,1883,,
岩崎弥太郎,岩(いわ)崎(さき)弥(や)太(た)郎(ろう),241,人物,産業・工業,日本,実業家,1870,1885,,
石清水八幡宮,石(いわ)清(し)水(みず)八(はち)幡(まん)宮(ぐう),124,寺社・遺跡・場所,神道;商業・流通・都市,,,,,平安;室町,
岩宿遺跡,岩(いわ)宿(じゅく)遺(い)跡(せき),8,寺社・遺跡・場所,考古,,,,,旧石器,
岩戸景気,岩(いわ)戸(と)景(けい)気(き),346,その他,産業・工業,,,1958,1961,,
磐舟柵,磐(いわ)舟(ふねの)柵(さく),44,寺社・遺跡・場所,北方・アイヌ,,,648,648,,
石見銀山,石(いわ)見(み)銀(ぎん)山(ざん),138,寺社・遺跡・場所,産業・工業;対外関係,,,1526,1700,,
院,院(いん),77,制度・役職,政治・政策,,,1086,1185,,
院宮王臣家,院(いん)宮(ぐう)王(おう)臣(しん)家(け),58,その他,身分・社会構造;土地・税制,,,800,900,,
隠元隆琦,隠(いん)元(げん)隆(りゅう)琦(き),160,人物,仏教,中国,僧侶・宗教家;来日外国人,1654,1673,,
院政,院(いん)政(せい),78;95,制度・役職,政治・政策,,,1086,1192,,
院宣,院(いん)宣(ぜん),78,制度・役職,政治・政策,,,1086,1300,,
院展,院(いん)展(てん),299,その他,美術・建築,,,1914,1914,,
院近臣,院(いんの)近(きん)臣(しん),80,制度・役職,政治・政策,,,1086,1185,,
院庁,院(いんの)庁(ちょう),77,制度・役職,政治・政策,,,1086,1185,,
院庁下文,院(いんの)庁(ちょう)下(くだし)文(ぶみ),78,書物・史料,政治・政策,,,1086,1185,,
院評定衆,院(いんの)評(ひょう)定(じょう)衆(しゅう),97,制度・役職,政治・政策,,,1246,1272,,
印旛沼干拓,印(いん)旛(ば)沼(ぬま)干(かん)拓(たく),197;210,法令・政策,農林漁業;政治・政策,,,1782,1843,,田沼時代と天保の改革の2回
院分国,院(いん)分(ぶん)国(こく),79,制度・役職,土地・税制,,,1086,1185,,
陰陽五行説,陰(いん)陽(よう)五(ご)行(ぎょう)説(せつ),67,文化・流派,思想・学問,,,,,飛鳥;奈良;平安,
ヴァリニャーノ,ヴァリニャーノ,149,人物,キリスト教,イタリア,僧侶・宗教家;来日外国人,1579,1590,,
ウィッテ,ウィッテ,263,人物,対外関係,ロシア・ソ連,政治家,1905,1905,,
ウィリアム＝アダムズ,ウィリアム＝アダムズ,160,人物,対外関係,イギリス,来日外国人,1600,1620,,
右院,右(う)院(いん),237,制度・役職,法制・制度,,,1871,1877,,
植木枝盛,植(うえ)木(き)枝(え)盛(もり),249,人物,社会運動;法制・制度,日本,社会運動家,1880,1890,,
上杉景勝,上(うえ)杉(すぎ)景(かげ)勝(かつ),154,人物,戦争・軍事,日本,武家,1590,1600,,
上杉謙信,上(うえ)杉(すぎ)謙(けん)信(しん),133,人物,戦争・軍事,日本,武家,1550,1578,,
上杉慎吉,上(うえ)杉(すぎ)慎(しん)吉(きち),309,人物,思想・学問;法制・制度,日本,学者・思想家,1912,1929,,
上杉憲実,上(うえ)杉(すぎ)憲(のり)実(ざね),131,人物,教育;政治・政策,日本,武家,1419,1449,,
上杉治憲,上(うえ)杉(すぎ)治(はる)憲(のり),206,人物,政治・政策,日本,武家,1767,1822,,上杉鷹山
上田秋成,上(うえ)田(だ)秋(あき)成(なり),201,人物,文学,日本,文学者,1768,1809,,
上原勇作,上(うえ)原(はら)勇(ゆう)作(さく),267,人物,戦争・軍事,日本,軍人,1912,1912,,
ヴェルサイユ条約,ヴェルサイユ条(じょう)約(やく),272,条約・協定・会議,条約・会議;対外関係,,,1919,1919,,
ヴェルサイユ体制,ヴェルサイユ体(たい)制(せい),272;311,その他,対外関係,,,1919,1936,,
宇垣一成,宇(う)垣(がき)一(かず)成(しげ),310,人物,戦争・軍事;政治・政策,日本,軍人,1924,1937,,
浮雲,浮(うき)雲(ぐも),290,書物・史料,文学,,,1887,1889,,
右京職,右(う)京(きょう)職(しき),39,制度・役職,法制・制度,,,,,奈良;平安,
浮世絵,浮(うき)世(よ)絵(え),191;202,文化・流派,美術・建築,,,1680,1850,,
浮世草子,浮(うき)世(よ)草(ぞう)子(し),188,文化・流派,文学,,,1682,1750,,
宇佐神宮,宇(う)佐(さ)神(じん)宮(ぐう),47,寺社・遺跡・場所,神道,,,769,769,,
氏,氏(うじ),31,制度・役職,身分・社会構造,,,,,古墳,
氏上,氏(うじの)上(かみ),38,制度・役職,身分・社会構造,,,664,664,,
氏長者,氏(うじの)長(ちょう)者(じゃ),63,制度・役職,身分・社会構造,,,,,平安,
歌川国芳,歌(うた)川(がわ)国(くに)芳(よし),217,人物,美術・建築,日本,芸術家,1827,1861,,
宇田川玄随,宇(う)田(だ)川(がわ)玄(げん)随(ずい),198,人物,思想・学問,日本,学者・思想家,1793,1797,,
歌川広重,歌(うた)川(がわ)広(ひろ)重(しげ),217,人物,美術・建築,日本,芸術家,1833,1858,,
唄浄瑠璃,唄(うた)浄(じょう)瑠(る)璃(り),202,文化・流派,芸能,,,,,江戸,
宇多天皇,宇(う)多(だ)天(てん)皇(のう),62,人物,政治・政策,日本,天皇・皇族,887,897,,
打ちこわし,打(う)ちこわし,196,事件・戦争・乱,一揆・打ちこわし,,,,,江戸,
内臣,内(うちつ)臣(おみ),37,制度・役職,政治・政策,,,645,645,,
内蔵,内(うち)蔵(くら),33,制度・役職,政治・政策,,,,,古墳,
内村鑑三,内(うち)村(むら)鑑(かん)三(ぞう),262;289,人物,キリスト教;思想・学問,日本,学者・思想家,1891,1930,,
内村鑑三不敬事件,内(うち)村(むら)鑑(かん)三(ぞう)不(ふ)敬(けい)事(じ)件(けん),290,事件・戦争・乱,キリスト教;教育,,,1891,1891,,
有徳人,有(う)徳(とく)人(にん),102,その他,身分・社会構造;商業・流通・都市,,,,,鎌倉;室町,
宇野宗佑,宇(う)野(の)宗(そう)佑(すけ),360,人物,政治・政策,日本,政治家,1989,1989,,
駅家,駅家(うまや),44,制度・役職,商業・流通・都市,,,,,奈良,
厩戸王,厩(うまや)戸(と)王(おう),33,人物,政治・政策;仏教,日本,天皇・皇族,593,622,,聖徳太子のこと
梅原龍三郎,梅(うめ)原(はら)龍(りゅう)三(ざぶ)郎(ろう),299,人物,美術・建築,日本,芸術家,1914,1950,,
浦上教徒弾圧事件,浦(うら)上(かみ)教(きょう)徒(と)弾(だん)圧(あつ)事(じ)件(けん),243,事件・戦争・乱,キリスト教,,,1867,1873,,
盂蘭盆会,盂(う)蘭(ら)盆(ぼん)会(え),67,その他,仏教;生活・風俗,,,,,飛鳥;奈良;平安,
上絵付,上(うわ)絵(え)付(つけ),166,文化・流派,美術・建築,,,1640,1680,,
運脚,運(うん)脚(きゃく),41,制度・役職,土地・税制,,,,,奈良,
運慶,運(うん)慶(けい),108,人物,美術・建築;仏教,日本,芸術家,1180,1223,,
運上,運(うん)上(じょう),197,制度・役職,土地・税制;商業・流通・都市,,,,,江戸,
芸亭,芸(うん)亭(てい),51,寺社・遺跡・場所,教育;思想・学問,,,770,781,,
永享の乱,永(えい)享(きょう)の乱(らん),120,事件・戦争・乱,政変・事件・反乱,,,1438,1439,,
栄西,栄(えい)西(さい),106,人物,仏教,日本,僧侶・宗教家,1191,1215,,
叡尊,叡(えい)尊(そん),106,人物,仏教,日本,僧侶・宗教家,1240,1290,,
永仁の徳政令,永(えい)仁(にん)の徳(とく)政(せい)令(れい),103,法令・政策,政治・政策;身分・社会構造,,,1297,1297,,
永平寺,永(えい)平(へい)寺(じ),131,寺社・遺跡・場所,仏教,,,1244,1244,,
永楽通宝,永(えい)楽(らく)通(つう)宝(ほう),124,その他,貨幣・金融;対外関係,,,1411,1600,,
ええじゃないか,ええじゃないか,230,事件・戦争・乱,生活・風俗;一揆・打ちこわし,,,1867,1867,,
江川太郎左衛門,江(え)川(がわ)太(た)郎(ろう)左(ざ)衛(え)門(もん),213,人物,戦争・軍事;産業・工業,日本,武家,1840,1855,,江川英龍
駅制,駅(えき)制(せい),44,制度・役職,商業・流通・都市,,,,,奈良,
会合衆,会(え)合(ごう)衆(しゅう),136,組織・団体・政党,商業・流通・都市,,,1500,1569,,かいごうしゅう とも読む
江崎玲於奈,江(え)崎(さき)玲(れ)於(お)奈(な),351,人物,思想・学問,日本,学者・思想家,1973,1973,,
衛士,衛(え)士(じ),41,制度・役職,戦争・軍事,,,,,奈良,
蝦夷ヶ島,蝦(え)夷(ぞ)ヶ(が)島(しま),101;118,国・地域・王朝,北方・アイヌ,,,,,鎌倉;室町,
えた,えた,168,その他,身分・社会構造,,,,,江戸,
江田船山古墳出土鉄刀銘,江(え)田(た)船(ふな)山(やま)古(こ)墳(ふん)出(しゅつ)土(ど)鉄(てっ)刀(とう)銘(めい),21;31,書物・史料,考古,,,471,480,,
江戸,江(え)戸(ど),154;185,寺社・遺跡・場所,商業・流通・都市,,,1590,1867,,
江藤新平,江(え)藤(とう)新(しん)平(ぺい),246,人物,政治・政策;政変・事件・反乱,日本,政治家,1868,1874,,
江戸川乱歩,江(え)戸(ど)川(がわ)乱(らん)歩(ぽ),298,人物,文学,日本,文学者,1923,1950,,
江戸町会所,江(え)戸(ど)町(まち)会(かい)所(しょ),204,制度・役職,商業・流通・都市;政治・政策,,,1791,1791,,
エネルギー革命,エネルギー革(かく)命(めい),347,その他,産業・工業,,,1955,1970,,
榎本武揚,榎(えの)本(もと)武(たけ)揚(あき),228,人物,戦争・軍事;政治・政策,日本,武家;政治家,1868,1869,,
ABCD包囲陣,ABCD包(ほう)囲(い)陣(じん),318,その他,対外関係;戦争・軍事,,,1941,1941,,
海老名弾正,海(え)老(び)名(な)弾(だん)正(じょう),289,人物,キリスト教,日本,僧侶・宗教家,1880,1920,,
絵踏,絵(え)踏(ぶみ),159,制度・役職,キリスト教,,,1629,1857,,
江馬細香,江(え)馬(ま)細(さい)香(こう),217,人物,美術・建築;女性,日本,芸術家,1810,1861,,
蝦夷,蝦夷(えみし),44,その他,北方・アイヌ,,,,,飛鳥;奈良;平安,
恵美押勝の乱,恵(え)美(みの)押(おし)勝(かつ)の乱(らん),47,事件・戦争・乱,政変・事件・反乱,,,764,764,,
MSA協定,MSA協(きょう)定(てい),340,条約・協定・会議,対外関係;戦争・軍事,,,1954,1954,,
撰銭,撰(えり)銭(ぜに),124,その他,貨幣・金融,,,,,室町;戦国,
撰銭令,撰(えり)銭(ぜに)令(れい),124,法令・政策,貨幣・金融,,,1500,1569,,
LT貿易,LT貿(ぼう)易(えき),343,その他,対外関係;商業・流通・都市,,,1962,1962,,
円覚寺舎利殿,円(えん)覚(がく)寺(じ)舎(しゃ)利(り)殿(でん),108,作品,美術・建築;仏教,,,1285,1400,,
延喜格式,延(えん)喜(ぎ)格(きゃく)式(しき),57;63,法令・政策,法制・制度,,,907,967,,
延喜・天暦の治,延(えん)喜(ぎ)・天(てん)暦(りゃく)の治(ち),63,その他,政治・政策,,,897,967,,
延喜の荘園整理令,延(えん)喜(ぎ)の荘(しょう)園(えん)整(せい)理(り)令(れい),62;69,法令・政策,土地・税制,,,902,902,,
延久の荘園整理令,延(えん)久(きゅう)の荘(しょう)園(えん)整(せい)理(り)令(れい),76,法令・政策,土地・税制,,,1069,1069,,
猿人,猿(えん)人(じん),6,その他,考古,,,,,旧石器,
円・銭・厘,円(えん)・銭(せん)・厘(りん),241,制度・役職,貨幣・金融,,,1871,1871,,
円タク,円(えん)タク,296,その他,生活・風俗,,,1924,1935,,
円珍,円(えん)珍(ちん),59,人物,仏教,日本,僧侶・宗教家,853,891,,
円筒埴輪,円(えん)筒(とう)埴(はに)輪(わ),25,その他,考古;美術・建築,,,,,古墳,
縁日,縁(えん)日(にち),218,その他,生活・風俗,,,,,江戸,
円仁,円(えん)仁(にん),59,人物,仏教,日本,僧侶・宗教家,838,864,,
円ブロック,円(えん)ブロック,316,その他,貨幣・金融;対外関係,,,1932,1945,,
円墳,円(えん)墳(ぷん),24,その他,考古,,,,,古墳,
塩浦,塩(えん)浦(ぽ),117,寺社・遺跡・場所,対外関係,,,1426,1510,,
円本,円(えん)本(ぽん),297,その他,文学;生活・風俗,,,1926,1930,,
延暦寺,延(えん)暦(りゃく)寺(じ),59,寺社・遺跡・場所,仏教,,,788,788,,
延暦寺焼討ち,延(えん)暦(りゃく)寺(じ)焼(やき)討(う)ち,141,事件・戦争・乱,戦争・軍事;仏教,,,1571,1571,,
応安新式,応(おう)安(あん)新(しん)式(しき),130,書物・史料,文学,,,1372,1372,,
奥羽越列藩同盟,奥(おう)羽(う)越(えつ)列(れっ)藩(ぱん)同(どう)盟(めい),228,組織・団体・政党,戦争・軍事,,,1868,1868,,
応永の外寇,応(おう)永(えい)の外(がい)寇(こう),117,事件・戦争・乱,対外関係;戦争・軍事,,,1419,1419,,
応永の乱,応(おう)永(えい)の乱(らん),115,事件・戦争・乱,政変・事件・反乱,,,1399,1399,,
奥州道中,奥(おう)州(しゅう)道(どう)中(ちゅう),182,寺社・遺跡・場所,商業・流通・都市,,,,,江戸,
奥州藤原氏,奥(おう)州(しゅう)藤(ふじ)原(わら)氏(し),80;92,人物,北方・アイヌ;政治・政策,日本,武家,1087,1189,,
往生伝,往(おう)生(じょう)伝(でん),67,書物・史料,仏教,,,,,平安,
往生要集,往(おう)生(じょう)要(よう)集(しゅう),66,書物・史料,仏教,,,985,985,,
王政復古の大号令,王(おう)政(せい)復(ふっ)古(こ)の大(だい)号(ごう)令(れい),227,法令・政策,政治・政策,,,1867,1867,,
汪兆銘,汪(おう)兆(ちょう)銘(めい),312,人物,対外関係,中国,政治家,1938,1944,,
応天門の変,応(おう)天(てん)門(もん)の変(へん),62;85,事件・戦争・乱,政変・事件・反乱,,,866,866,,
応仁の乱,応(おう)仁(にん)の乱(らん),122,事件・戦争・乱,戦争・軍事;政変・事件・反乱,,,1467,1477,,
黄檗宗,黄(おう)檗(ばく)宗(しゅう),160,文化・流派,仏教,,,1654,1654,,
淡海三船,淡(おう)海(みの)三(み)船(ふね),51,人物,文学,日本,公家・貴族,751,785,,
近江令,近(おう)江(み)令(りょう),38,法令・政策,法制・制度,,,668,668,,
押領使,押(おう)領(りょう)使(し),71,制度・役職,戦争・軍事,,,,,平安,
大海人皇子,大(おお)海(あ)人(まの)皇(おう)子(じ),38,人物,政変・事件・反乱,日本,天皇・皇族,671,673,,天武天皇
大井憲太郎,大(おお)井(い)憲(けん)太(た)郎(ろう),250,人物,社会運動,日本,社会運動家,1874,1892,,
大内兵衛,大(おお)内(うち)兵(ひょう)衛(え),315;336,人物,思想・学問;社会運動,日本,学者・思想家,1937,1950,,
大内義弘,大(おお)内(うち)義(よし)弘(ひろ),115,人物,戦争・軍事,日本,武家,1380,1399,,
大江健三郎,大(おお)江(え)健(けん)三(ざぶ)郎(ろう),350,人物,文学,日本,文学者,1958,1994,,
大江広元,大(おお)江(えの)広(ひろ)元(もと),91,人物,政治・政策,日本,公家・貴族,1184,1225,,
大江匡房,大(おお)江(えの)匡(まさ)房(ふさ),76,人物,政治・政策;思想・学問,日本,公家・貴族,1069,1111,,
大岡忠相,大(おお)岡(おか)忠(ただ)相(すけ),192;193,人物,政治・政策,日本,武家,1717,1751,,
大臣,大(おお)臣(おみ),31,制度・役職,政治・政策,,,,,古墳,
大鏡,大(おお)鏡(かがみ),83,書物・史料,文学,,,1100,1125,,
大川周明,大(おお)川(かわ)周(しゅう)明(めい),273,人物,思想・学問;政変・事件・反乱,日本,学者・思想家,1919,1932,,
大木喬任,大(おお)木(き)喬(たか)任(とう),237,人物,教育;政治・政策,日本,政治家,1871,1873,,
大君,大(おお)君(きみ),26,制度・役職,政治・政策,,,,,古墳,
大久保利通,大(おお)久(く)保(ぼ)利(とし)通(みち),226,人物,政治・政策,日本,政治家,1862,1878,,
大隈重信,大(おお)隈(くま)重(しげ)信(のぶ),248;256;260;268;290,人物,政治・政策;教育,日本,政治家,1869,1916,,
大蔵,大(おお)蔵(くら),33,制度・役職,政治・政策,,,,,古墳,
大蔵永常,大(おお)蔵(くら)永(なが)常(つね),180,人物,農林漁業,日本,学者・思想家,1800,1859,,
大御所（前将軍）,大(おお)御(ご)所(しょ)（前(ぜん)将(しょう)軍(ぐん)）,155;208,制度・役職,政治・政策,,,1605,1841,,
大御所政治,大(おお)御(ご)所(しょ)政(せい)治(じ),208,その他,政治・政策,,,1793,1841,,
大阪会議,大(おお)阪(さか)会(かい)議(ぎ),247,条約・協定・会議,政治・政策,,,1875,1875,,
大阪事件,大(おお)阪(さか)事(じ)件(けん),250,事件・戦争・乱,社会運動;政変・事件・反乱,,,1885,1885,,
大坂城,大(おお)坂(さか)城(じょう),142,寺社・遺跡・場所,美術・建築;政治・政策,,,1583,1615,,
大坂の陣,大(おお)坂(さか)の陣(じん),155,事件・戦争・乱,戦争・軍事,,,1614,1615,,
大阪万博,大(おお)阪(さか)万(ばん)博(ぱく),351,その他,生活・風俗,,,1970,1970,,
大阪紡績会社,大(おお)阪(さか)紡(ぼう)績(せき)会(がい)社(しゃ),281,組織・団体・政党,産業・工業,,,1882,1883,,
大阪砲兵工廠,大(おお)阪(さか)砲(ほう)兵(へい)工(こう)廠(しょう),240,組織・団体・政党,産業・工業;戦争・軍事,,,1870,1870,,
大塩の乱,大(おお)塩(しお)の乱(らん),209,事件・戦争・乱,政変・事件・反乱;一揆・打ちこわし,,,1837,1837,,
大塩平八郎,大(おお)塩(しお)平(へい)八(はち)郎(ろう),209,人物,政変・事件・反乱;思想・学問,日本,学者・思想家,1830,1837,,
大新聞,大(おお)新(しん)聞(ぶん),251,その他,文学;生活・風俗,,,1874,1890,,
大杉栄,大(おお)杉(すぎ)栄(さかえ),276,人物,社会運動;労働運動,日本,社会運動家,1906,1923,,
大田南畝,大(おお)田(た)南(なん)畝(ぽ),201,人物,文学,日本,文学者,1767,1823,,
大田文,大(おお)田(た)文(ぶみ),79;93,書物・史料,土地・税制,,,1150,1333,,要確認：ページが「93，79」と読める
大塚久雄,大(おお)塚(つか)久(ひさ)雄(お),337,人物,思想・学問,日本,学者・思想家,1945,1965,,
大槻玄沢,大(おお)槻(つき)玄(げん)沢(たく),198,人物,思想・学問,日本,学者・思想家,1786,1827,,
大津事件,大(おお)津(つ)事(じ)件(けん),257,事件・戦争・乱,対外関係;法制・制度,,,1891,1891,,
大津皇子,大(おお)津(つの)皇(み)子(こ),51,人物,文学,日本,天皇・皇族,680,686,,
大津宮,大(おお)津(つの)宮(みや),38,寺社・遺跡・場所,政治・政策,,,667,672,,
大伴旅人,大(おお)伴(ともの)旅(たび)人(と),51,人物,文学,日本,公家・貴族,720,731,,
大友皇子,大(おお)友(ともの)皇(おう)子(じ),38,人物,政変・事件・反乱,日本,天皇・皇族,671,672,,
大友義鎮（宗麟）,大(おお)友(とも)義(よし)鎮(しげ)（宗(そう)麟(りん)）,139,人物,キリスト教,日本,武家,1550,1587,,
太安万侶（安麻呂）,太(おおの)安(やす)万(ま)侶(ろ)（安(やす)麻(ま)呂(ろ)）,51,人物,文学;思想・学問,日本,公家・貴族,712,723,,
大祓,大(おお)祓(はらえ),69,その他,神道,,,,,平安,要確認：用語名が読み取りにくい
大原幽学,大(おお)原(はら)幽(ゆう)学(がく),211,人物,農林漁業;思想・学問,日本,学者・思想家,1838,1858,,
大平正芳,大(おお)平(ひら)正(まさ)芳(よし),355,人物,政治・政策,日本,政治家,1978,1980,,
大峰山,大(おお)峰(みね)山(さん),60,寺社・遺跡・場所,仏教,,,,,平安,
大神神社,大(おお)神(みわ)神(じん)社(じゃ),30,寺社・遺跡・場所,神道,,,,,古墳,
大連,大(おお)連(むらじ),31,制度・役職,政治・政策,,,,,古墳,
大村純忠,大(おお)村(むら)純(すみ)忠(ただ),139;145;149,人物,キリスト教,日本,武家,1563,1587,,
大村益次郎,大(おお)村(むら)益(ます)次(じ)郎(ろう),227;238,人物,戦争・軍事,日本,軍人,1866,1869,,
大目付,大(おお)目(め)付(つけ),156,制度・役職,政治・政策,,,1632,1867,,
大森貝塚,大(おお)森(もり)貝(かい)塚(づか),10,寺社・遺跡・場所,考古,,,,,縄文,
大山崎油神人,大(おお)山(やま)崎(ざき)油(あぶら)神(じ)人(にん),124,組織・団体・政党,商業・流通・都市,,,,,室町,
大輪田泊,大(おお)輪(わ)田(だの)泊(とまり),83,寺社・遺跡・場所,対外関係;商業・流通・都市,,,1173,1173,,
岡倉天心,岡(おか)倉(くら)天(てん)心(しん),292,人物,美術・建築;思想・学問,日本,学者・思想家,1887,1913,,
御蔭参り,御(お)蔭(かげ)参(まい)り,230,その他,生活・風俗;神道,,,,,江戸,
小笠原諸島,小(お)笠(がさ)原(わら)諸(しょ)島(とう),246,国・地域・王朝,対外関係,,,1876,1876,,
岡田寒泉,岡(おか)田(だ)寒(かん)泉(せん),205,人物,思想・学問,日本,学者・思想家,1789,1794,,
岡田啓介,岡(おか)田(だ)啓(けい)介(すけ),309,人物,政治・政策,日本,政治家;軍人,1934,1936,,
尾形乾山,尾(お)形(がた)乾(けん)山(ざん),191,人物,美術・建築,日本,芸術家,1699,1743,,
緒方洪庵,緒(お)方(がた)洪(こう)庵(あん),215,人物,思想・学問;教育,日本,学者・思想家,1838,1863,,
尾形光琳,尾(お)形(がた)光(こう)琳(りん),190,人物,美術・建築,日本,芸術家,1690,1716,,
岡田山1号墳出土大刀,岡(おか)田(だ)山(やま)1号(ごう)墳(ふん)出(しゅつ)土(ど)大(た)刀(ち),31,書物・史料,考古,,,,,古墳,
沖縄県,沖(おき)縄(なわ)県(けん),245,国・地域・王朝,琉球・沖縄,,,1879,1879,,
沖縄戦,沖(おき)縄(なわ)戦(せん),323,事件・戦争・乱,戦争・軍事;琉球・沖縄,,,1945,1945,,
沖縄の日本復帰,沖(おき)縄(なわ)の日(に)本(ほん)復(ふっ)帰(き),344,事件・戦争・乱,琉球・沖縄;対外関係,,,1972,1972,,
沖縄返還協定,沖(おき)縄(なわ)返(へん)還(かん)協(きょう)定(てい),344,条約・協定・会議,琉球・沖縄;条約・会議,,,1971,1971,,
沖ノ島,沖(おき)ノ島(しま),30,寺社・遺跡・場所,神道;考古,,,,,古墳,
荻生徂徠,荻生(おぎゅう)徂(そ)徠(らい),189,人物,思想・学問;政治・政策,日本,学者・思想家,1709,1728,,
荻原重秀,荻(おぎ)原(わら)重(しげ)秀(ひで),178,人物,貨幣・金融;政治・政策,日本,武家,1695,1712,,
荻原守衛,荻(おぎ)原(わら)守(もり)衛(え),293,人物,美術・建築,日本,芸術家,1907,1910,,
阿国歌舞伎,阿(お)国(くに)歌(か)舞(ぶ)伎(き),148,文化・流派,芸能,,,1603,1629,,
奥の細道,奥(おく)の細(ほそ)道(みち),188,書物・史料,文学,,,1689,1702,,
桶狭間の戦い,桶(おけ)狭(はざ)間(ま)の戦(たたか)い,140,事件・戦争・乱,戦争・軍事,,,1560,1560,,
おこぜ組,おこぜ組(ぐみ),213,組織・団体・政党,政治・政策,,,1840,1845,,
刑部親王,刑(おさ)部(かべ)親(しん)王(のう),39,人物,法制・制度,日本,天皇・皇族,701,705,,
尾崎紅葉,尾(お)崎(ざき)紅(こう)葉(よう),291,人物,文学,日本,文学者,1885,1903,,
尾崎行雄,尾(お)崎(ざき)行(ゆき)雄(お),260;267,人物,政治・政策,日本,政治家,1890,1940,,
小山内薫,小(お)山(さ)内(ない)薫(かおる),291;299,人物,芸能,日本,芸術家,1909,1928,,
大佛次郎,大(おさ)佛(らぎ)次(じ)郎(ろう),298,人物,文学,日本,文学者,1924,1970,,
織田信雄,織(お)田(だ)信(のぶ)雄(かつ),142,人物,戦争・軍事,日本,武家,1582,1590,,
織田信長,織(お)田(だ)信(のぶ)長(なが),140,人物,政治・政策;戦争・軍事,日本,武家,1560,1582,,
御伽草子,御(お)伽(とぎ)草(ぞう)子(し),130,書物・史料,文学,,,,,室町,
おとな（長・乙名）,おとな（長(おとな)・乙(おと)名(な)）,119,制度・役職,身分・社会構造,,,,,室町,
踊念仏,踊(おどり)念(ねん)仏(ぶつ),105,文化・流派,仏教;芸能,,,1274,1289,,
尾上菊五郎（5代目）,尾(お)上(のえ)菊(きく)五(ご)郎(ろう)（5代(だい)目(め)）,291,人物,芸能,日本,芸術家,1868,1903,,
小野妹子,小(お)野(のの)妹(いも)子(こ),34,人物,対外関係,日本,公家・貴族,607,608,,
小野篁,小(お)野(のの)篁(たかむら),59,人物,文学,日本,公家・貴族,830,852,,
小野道風,小(お)野(のの)道(とう)風(ふう),67,人物,美術・建築,日本,芸術家,920,966,,
大原女,大(おお)原(はら)女(め),124,その他,商業・流通・都市;女性,,,,,室町,
小渕恵三,小(お)渕(ぶち)恵(けい)三(ぞう),361,人物,政治・政策,日本,政治家,1998,2000,,
御文,御(お)文(ふみ),132,書物・史料,仏教,,,1471,1499,,
御触書寛保集成,御(お)触(ふれ)書(がき)寛(かん)保(ぽう)集(しゅう)成(せい),194,書物・史料,法制・制度,,,1744,1744,,
オホーツク文化,オホーツク文(ぶん)化(か),13;101,文化・流派,北方・アイヌ;考古,,,,,弥生;古墳;飛鳥;奈良;平安,
臣,臣(おみ),31,制度・役職,身分・社会構造,,,,,古墳,
お雇い外国人,お雇(やと)い外(がい)国(こく)人(じん),240,その他,産業・工業;教育,,,1868,1900,,
オランダ風説書,オランダ風(ふう)説(せつ)書(がき),162,書物・史料,対外関係,,,1641,1857,,
卸売市場,卸(おろし)売(うり)市(し)場(じょう),187,その他,商業・流通・都市,,,,,江戸,
尾張国郡司百姓等解,尾(お)張(わりの)国(くに)郡(ぐん)司(じ)百(ひゃく)姓(せい)等(ら)解(げ),71,書物・史料,政治・政策;身分・社会構造,,,988,988,,
蔭位の制,蔭(おん)位(い)の制(せい),40,制度・役職,身分・社会構造,,,,,奈良,
遠国奉行,遠(おん)国(ごく)奉(ぶ)行(ぎょう),157,制度・役職,政治・政策,,,,,江戸,
園城寺,園(おん)城(じょう)寺(じ),60,寺社・遺跡・場所,仏教,,,,,平安,
女歌舞伎,女(おんな)歌(か)舞(ぶ)伎(き),148,文化・流派,芸能;女性,,,1603,1629,,
陰陽道,陰(おん)陽(みょう)道(どう),67,文化・流派,思想・学問,,,,,平安,
海禁政策,海(かい)禁(きん)政(せい)策(さく),116;138,法令・政策,対外関係,,,1371,1567,,
快慶,快(かい)慶(けい),108,人物,美術・建築;仏教,日本,芸術家,1180,1227,,
会合衆,会(かい)合(ごう)衆(しゅう),136,組織・団体・政党,商業・流通・都市,,,1500,1569,,えごうしゅう とも読む
外国人教師,外(がい)国(こく)人(じん)教(きょう)師(し),240,その他,教育,,,1868,1900,,
海国兵談,海(かい)国(こく)兵(へい)談(だん),205,書物・史料,対外関係;思想・学問,,,1791,1791,,
海上警備隊,海(かい)上(じょう)警(けい)備(び)隊(たい),340,組織・団体・政党,戦争・軍事,,,1952,1954,,
改新の詔,改(かい)新(しん)の詔(みことのり),37,法令・政策,政治・政策;法制・制度,,,646,646,,
開成所,開(かい)成(せい)所(じょ),231;242,組織・団体・政党,教育;思想・学問,,,1863,1868,,
改正農地調整法,改(かい)正(せい)農(のう)地(ち)調(ちょう)整(せい)法(ほう),328,法令・政策,土地・税制;農民運動,,,1946,1946,,
改税約書,改(かい)税(ぜい)約(やく)書(しょ),226,条約・協定・会議,対外関係;条約・会議,,,1866,1866,,
外戚,外(がい)戚(せき),62;82,その他,政治・政策,,,,,平安,
海賊取締令,海(かい)賊(ぞく)取(とり)締(しまり)令(れい),117;145,法令・政策,対外関係,,,1588,1588,,
解体新書,解(かい)体(たい)新(しん)書(しょ),198,書物・史料,思想・学問,,,1774,1774,,
開拓使,開(かい)拓(たく)使(し),241,制度・役職,北方・アイヌ,,,1869,1882,,
開拓使官有物払下げ事件,開(かい)拓(たく)使(し)官(かん)有(ゆう)物(ぶつ)払(はらい)下(さ)げ事(じ)件(けん),248,事件・戦争・乱,政変・事件・反乱,,,1881,1881,,
買出し,買(かい)出(だ)し,331,その他,生活・風俗,,,1945,1949,,
開帳,開(かい)帳(ちょう),218,その他,仏教;生活・風俗,,,,,江戸,
貝塚,貝(かい)塚(づか),10,寺社・遺跡・場所,考古,,,,,縄文,
貝塚後期文化,貝(かい)塚(づか)後(こう)期(き)文(ぶん)化(か),13;101,文化・流派,琉球・沖縄;考古,,,,,弥生;古墳;飛鳥;奈良;平安,
回答兼刷還使,回(かい)答(とう)兼(けん)刷(さっ)還(かん)使(し),163,組織・団体・政党,対外関係,,,1607,1624,,
懐徳堂,懐(かい)徳(とく)堂(どう),200,組織・団体・政党,教育,,,1724,1869,,
海南学派,海(かい)南(なん)学(がく)派(は),188,文化・流派,思想・学問,,,,,江戸,
海舶互市新例,海(かい)舶(はく)互(ご)市(し)新(しん)例(れい),179,法令・政策,対外関係;貨幣・金融,,,1715,1715,,
開発領主,開(かい)発(はつ)領(りょう)主(しゅ),71,その他,土地・税制;身分・社会構造,,,,,平安,
貝原益軒,貝(かい)原(ばら)益(えき)軒(けん),189;201,人物,思想・学問,日本,学者・思想家,1670,1714,,
懐風藻,懐(かい)風(ふう)藻(そう),51,書物・史料,文学,,,751,751,,
海部俊樹,海(かい)部(ふ)俊(とし)樹(き),360,人物,政治・政策,日本,政治家,1989,1991,,
海北友松,海(かい)北(ほう)友(ゆう)松(しょう),147,人物,美術・建築,日本,芸術家,1580,1615,,
海保青陵,海(かい)保(ほ)青(せい)陵(りょう),214,人物,思想・学問,日本,学者・思想家,1790,1817,,
カイロ宣言,カイロ宣(せん)言(げん),323,条約・協定・会議,対外関係;戦争・軍事,,,1943,1943,,
臥雲辰致,臥(が)雲(うん)辰(とき)致(むね),281,人物,産業・工業,日本,実業家,1876,1900,,
価格等統制令,価(か)格(かく)等(とう)統(とう)制(せい)令(れい),314,法令・政策,商業・流通・都市;戦争・軍事,,,1939,1939,,
加賀の一向一揆,加(か)賀(が)の一(いっ)向(こう)一(いっ)揆(き),123,事件・戦争・乱,一揆・打ちこわし;仏教,,,1488,1580,,
香川景樹,香(か)川(がわ)景(かげ)樹(き),216,人物,文学,日本,文学者,1800,1843,,
賀川豊彦,賀(か)川(がわ)豊(とよ)彦(ひこ),288,人物,労働運動;農民運動;キリスト教,日本,社会運動家,1920,1930,,
蠣崎氏,蠣(かき)崎(ざき)氏(し),119;164,人物,北方・アイヌ,日本,武家,1457,1599,,
嘉吉の徳政一揆,嘉(か)吉(きつ)の徳(とく)政(せい)一(いっ)揆(き),121,事件・戦争・乱,一揆・打ちこわし,,,1441,1441,,
嘉吉の変,嘉(か)吉(きつ)の変(へん),120,事件・戦争・乱,政変・事件・反乱,,,1441,1441,,
柿本人麻呂,柿(かきの)本(もとの)人(ひと)麻(ま)呂(ろ),51,人物,文学,日本,文学者,686,707,,
部曲,部(かき)曲(べ),31,制度・役職,身分・社会構造,,,,,古墳,
学園紛争,学(がく)園(えん)紛(ふん)争(そう),350,事件・戦争・乱,社会運動;教育,,,1968,1970,,
核家族,核(かく)家(か)族(ぞく),349,その他,生活・風俗,,,1955,1975,,
学館院,学(がっ)館(かん)院(いん),59,組織・団体・政党,教育,,,847,847,,
革新倶楽部,革(かく)新(しん)倶(く)楽(ら)部(ぶ),277,組織・団体・政党,政治・政策,,,1922,1925,,
革新自治体,革(かく)新(しん)自(じ)治(ち)体(たい),352,その他,政治・政策,,,1967,1979,,
学制,学(がく)制(せい),237;242;289,法令・政策,教育,,,1872,1872,,
学童疎開,学(がく)童(どう)疎(そ)開(かい),322,その他,戦争・軍事;教育,,,1944,1945,,
学徒出陣,学(がく)徒(と)出(しゅつ)陣(じん),321,事件・戦争・乱,戦争・軍事;教育,,,1943,1943,,
核兵器拡散防止条約,核(かく)兵(へい)器(き)拡(かく)散(さん)防(ぼう)止(し)条(じょう)約(やく),339,条約・協定・会議,条約・会議;戦争・軍事,,,1968,1968,,
学問のすゝめ,学(がく)問(もん)のすゝめ,242,書物・史料,思想・学問;教育,,,1872,1876,,
掛屋,掛(かけ)屋(や),185,その他,商業・流通・都市;貨幣・金融,,,,,江戸,
勘解由使,勘(か)解(げ)由(ゆ)使(し),56,制度・役職,法制・制度,,,797,797,,
囲米,囲(かこい)米(まい),204,法令・政策,農林漁業;政治・政策,,,1789,1789,,
過去現在絵因果経,過(か)去(こ)現(げん)在(ざい)絵(え)因(いん)果(が)経(きょう),54,作品,美術・建築;仏教,,,,,奈良,
笠懸,笠(かさ)懸(がけ),98,その他,戦争・軍事;生活・風俗,,,,,鎌倉,
借上,借(かし)上(あげ),102,その他,貨幣・金融;商業・流通・都市,,,,,鎌倉,
加持祈禱,加(か)持(じ)祈(き)禱(とう),60,その他,仏教,,,,,平安,
鹿島屋,鹿(か)島(じま)屋(や),184,組織・団体・政党,商業・流通・都市,,,,,江戸,
梶原景時,梶(かじ)原(わら)景(かげ)時(とき),94,人物,政治・政策,日本,武家,1180,1200,,
家臣団,家(か)臣(しん)団(だん),134,その他,戦争・軍事;身分・社会構造,,,,,戦国,
佳人之奇遇,佳(か)人(じん)之(の)奇(き)遇(ぐう),290,書物・史料,文学,,,1885,1897,,
春日権現験記,春(かす)日(が)権(ごん)現(げん)験(げん)記(き),109,作品,美術・建築;神道,,,1309,1309,,
春日神社,春(かす)日(が)神(じん)社(じゃ),80,寺社・遺跡・場所,神道,,,,,平安,
嘉助騒動,嘉(か)助(すけ)騒(そう)動(どう),195,事件・戦争・乱,一揆・打ちこわし,,,1686,1686,,
和宮,和(かずの)宮(みや),224,人物,政治・政策;女性,日本,天皇・皇族,1861,1867,,
ガスパル＝ヴィレラ,ガスパル＝ヴィレラ,139,人物,キリスト教,ポルトガル・スペイン,僧侶・宗教家;来日外国人,1556,1570,,
化政文化,化(か)政(せい)文(ぶん)化(か),213,文化・流派,文学;美術・建築,,,1804,1830,,
過疎化,過(か)疎(そ)化(か),351,その他,生活・風俗,,,1960,1980,,
華族,華(か)族(ぞく),238,制度・役職,身分・社会構造,,,1869,1947,,
華族令,華(か)族(ぞく)令(れい),247,法令・政策,身分・社会構造,,,1884,1884,,
片岡健吉,片(かた)岡(おか)健(けん)吉(きち),252,人物,社会運動,日本,政治家,1877,1903,,
片かな,片(かた)かな,65,その他,文学,,,,,平安,
肩衣,肩(かた)衣(ぎぬ),148,その他,生活・風俗,,,,,安土桃山;江戸,
刀狩令,刀(かたな)狩(がり)令(れい),144,法令・政策,身分・社会構造,,,1588,1588,,
荷田春満,荷(か)田(だの)春(あず)満(まろ),199,人物,思想・学問,日本,学者・思想家,1700,1736,,
片山潜,片(かた)山(やま)潜(せん),287,人物,労働運動;社会運動,日本,社会運動家,1897,1914,,
片山哲,片(かた)山(やま)哲(てつ),332,人物,政治・政策,日本,政治家,1947,1948,,
月行事,月(がち)行(ぎょう)事(じ),136;171,制度・役職,商業・流通・都市,,,,,室町;戦国;江戸,
勝海舟（義邦）,勝(かつ)海(かい)舟(しゅう)（義(よし)邦(くに)）,228;231,人物,政治・政策;戦争・軍事,日本,武家,1860,1868,,
学校教育法,学(がっ)校(こう)教(きょう)育(いく)法(ほう),329,法令・政策,教育,,,1947,1947,,
学校令,学(がっ)校(こう)令(れい),289,法令・政策,教育,,,1886,1886,,
活字印刷術,活(かつ)字(じ)印(いん)刷(さつ)術(じゅつ),149,その他,文学;キリスト教,,,1590,1610,,
葛飾北斎,葛(かつ)飾(しか)北(ほく)斎(さい),217,人物,美術・建築,日本,芸術家,1800,1849,,
活動写真,活(かつ)動(どう)写(しゃ)真(しん),298,その他,芸能,,,1896,1930,,
桂川甫周,桂(かつら)川(がわ)甫(ほ)周(しゅう),206,人物,思想・学問,日本,学者・思想家,1774,1809,,
桂小五郎,桂(かつら)小(こ)五(ご)郎(ろう),227,人物,政治・政策,日本,政治家,1860,1868,,木戸孝允のこと
桂・タフト協定,桂(かつら)・タフト協(きょう)定(てい),263,条約・協定・会議,対外関係;植民地,,,1905,1905,,
桂太郎,桂(かつら)太(た)郎(ろう),261;265,人物,政治・政策,日本,政治家;軍人,1901,1913,,
桂女,桂(かつら)女(め),124,その他,商業・流通・都市;女性,,,,,室町,
桂離宮,桂(かつら)離(り)宮(きゅう),165,寺社・遺跡・場所,美術・建築,,,1615,1662,,
花伝書,花(か)伝(でん)書(しょ),127,書物・史料,芸能,,,1400,1418,,
花道,花(か)道(どう),129,文化・流派,芸能,,,,,室町,
加藤景正,加(か)藤(とう)景(かげ)正(まさ),109,人物,美術・建築,日本,芸術家,1223,1250,,
加藤高明,加(か)藤(とう)高(たか)明(あき),269;275;277,人物,政治・政策;対外関係,日本,政治家,1914,1926,,
加藤友三郎,加(か)藤(とう)友(とも)三(さぶ)郎(ろう),272,人物,政治・政策;戦争・軍事,日本,軍人;政治家,1921,1923,,
加藤弘之,加(か)藤(とう)弘(ひろ)之(ゆき),243,人物,思想・学問,日本,学者・思想家,1870,1900,,
家督,家(か)督(とく),97,その他,身分・社会構造,,,,,鎌倉,
過度経済力集中排除法,過(か)度(ど)経(けい)済(ざい)力(りょく)集(しゅう)中(ちゅう)排(はい)除(じょ)法(ほう),328;334,法令・政策,産業・工業,,,1947,1947,,
門田,門(かど)田(た),97,その他,土地・税制;農林漁業,,,,,鎌倉,
家内手工業,家(か)内(ない)手(しゅ)工(こう)業(ぎょう),174,その他,産業・工業,,,,,江戸,
仮名垣魯文,仮(か)名(な)垣(がき)魯(ろ)文(ぶん),290,人物,文学,日本,文学者,1860,1894,,
神奈川条約,神(か)奈(な)川(がわ)条(じょう)約(やく),221,条約・協定・会議,対外関係;条約・会議,,,1854,1854,,日米和親条約のこと
仮名草子,仮(か)名(な)草(ぞう)子(し),166,文化・流派,文学,,,1600,1680,,
かな文字,かな文(も)字(じ),65,その他,文学,,,,,平安,
金子堅太郎,金(かね)子(こ)堅(けん)太(た)郎(ろう),252,人物,法制・制度,日本,政治家,1886,1905,,
金沢実時,金(かね)沢(さわ)実(さね)時(とき),107,人物,教育;思想・学問,日本,武家,1260,1276,,
金沢文庫,金(かね)沢(さわ)文(ぶん)庫(こ),107,寺社・遺跡・場所,教育;思想・学問,,,1275,1275,,
懐良親王,懐(かね)良(よし)親(しん)王(のう),114,人物,政治・政策;対外関係,日本,天皇・皇族,1361,1383,,
狩野永徳,狩(か)野(のう)永(えい)徳(とく),147,人物,美術・建築,日本,芸術家,1566,1590,,
狩野山楽,狩(か)野(のう)山(さん)楽(らく),147,人物,美術・建築,日本,芸術家,1590,1635,,
狩野探幽,狩(か)野(のう)探(たん)幽(ゆう),165,人物,美術・建築,日本,芸術家,1617,1674,,
狩野派,狩(か)野(のう)派(は),128;147,文化・流派,美術・建築,,,1480,1700,,
狩野芳崖,狩(か)野(のう)芳(ほう)崖(がい),293,人物,美術・建築,日本,芸術家,1880,1888,,
加波山事件,加(か)波(ば)山(さん)事(じ)件(けん),250,事件・戦争・乱,社会運動;政変・事件・反乱,,,1884,1884,,
姓,姓(かばね),31,制度・役職,身分・社会構造,,,,,古墳,
樺山資紀,樺(かば)山(やま)資(すけ)紀(のり),259,人物,植民地;戦争・軍事,日本,軍人,1891,1896,,
歌舞伎,歌(か)舞(ぶ)伎(き),188,文化・流派,芸能,,,1603,1867,,
かぶき者,かぶき者(もの),148;176,その他,生活・風俗,,,1600,1680,,
株仲間,株(かぶ)仲(なか)間(ま),197,組織・団体・政党,商業・流通・都市,,,1721,1867,,
株仲間の解散,株(かぶ)仲(なか)間(ま)の解(かい)散(さん),210,法令・政策,商業・流通・都市,,,1841,1841,,
貨幣法,貨(か)幣(へい)法(ほう),281,法令・政策,貨幣・金融,,,1897,1897,,
家法,家(か)法(ほう),134,法令・政策,法制・制度,,,,,戦国,
華北分離工作,華(か)北(ほく)分(ぶん)離(り)工(こう)作(さく),311,事件・戦争・乱,対外関係;戦争・軍事,,,1935,1935,,
鎌倉,鎌(かま)倉(くら),91,寺社・遺跡・場所,政治・政策;商業・流通・都市,,,1180,1333,,
鎌倉公方,鎌(かま)倉(くら)公(く)方(ぼう),115,制度・役職,政治・政策,,,1349,1455,,
鎌倉将軍府,鎌(かま)倉(くら)将(しょう)軍(ぐん)府(ふ),111,制度・役職,政治・政策,,,1333,1335,,
鎌倉幕府,鎌(かま)倉(くら)幕(ばく)府(ふ),91,制度・役職,政治・政策,,,1185,1333,,
鎌倉番役,鎌(かま)倉(くら)番(ばん)役(やく),92,制度・役職,戦争・軍事,,,1185,1333,,
鎌倉府,鎌(かま)倉(くら)府(ふ),115,制度・役職,政治・政策,,,1349,1455,,
裃,裃(かみしも),148,その他,生活・風俗,,,,,江戸,
紙漉,紙(かみ)漉(すき),174,その他,産業・工業,,,,,江戸,
上之国,上(かみ)之(の)国(くに),119,寺社・遺跡・場所,北方・アイヌ,,,,,室町,
神屋宗湛,神(かみ)屋(や)宗(そう)湛(たん),144,人物,商業・流通・都市,日本,実業家,1580,1615,,
甕棺墓,甕(かめ)棺(かん)墓(ぼ),15,その他,考古,,,,,弥生,
亀山天皇,亀(かめ)山(やま)天(てん)皇(のう),110,人物,政治・政策,日本,天皇・皇族,1259,1305,,
賀茂葵祭,賀(か)茂(も)葵(あおい)祭(まつり),178,その他,神道;生活・風俗,,,1694,1694,,要確認：用語名が読み取りにくい
加茂一揆,加(か)茂(も)一(いっ)揆(き),208,事件・戦争・乱,一揆・打ちこわし,,,1836,1836,,
加茂岩倉遺跡,加(か)茂(も)岩(いわ)倉(くら)遺(い)跡(せき),17,寺社・遺跡・場所,考古,,,,,弥生,
蒲生君平,蒲(がも)生(う)君(くん)平(ぺい),199,人物,思想・学問,日本,学者・思想家,1790,1813,,
鴨長明,鴨(かもの)長(ちょう)明(めい),107,人物,文学,日本,文学者,1200,1216,,
賀茂真淵,賀(か)茂(もの)真(ま)淵(ぶち),199,人物,思想・学問,日本,学者・思想家,1740,1769,,
加耶諸国,加(か)耶(や)諸(しょ)国(こく),26;33,国・地域・王朝,対外関係,,,,,古墳,
柄井川柳,柄(から)井(い)川(せん)柳(りゅう),201,人物,文学,日本,文学者,1757,1790,,
唐絵,唐(から)絵(え),67,文化・流派,美術・建築,,,,,奈良;平安,
韓鍛冶部,韓(から)鍛冶(かぬち)部(べ),27,制度・役職,産業・工業;対外関係,,,,,古墳,
我楽多文庫,我(が)楽(らく)多(た)文(ぶん)庫(こ),291,書物・史料,文学,,,1885,1889,,
樺太・千島交換条約,樺(から)太(ふと)・千(ち)島(しま)交(こう)換(かん)条(じょう)約(やく),245,条約・協定・会議,対外関係;北方・アイヌ;条約・会議,,,1875,1875,,
ガラ紡,ガラ紡(ぼう),281,その他,産業・工業,,,1876,1900,,
ガリオア資金,ガリオア資(し)金(きん),345,その他,対外関係;貨幣・金融,,,1946,1951,,
狩衣,狩(かり)衣(ぎぬ),69,その他,生活・風俗,,,,,平安,
刈敷,刈(かり)敷(しき),101;123,その他,農林漁業,,,,,鎌倉;室町,
刈田狼藉,刈(かり)田(た)狼(ろう)藉(ぜき),112,その他,土地・税制;法制・制度,,,1346,1346,,
枯山水,枯(かれ)山(さん)水(すい),128,文化・流派,美術・建築,,,,,室町,
家禄,家(か)禄(ろく),238,制度・役職,身分・社会構造,,,1869,1876,,
川上音二郎,川(かわ)上(かみ)音(おと)二(じ)郎(ろう),291,人物,芸能,日本,芸術家,1888,1911,,
河上肇,河(かわ)上(かみ)肇(はじめ),298,人物,思想・学問;社会運動,日本,学者・思想家,1916,1933,,
川崎正蔵,川(かわ)崎(さき)正(しょう)蔵(ぞう),284,人物,産業・工業,日本,実業家,1878,1896,,
川島武宜,川(かわ)島(しま)武(たけ)宜(よし),337,人物,思想・学問,日本,学者・思想家,1945,1970,,
為替,為(かわ)替(せ),102,その他,貨幣・金融,,,,,鎌倉;室町,
為替と資本の自由化,為(かわ)替(せ)と資(し)本(ほん)の自(じ)由(ゆう)化(か),348,法令・政策,貨幣・金融;対外関係,,,1960,1970,,
かわた,かわた,167,その他,身分・社会構造,,,,,江戸,
河竹黙阿弥,河(かわ)竹(たけ)黙(もく)阿(あ)弥(み),291,人物,芸能,日本,文学者,1850,1893,,
西文氏,西(かわちの)文(ふみ)氏(うじ),27,人物,対外関係;思想・学問,その他,渡来人,,,古墳,
川端康成,川(かわ)端(ばた)康(やす)成(なり),315,人物,文学,日本,文学者,1924,1972,,
河村瑞賢,河(かわ)村(むら)瑞(ずい)賢(けん),184,人物,商業・流通・都市,日本,実業家,1670,1699,,
漢,漢(かん),17,国・地域・王朝,対外関係,,,-206,220,,
観阿弥,観(かん)阿(あ)弥(み),127,人物,芸能,日本,芸術家,1360,1384,,
冠位十二階,冠(かん)位(い)十(じゅう)二(に)階(かい),33,制度・役職,法制・制度,,,603,603,,
官位相当制,官(かん)位(い)相(そう)当(とう)制(せい),40,制度・役職,法制・制度,,,701,701,,
閑院宮家,閑(かん)院(いんの)宮(みや)家(け),179;197,人物,政治・政策,日本,天皇・皇族,1710,1800,,
官営事業,官(かん)営(えい)事(じ)業(ぎょう),240,その他,産業・工業,,,1870,1884,,
官営事業払下げ,官(かん)営(えい)事(じ)業(ぎょう)払(はらい)下(さ)げ,283,法令・政策,産業・工業,,,1884,1884,,
寛永の飢饉,寛(かん)永(えい)の飢(き)饉(きん),170;177,事件・戦争・乱,公害・環境・災害;農林漁業,,,1641,1642,,
官営模範工場,官(かん)営(えい)模(も)範(はん)工(こう)場(じょう),241,その他,産業・工業,,,1872,1880,,
寛永令,寛(かん)永(えい)令(れい),156,法令・政策,政治・政策,,,1635,1635,,武家諸法度（寛永令）
勧学院,勧(かん)学(がく)院(いん),59;63,組織・団体・政党,教育,,,821,821,,
咸宜園,咸(かん)宜(ぎ)園(えん),215,組織・団体・政党,教育,,,1817,1897,,
環境庁,環(かん)境(きょう)庁(ちょう),352,組織・団体・政党,公害・環境・災害,,,1971,1971,,
閑吟集,閑(かん)吟(ぎん)集(しゅう),130,書物・史料,文学;芸能,,,1518,1518,,
菅家文草,菅(かん)家(け)文(ぶん)草(そう),59,書物・史料,文学,,,900,900,,要確認：ページ番号
官戸,官(かん)戸(こ),41,その他,身分・社会構造,,,,,奈良,要確認：ページ番号
勘合,勘(かん)合(ごう),116,その他,対外関係,,,1404,1547,,
元興寺,元(がん)興(ごう)寺(じ),43,寺社・遺跡・場所,仏教,,,718,718,,要確認：ページ番号
環濠集落,環(かん)濠(ごう)集(しゅう)落(らく),17,寺社・遺跡・場所,考古;戦争・軍事,,,,,弥生,
勘合貿易,勘(かん)合(ごう)貿(ぼう)易(えき),116,その他,対外関係;商業・流通・都市,,,1404,1547,,
韓国併合,韓(かん)国(こく)併(へい)合(ごう),264,事件・戦争・乱,植民地;対外関係,,,1910,1910,,
漢字,漢(かん)字(じ),27,その他,文学;対外関係,,,,,古墳,
乾漆像,乾(かん)漆(しつ)像(ぞう),53,作品,美術・建築;仏教,,,,,奈良,
甘藷,甘(かん)藷(しょ),193,その他,農林漁業,,,1735,1735,,
勘定奉行,勘(かん)定(じょう)奉(ぶ)行(ぎょう),156,制度・役職,政治・政策,,,1642,1867,,
官省符荘,官(かん)省(しょう)符(ふ)荘(しょう),71,その他,土地・税制,,,,,平安,
漢書地理志,漢(かん)書(じょ)地(ち)理(り)志(し),17;20,書物・史料,対外関係,,,,,弥生,
鑑真,鑑(がん)真(じん),52,人物,仏教,中国,僧侶・宗教家;来日外国人,753,763,,
完新世,完(かん)新(しん)世(せい),6,その他,考古,,,,,縄文,
寛政異学の禁,寛(かん)政(せい)異(い)学(がく)の禁(きん),204,法令・政策,思想・学問;教育,,,1790,1790,,
関税及び貿易に関する一般協定,関(かん)税(ぜい)及(およ)び貿(ぼう)易(えき)に関(かん)する一(いっ)般(ぱん)協(きょう)定(てい),333;345;348,条約・協定・会議,対外関係;商業・流通・都市,,,1948,1995,,GATT
関税自主権,関(かん)税(ぜい)自(じ)主(しゅ)権(けん),223,その他,対外関係;条約・会議,,,1858,1911,,
関税自主権の回復,関(かん)税(ぜい)自(じ)主(しゅ)権(けん)の回(かい)復(ふく),256,事件・戦争・乱,対外関係;条約・会議,,,1911,1911,,
寛政の改革,寛(かん)政(せい)の改(かい)革(かく),204;213,法令・政策,政治・政策,,,1787,1793,,
寛政の三博士,寛(かん)政(せい)の三(さん)博(はか)士(せ),205,人物,思想・学問,日本,学者・思想家,1790,1800,,
寛政暦,寛(かん)政(せい)暦(れき),215,その他,思想・学問,,,1797,1797,,
観世座,観(かん)世(ぜ)座(ざ),127,組織・団体・政党,芸能,,,,,室町,
神田青物市場,神(かん)田(だ)青(あお)物(もの)市(いち)場(ば),187,寺社・遺跡・場所,商業・流通・都市,,,,,江戸,
貫高制,貫(かん)高(だか)制(せい),133,制度・役職,土地・税制;戦争・軍事,,,,,戦国,
官田,官(かん)田(でん),58,その他,土地・税制,,,879,879,,
官道,官(かん)道(どう),44,その他,商業・流通・都市,,,,,奈良,
関東管領,関(かん)東(とう)管(かん)領(れい),115,制度・役職,政治・政策,,,1349,1561,,
関東軍,関(かん)東(とう)軍(ぐん),302,組織・団体・政党,戦争・軍事;植民地,,,1919,1945,,
関東軍特種演習,関(かん)東(とう)軍(ぐん)特(とく)種(しゅ)演(えん)習(しゅう),318,事件・戦争・乱,戦争・軍事,,,1941,1941,,
関東御分国,関(かん)東(とう)御(ご)分(ぶん)国(こく),93,制度・役職,土地・税制,,,1185,1333,,
関東御領,関(かん)東(とう)御(ご)領(りょう),93,制度・役職,土地・税制,,,1185,1333,,
関東州,関(かん)東(とう)州(しゅう),264,国・地域・王朝,植民地,,,1905,1945,,
関東大震災,関(かん)東(とう)大(だい)震(しん)災(さい),276;300,事件・戦争・乱,公害・環境・災害,,,1923,1923,,
関東知行国,関(かん)東(とう)知(ち)行(ぎょう)国(こく),93,制度・役職,土地・税制,,,1185,1333,,
関東庁,関(かん)東(とう)庁(ちょう),303,制度・役職,植民地,,,1919,1934,,
関東都督府,関(かん)東(とう)都(と)督(とく)府(ふ),265,制度・役職,植民地,,,1906,1919,,
関東取締出役,関(かん)東(とう)取(とり)締(しまり)出(しゅつ)役(やく),208,制度・役職,政治・政策,,,1805,1805,,
関東ローム層,関(かん)東(とう)ローム層(そう),8,その他,考古,,,,,旧石器,
菅直人,菅(かん)直(なお)人(と),363,人物,政治・政策,日本,政治家,2010,2011,,
観応の擾乱,観(かん)応(のう)の擾(じょう)乱(らん),112,事件・戦争・乱,政変・事件・反乱;戦争・軍事,,,1350,1352,,
関白,関(かん)白(ぱく),62;142,制度・役職,政治・政策,,,884,1868,,
桓武天皇,桓(かん)武(む)天(てん)皇(のう),55,人物,政治・政策,日本,天皇・皇族,781,806,,
桓武平氏,桓(かん)武(む)平(へい)氏(し),73,人物,戦争・軍事,日本,武家,889,1185,,
官物,官(かん)物(もつ),70,制度・役職,土地・税制,,,,,平安,
漢冶萍公司,漢(かん)冶(や)萍(ひょう)公(こん)司(す),284,組織・団体・政党,産業・工業;対外関係,,,1908,1937,,
管理通貨制度,管(かん)理(り)通(つう)貨(か)制(せい)度(ど),307,制度・役職,貨幣・金融,,,1931,1931,,
咸臨丸,咸(かん)臨(りん)丸(まる),231,その他,対外関係,,,1860,1860,,
管領,管(かん)領(れい),114,制度・役職,政治・政策,,,1362,1552,,
観勒,観(かん)勒(ろく),35,人物,仏教;思想・学問,朝鮮,僧侶・宗教家;渡来人,602,624,,
魏,魏(ぎ),18,国・地域・王朝,対外関係,,,220,265,,
義淵,義(ぎ)淵(えん),52,人物,仏教,日本,僧侶・宗教家,700,728,,
棄捐令,棄(き)捐(えん)令(れい),204;210,法令・政策,貨幣・金融;政治・政策,,,1789,1843,,
祇園社,祇(ぎ)園(おん)社(しゃ),66,寺社・遺跡・場所,神道,,,,,平安,
祇園祭,祇(ぎ)園(おん)祭(まつり),136,その他,神道;生活・風俗,,,,,室町;戦国,
器械製糸,器(き)械(かい)製(せい)糸(し),282,その他,産業・工業,,,1872,1910,,
企画院,企(き)画(かく)院(いん),314,組織・団体・政党,戦争・軍事;政治・政策,,,1937,1943,,
企業集団,企(き)業(ぎょう)集(しゅう)団(だん),348,その他,産業・工業,,,1955,1990,,
企業勃興,企(き)業(ぎょう)勃(ぼっ)興(こう),280,その他,産業・工業,,,1886,1889,,
菊池寛,菊(きく)池(ち)寛(かん),298,人物,文学,日本,文学者,1916,1948,,
菊池武夫,菊(きく)池(ち)武(たけ)夫(お),309,人物,政治・政策,日本,軍人;政治家,1935,1935,,
紀元節,紀(き)元(げん)節(せつ),243,その他,生活・風俗;神道,,,1873,1948,,
器財埴輪,器(き)財(ざい)埴(はに)輪(わ),25,その他,考古,,,,,古墳,
木地師,木(き)地(じ)師(し),181,その他,産業・工業,,,,,江戸,
岸田劉生,岸(きし)田(だ)劉(りゅう)生(せい),299,人物,美術・建築,日本,芸術家,1912,1929,,
岸信介,岸(きし)信(のぶ)介(すけ),341,人物,政治・政策,日本,政治家,1957,1960,,
技術革新,技(ぎ)術(じゅつ)革(かく)新(しん),346,その他,産業・工業,,,1955,1973,,
議定,議(ぎ)定(じょう),228,制度・役職,政治・政策,,,1867,1868,,
魏志倭人伝,魏(ぎ)志(し)倭(わ)人(じん)伝(でん),18;20,書物・史料,対外関係,,,,,弥生,
寄進地系荘園,寄(き)進(しん)地(ち)系(けい)荘(しょう)園(えん),71,その他,土地・税制,,,,,平安,
議政官,議(ぎ)政(せい)官(かん),228,制度・役職,政治・政策,,,1868,1869,,
寄生地主,寄(き)生(せい)地(じ)主(ぬし),285;328,その他,土地・税制;農林漁業,,,1880,1946,,
偽籍,偽(ぎ)籍(せき),58,その他,土地・税制,,,,,平安,
義倉,義(ぎ)倉(そう),41,制度・役職,土地・税制,,,,,奈良,
貴族院,貴(き)族(ぞく)院(いん),253,組織・団体・政党,政治・政策;法制・制度,,,1890,1947,,
木曽檜,木(き)曽(そ)檜(ひのき),173,その他,農林漁業,,,,,江戸,
北一輝,北(きた)一(いっ)輝(き),273;309,人物,思想・学問;政変・事件・反乱,日本,学者・思想家,1919,1937,,
喜多川歌麿,喜(き)多(た)川(がわ)歌(うた)麿(まろ),202,人物,美術・建築,日本,芸術家,1780,1806,,
北里柴三郎,北(きた)里(さと)柴(しば)三(さぶ)郎(ろう),290,人物,思想・学問,日本,学者・思想家,1889,1931,,
北大西洋条約機構,北(きた)大(たい)西(せい)洋(よう)条(じょう)約(やく)機(き)構(こう),333,組織・団体・政党,対外関係;戦争・軍事,,,1949,1949,,NATO
北野大茶湯,北(きた)野(の)大(おお)茶(ちゃ)湯(のゆ),148,事件・戦争・乱,芸能,,,1587,1587,,
北野天満宮,北(きた)野(の)天(てん)満(まん)宮(ぐう),66,寺社・遺跡・場所,神道,,,947,947,,
北畠親房,北(きた)畠(ばたけ)親(ちか)房(ふさ),112,人物,政治・政策;思想・学問,日本,公家・貴族,1333,1354,,
北前船,北(きた)前(まえ)船(ぶね),184,その他,商業・流通・都市,,,,,江戸,
北村季吟,北(きた)村(むら)季(き)吟(ぎん),190,人物,文学;思想・学問,日本,学者・思想家,1650,1705,,
北村透谷,北(きた)村(むら)透(とう)谷(こく),291,人物,文学,日本,文学者,1889,1894,,
北山十八間戸,北(きた)山(やま)十(じゅう)八(はっ)間(けん)戸(ど),106,寺社・遺跡・場所,仏教,,,1250,1300,,
北山文化,北(きた)山(やま)文(ぶん)化(か),125,文化・流派,美術・建築;芸能,,,1368,1408,,
義太夫節,義(ぎ)太(だ)夫(ゆう)節(ぶし),188,文化・流派,芸能,,,1684,1750,,
契丹（遼）,契(きっ)丹(たん)（遼(りょう)）,65,国・地域・王朝,対外関係,,,916,1125,,
切符制,切(きっ)符(ぷ)制(せい),314,制度・役職,戦争・軍事;生活・風俗,,,1940,1945,,
義堂周信,義(ぎ)堂(どう)周(しゅう)信(しん),127,人物,仏教;文学,日本,僧侶・宗教家,1360,1388,,
木戸幸一,木(き)戸(ど)幸(こう)一(いち),319,人物,政治・政策,日本,政治家,1940,1945,,
木戸孝允,木(き)戸(ど)孝(たか)允(よし),227,人物,政治・政策,日本,政治家,1860,1877,,
畿内,畿(き)内(ない),39,国・地域・王朝,法制・制度,,,,,飛鳥;奈良;平安,
紀古佐美,紀(きの)古(こ)佐(さ)美(み),56,人物,戦争・軍事;北方・アイヌ,日本,公家・貴族,789,789,,
木下尚江,木(き)下(のした)尚(なお)江(え),265,人物,社会運動,日本,社会運動家,1901,1906,,
紀貫之,紀(きの)貫(つら)之(ゆき),65,人物,文学,日本,文学者,905,945,,
吉備真備,吉(き)備(びの)真(ま)備(きび),42,人物,政治・政策;思想・学問,日本,公家・貴族,717,775,,
黄表紙,黄(き)表(びょう)紙(し),201,文化・流派,文学,,,1775,1806,,
黄不動,黄(き)不(ふ)動(どう),61,作品,美術・建築;仏教,,,,,平安,
義兵運動,義(ぎ)兵(へい)運(うん)動(どう),264,事件・戦争・乱,植民地;社会運動,,,1905,1914,,
奇兵隊,奇(き)兵(へい)隊(たい),227;236,組織・団体・政党,戦争・軍事,,,1863,1870,,
基本的人権の尊重,基(き)本(ほん)的(てき)人(じん)権(けん)の尊(そん)重(ちょう),331,その他,法制・制度,,,1946,1946,,
君,君(きみ),31,制度・役職,身分・社会構造,,,,,古墳,
義民,義(ぎ)民(みん),195,その他,一揆・打ちこわし,,,,,江戸,
義務教育,義(ぎ)務(む)教(きょう)育(いく),289,制度・役職,教育,,,1886,1907,,
肝煎,肝(きも)煎(いり),168,制度・役職,身分・社会構造,,,,,江戸,
格,格(きゃく),57,法令・政策,法制・制度,,,,,平安,
九カ国条約,九(きゅう)カ国(こく)条(じょう)約(やく),274,条約・協定・会議,対外関係;条約・会議,,,1922,1922,,
旧辞,旧(きゅう)辞(じ),28,書物・史料,思想・学問,,,,,古墳,
九州説,九(きゅう)州(しゅう)説(せつ),19,その他,考古,,,,,弥生,
旧人,旧(きゅう)人(じん),6,その他,考古,,,,,旧石器,
旧石器時代,旧(きゅう)石(せっ)器(き)時(じ)代(だい),7,その他,考古,,,,,旧石器,
弓馬の道,弓(きゅう)馬(ば)の道(みち),98,その他,戦争・軍事;思想・学問,,,,,鎌倉,
己酉約条,己(き)酉(ゆう)約(やく)条(じょう),163,条約・協定・会議,対外関係;条約・会議,,,1609,1609,,
旧里帰農令,旧(きゅう)里(り)帰(き)農(のう)令(れい),204,法令・政策,農林漁業;政治・政策,,,1790,1790,,
教育委員会,教(きょう)育(いく)委(い)員(いん)会(かい),329,組織・団体・政党,教育,,,1948,1948,,
教育基本法,教(きょう)育(いく)基(き)本(ほん)法(ほう),329,法令・政策,教育,,,1947,1947,,
教育に関する勅語,教(きょう)育(いく)に関(かん)する勅(ちょく)語(ご),289,法令・政策,教育;思想・学問,,,1890,1890,,
教育令,教(きょう)育(いく)令(れい),289,法令・政策,教育,,,1879,1879,,
教王護国寺,教(きょう)王(おう)護(ご)国(こく)寺(じ),59,寺社・遺跡・場所,仏教,,,823,823,,
狂歌,狂(きょう)歌(か),201,文化・流派,文学,,,1760,1830,,
行基,行(ぎょう)基(き),52,人物,仏教,日本,僧侶・宗教家,717,749,,
狂言,狂(きょう)言(げん),130,文化・流派,芸能,,,,,室町,
行財政改革,行(ぎょう)財(ざい)政(せい)改(かい)革(かく),359,法令・政策,政治・政策,,,1981,1987,,
供出制,供(きょう)出(しゅつ)制(せい),314,制度・役職,農林漁業;戦争・軍事,,,1940,1945,,
行商人,行(ぎょう)商(しょう)人(にん),101,その他,商業・流通・都市,,,,,鎌倉,
強制連行,強(きょう)制(せい)連(れん)行(こう),322,事件・戦争・乱,植民地;戦争・軍事,,,1939,1945,,
京染,京(きょう)染(ぞめ),185,その他,産業・工業,,,,,江戸,
協調外交,協(きょう)調(ちょう)外(がい)交(こう),275;304,法令・政策,対外関係,,,1924,1931,,
経塚,経(きょう)塚(づか),67,寺社・遺跡・場所,仏教,,,,,平安,
協定関税,協(きょう)定(てい)関(かん)税(ぜい),223,制度・役職,対外関係,,,1858,1911,,
共同運輸会社,共(きょう)同(どう)運(うん)輸(ゆ)会(がい)社(しゃ),283,組織・団体・政党,産業・工業,,,1882,1885,,
京都大番役,京(きょう)都(と)大(おお)番(ばん)役(やく),92,制度・役職,戦争・軍事,,,1185,1333,,
京都議定書,京(きょう)都(と)議(ぎ)定(てい)書(しょ),364,条約・協定・会議,公害・環境・災害;条約・会議,,,1997,1997,,
京都守護職,京(きょう)都(と)守(しゅ)護(ご)職(しょく),225,制度・役職,政治・政策,,,1862,1867,,要確認：用語名
京都所司代,京(きょう)都(と)所(しょ)司(し)代(だい),157,制度・役職,政治・政策,,,1600,1867,,
教派神道,教(きょう)派(は)神(しん)道(とう),230;289,文化・流派,神道,,,1850,1900,,
享保の改革,享(きょう)保(ほう)の改(かい)革(かく),192,法令・政策,政治・政策,,,1716,1745,,
享保の飢饉,享(きょう)保(ほう)の飢(き)饉(きん),196,事件・戦争・乱,公害・環境・災害,,,1732,1732,,
京枡,京(きょう)枡(ます),143,制度・役職,土地・税制,,,1582,1598,,
京焼,京(きょう)焼(やき),185;191,文化・流派,美術・建築,,,,,江戸,
清浦奎吾,清(きよ)浦(うら)奎(けい)吾(ご),277,人物,政治・政策,日本,政治家,1924,1924,,
狂乱物価,狂(きょう)乱(らん)物(ぶっ)価(か),355,その他,貨幣・金融;生活・風俗,,,1973,1974,,
共和演説事件,共(きょう)和(わ)演(えん)説(ぜつ)事(じ)件(けん),260,事件・戦争・乱,政変・事件・反乱,,,1898,1898,,
曲亭馬琴,曲(きょく)亭(てい)馬(ば)琴(きん),216,人物,文学,日本,文学者,1796,1848,,
極東委員会,極(きょく)東(とう)委(い)員(いん)会(かい),326,組織・団体・政党,対外関係,,,1945,1952,,
極東国際軍事裁判所,極(きょく)東(とう)国(こく)際(さい)軍(ぐん)事(じ)裁(さい)判(ばん)所(しょ),327,組織・団体・政党,戦争・軍事;法制・制度,,,1946,1948,,
清原夏野,清(きよ)原(はらの)夏(なつ)野(の),57,人物,法制・制度,日本,公家・貴族,824,837,,
清元節,清(きよ)元(もと)節(ぶし),202,文化・流派,芸能,,,1814,1860,,
吉良義央,吉(き)良(ら)義(よし)央(ひさ),178,人物,政変・事件・反乱,日本,武家,1701,1702,,
キリシタン大名,キリシタン大(だい)名(みょう),139,人物,キリスト教,日本,武家,1563,1614,,
キリシタン版,キリシタン版(ばん),149,書物・史料,キリスト教;文学,,,1591,1610,,
記録所,記(き)録(ろく)所(しょ),111,制度・役職,政治・政策,,,1333,1336,,
記録荘園券契所,記(き)録(ろく)荘(しょう)園(えん)券(けん)契(けい)所(じょ),76,制度・役職,土地・税制,,,1069,1069,,
義和団戦争,義(ぎ)和(わ)団(だん)戦(せん)争(そう),262,事件・戦争・乱,対外関係;戦争・軍事,,,1900,1901,,
金,金(きん),83,国・地域・王朝,対外関係,,,1115,1234,,
金印,金(きん)印(いん),18;20,その他,対外関係;考古,,,57,57,,
金解禁,金(きん)解(かい)禁(きん),303,法令・政策,貨幣・金融,,,1930,1930,,
金槐和歌集,金(きん)槐(かい)和(わ)歌(か)集(しゅう),107,書物・史料,文学,,,1213,1213,,
金閣,金(きん)閣(かく),126,作品,美術・建築,,,1397,1397,,
銀閣,銀(ぎん)閣(かく),127,作品,美術・建築,,,1489,1489,,
近畿説,近(きん)畿(き)説(せつ),19,その他,考古,,,,,弥生,
緊急勅令,緊(きん)急(きゅう)勅(ちょく)令(れい),301,法令・政策,法制・制度,,,1927,1927,,
禁教令,禁(きん)教(きょう)令(れい),158,法令・政策,キリスト教,,,1612,1613,,
金玉均,金(きん)玉(ぎょっ)均(きん),257,人物,対外関係,朝鮮,政治家,1882,1894,,
金座・銀座,金(きん)座(ざ)・銀(ぎん)座(ざ),184,組織・団体・政党,貨幣・金融,,,1595,1869,,
金属器,金(きん)属(ぞく)器(き),14,その他,考古,,,,,弥生,
近代的民族主義,近(きん)代(だい)的(てき)民(みん)族(ぞく)主(しゅ)義(ぎ),251,文化・流派,思想・学問,,,1887,1895,,
禁中並公家諸法度,禁(きん)中(ちゅう)並(ならびに)公(く)家(げ)諸(しょ)法(はっ)度(と),158,法令・政策,法制・制度,,,1615,1615,,
金遣い・銀遣い,金(きん)遣(づか)い・銀(ぎん)遣(づか)い,184,その他,貨幣・金融,,,,,江戸,
欽定憲法,欽(きん)定(てい)憲(けん)法(ぽう),248;253,その他,法制・制度,,,1889,1889,,
均田制,均(きん)田(でん)制(せい),213,制度・役職,土地・税制,,,1838,1850,,
金日成,金(きむ)日(いる)成(そん),334,人物,対外関係,朝鮮,政治家,1948,1994,,キム＝イルソン
金肥,金(きん)肥(ぴ),180,その他,農林漁業,,,,,江戸,
銀本位制,銀(ぎん)本(ほん)位(い)制(せい),280,制度・役職,貨幣・金融,,,1886,1897,,
金本位制,金(きん)本(ほん)位(い)制(せい),281,制度・役職,貨幣・金融,,,1897,1931,,
金脈問題,金(きん)脈(みゃく)問(もん)題(だい),355,事件・戦争・乱,政変・事件・反乱,,,1974,1974,,
禁門の変,禁(きん)門(もん)の変(へん),226,事件・戦争・乱,政変・事件・反乱;戦争・軍事,,,1864,1864,,
金融恐慌,金(きん)融(ゆう)恐(きょう)慌(こう),278;300,事件・戦争・乱,貨幣・金融,,,1927,1927,,
金融緊急措置令,金(きん)融(ゆう)緊(きん)急(きゅう)措(そ)置(ち)令(れい),332,法令・政策,貨幣・金融,,,1946,1946,,
金輸出解禁,金(きん)輸(ゆ)出(しゅつ)解(かい)禁(きん),303,法令・政策,貨幣・金融,,,1930,1930,,
金輸出禁止,金(きん)輸(ゆ)出(しゅつ)禁(きん)止(し),301,法令・政策,貨幣・金融,,,1917,1917,,
金輸出再禁止,金(きん)輸(ゆ)出(しゅつ)再(さい)禁(きん)止(し),307,法令・政策,貨幣・金融,,,1931,1931,,
禁裏御料,禁(きん)裏(り)御(ご)料(りょう),158,制度・役職,土地・税制,,,,,江戸,
勤労動員,勤(きん)労(ろう)動(どう)員(いん),322,その他,戦争・軍事;教育,,,1943,1945,,
金禄公債証書,金(きん)禄(ろく)公(こう)債(さい)証(しょう)書(しょ),238;279,その他,身分・社会構造;貨幣・金融,,,1876,1876,,
空海,空(くう)海(かい),59;61,人物,仏教,日本,僧侶・宗教家,804,835,,
郡家,郡(ぐう)家(け),44,寺社・遺跡・場所,政治・政策,,,,,奈良,
空也,空(くう)也(や),66,人物,仏教,日本,僧侶・宗教家,938,972,,
公営田,公(く)営(えい)田(でん),58,その他,土地・税制,,,823,823,,
陸羯南,陸(くが)羯(かつ)南(なん),251,人物,思想・学問,日本,学者・思想家,1889,1906,,
盟神探湯,盟(く)神(か)探(た)湯(ち),31,その他,神道;法制・制度,,,,,古墳,
愚管抄,愚(ぐ)管(かん)抄(しょう),107,書物・史料,思想・学問,,,1220,1220,,
公卿,公(く)卿(ぎょう),39,制度・役職,政治・政策,,,,,奈良;平安,
公暁,公(く)暁(ぎょう),94,人物,政変・事件・反乱,日本,僧侶・宗教家,1219,1219,,
供御人,供(く)御(ご)人(にん),101,その他,商業・流通・都市,,,,,鎌倉;室町,
草双紙,草(くさ)双(ぞう)紙(し),201,文化・流派,文学,,,,,江戸,
公事,公(く)事(じ),77,制度・役職,土地・税制,,,,,平安;鎌倉,
公事方御定書,公(く)事(じ)方(がた)御(お)定(さだめ)書(がき),194,法令・政策,法制・制度,,,1742,1742,,
倶舎宗,倶(く)舎(しゃ)宗(しゅう),52,文化・流派,仏教,,,,,奈良,
九条兼実,九(く)条(じょう)兼(かね)実(ざね),104,人物,政治・政策,日本,公家・貴族,1186,1196,,
公出挙,公(く)出(すい)挙(こ),41;70,制度・役職,土地・税制,,,,,奈良;平安,
グスク,グスク,101,寺社・遺跡・場所,琉球・沖縄,,,1100,1429,,
薬子の変,薬(くす)子(こ)の変(へん),58,事件・戦争・乱,政変・事件・反乱,,,810,810,,
楠木正成,楠(くす)木(のき)正(まさ)成(しげ),111,人物,戦争・軍事,日本,武家,1331,1336,,
百済,百(くだ)済(ら),26,国・地域・王朝,対外関係,,,346,660,,
屈葬,屈(くっ)葬(そう),12,その他,考古,,,,,縄文,
工藤平助,工(く)藤(どう)平(へい)助(すけ),197,人物,北方・アイヌ;思想・学問,日本,学者・思想家,1783,1783,,
宮内省,宮(く)内(ない)省(しょう),252,組織・団体・政党,政治・政策,,,1869,1947,,
グナイスト,グナイスト,252,人物,法制・制度,ドイツ,学者・思想家,1882,1883,,
宮内大臣,宮(く)内(ない)大(だい)臣(じん),252,制度・役職,政治・政策,,,1885,1947,,
狗奴国,狗(く)奴(な)国(こく),18,国・地域・王朝,対外関係,,,,,弥生,
クニ,クニ,17,国・地域・王朝,政治・政策;考古,,,,,弥生,
国一揆,国(くに)一(いっ)揆(き),122,事件・戦争・乱,一揆・打ちこわし,,,1485,1493,,
国絵図,国(くに)絵(え)図(ず),155,書物・史料,政治・政策,,,1605,1700,,
国替,国(くに)替(がえ),143,法令・政策,政治・政策,,,1585,1700,,
国木田独歩,国(くに)木(き)田(だ)独(どっ)歩(ぽ),291,人物,文学,日本,文学者,1897,1908,,
恭仁京,恭(く)仁(にの)京(きょう),46,寺社・遺跡・場所,政治・政策,,,740,744,,
国侍,国(くに)侍(ざむらい),74,その他,戦争・軍事,,,,,平安,
国博士,国(くに)博(はか)士(せ),37,制度・役職,政治・政策,,,645,645,,
国造,国(くに)造(のみやつこ),32;39,制度・役職,政治・政策,,,,,古墳;飛鳥,
国役,国(くに)役(やく),169,制度・役職,土地・税制,,,,,江戸,
公奴婢,公(く)奴(ぬ)婢(ひ),41,その他,身分・社会構造,,,,,奈良,
クビライ,クビライ,99,人物,対外関係;戦争・軍事,中国,国王・皇帝（外国）,1260,1294,,フビライとも
口分田,口(く)分(ぶん)田(でん),40,制度・役職,土地・税制,,,,,飛鳥;奈良;平安,
熊沢蕃山,熊(くま)沢(ざわ)蕃(ばん)山(ざん),189,人物,思想・学問,日本,学者・思想家,1650,1691,,
熊野詣,熊(くま)野(の)詣(もうで),79,その他,神道;仏教,,,1090,1200,,
組頭,組(くみ)頭(がしら),168,制度・役職,身分・社会構造,,,,,江戸,
久米邦武,久(く)米(め)邦(くに)武(たけ),290,人物,思想・学問,日本,学者・思想家,1871,1892,,
公文所,公(く)文(もん)所(じょ),92,制度・役職,政治・政策,,,1184,1191,,
蔵入地,蔵(くら)入(いり)地(ち),143,制度・役職,土地・税制,,,1582,1598,,
クラーク,クラーク,241;289,人物,教育;キリスト教,アメリカ,来日外国人,1876,1877,,
鞍作鳥,鞍(くら)作(つくりの)鳥(とり),36,人物,美術・建築;仏教,日本,芸術家,606,623,,止利仏師
蔵米,蔵(くら)米(まい),157,制度・役職,土地・税制,,,,,江戸,
蔵元,蔵(くら)元(もと),185,その他,商業・流通・都市,,,,,江戸,
蔵物,蔵(くら)物(もの),185,その他,商業・流通・都市,,,,,江戸,
蔵屋敷,蔵(くら)屋(や)敷(しき),185,寺社・遺跡・場所,商業・流通・都市,,,,,江戸,
蔵人頭,蔵(くろ)人(うどの)頭(とう),57;62,制度・役職,政治・政策,,,810,810,,
黒澤明,黒(くろ)澤(さわ)明(あきら),338,人物,芸能,日本,芸術家,1950,1990,,
黒住教,黒(くろ)住(ずみ)教(きょう),230,文化・流派,神道,,,1814,1814,,
黒田清隆,黒(くろ)田(だ)清(きよ)隆(たか),248;254,人物,政治・政策;北方・アイヌ,日本,政治家,1874,1889,,
黒田清輝,黒(くろ)田(だ)清(せい)輝(き),293,人物,美術・建築,日本,芸術家,1893,1924,,
黒田長政,黒(くろ)田(だ)長(なが)政(まさ),154,人物,戦争・軍事,日本,武家,1592,1623,,
郡,郡(ぐん),77,制度・役職,法制・制度,,,,,平安,
郡衙,郡(ぐん)衙(が),44,寺社・遺跡・場所,政治・政策,,,,,奈良,
軍記物語,軍(ぐん)記(き)物(もの)語(がたり),83,文化・流派,文学,,,,,平安;鎌倉,
郡区町村編制法,郡(ぐん)区(く)町(ちょう)村(そん)編(へん)制(せい)法(ほう),248,法令・政策,法制・制度,,,1878,1878,,
軍財抱合,軍(ぐん)財(ざい)抱(ほう)合(ごう),310,その他,戦争・軍事;産業・工業,,,1937,1937,,
郡参事会,郡(ぐん)参(さん)事(じ)会(かい),252,制度・役職,法制・制度,,,1890,1890,,
郡司,郡(ぐん)司(じ),39,制度・役職,政治・政策,,,,,奈良;平安,
軍事貴族,軍(ぐん)事(じ)貴(き)族(ぞく),73,その他,戦争・軍事;身分・社会構造,,,,,平安,
群集墳,群(ぐん)集(しゅう)墳(ふん),29,その他,考古,,,,,古墳,
群書類従,群(ぐん)書(しょ)類(るい)従(じゅう),199,書物・史料,思想・学問,,,1819,1819,,
軍人勅諭,軍(ぐん)人(じん)勅(ちょく)諭(ゆ),258,法令・政策,戦争・軍事,,,1882,1882,,
郡制,郡(ぐん)制(せい),252,制度・役職,法制・制度,,,1890,1890,,
郡代,郡(ぐん)代(だい),157,制度・役職,政治・政策,,,,,江戸,
軍団,軍(ぐん)団(だん),41,制度・役職,戦争・軍事,,,,,奈良,
郡内騒動,郡(ぐん)内(ない)騒(そう)動(どう),208,事件・戦争・乱,一揆・打ちこわし,,,1836,1836,,
軍部大臣現役武官制,軍(ぐん)部(ぶ)大(だい)臣(じん)現(げん)役(えき)武(ぶ)官(かん)制(せい),261;268,制度・役職,戦争・軍事;法制・制度,,,1900,1913,,
群馬事件,群(ぐん)馬(ま)事(じ)件(けん),250,事件・戦争・乱,社会運動,,,1884,1884,,
軍役,軍(ぐん)役(やく),133;145;155,制度・役職,戦争・軍事,,,,,戦国;安土桃山;江戸,
桂庵玄樹,桂(けい)庵(あん)玄(げん)樹(じゅ),131,人物,思想・学問;仏教,日本,僧侶・宗教家,1478,1508,,
慶安の触書,慶(けい)安(あん)の触(ふれ)書(がき),170,法令・政策,農林漁業,,,1649,1649,,
慶安の変,慶(けい)安(あん)の変(へん),176,事件・戦争・乱,政変・事件・反乱,,,1651,1651,,
桂園時代,桂(けい)園(えん)時(じ)代(だい),266,その他,政治・政策,,,1901,1913,,
桂園派,桂(けい)園(えん)派(は),216,文化・流派,文学,,,,,江戸,
慶応義塾,慶(けい)応(おう)義(ぎ)塾(じゅく),243,組織・団体・政党,教育,,,1868,1868,,
慶賀使,慶(けい)賀(が)使(し),164,組織・団体・政党,琉球・沖縄;対外関係,,,1644,1850,,
経国集,経(けい)国(こく)集(しゅう),57,書物・史料,文学,,,827,827,,
経国美談,経(けい)国(こく)美(び)談(だん),290,書物・史料,文学,,,1883,1884,,
経済安定九原則,経(けい)済(ざい)安(あん)定(てい)九(きゅう)原(げん)則(そく),334,法令・政策,貨幣・金融,,,1948,1948,,
経済協力開発機構,経(けい)済(ざい)協(きょう)力(りょく)開(かい)発(はつ)機(き)構(こう),348,組織・団体・政党,対外関係,,,1964,1964,,OECD
経済大国,経(けい)済(ざい)大(たい)国(こく),357,その他,産業・工業,,,1970,1990,,
警察予備隊,警(けい)察(さつ)予(よ)備(び)隊(たい),335;340,組織・団体・政党,戦争・軍事,,,1950,1952,,
警視庁,警(けい)視(し)庁(ちょう),238,組織・団体・政党,法制・制度,,,1874,1874,,
傾斜生産方式,傾(けい)斜(しゃ)生(せい)産(さん)方(ほう)式(しき),332;334,法令・政策,産業・工業,,,1946,1948,,
形象埴輪,形(けい)象(しょう)埴(はに)輪(わ),28,その他,考古,,,,,古墳,
敬神党,敬(けい)神(しん)党(とう),247,組織・団体・政党,政変・事件・反乱,,,1876,1876,,神風連
経世論,経(けい)世(せい)論(ろん),189,文化・流派,思想・学問,,,,,江戸,
契沖,契(けい)沖(ちゅう),190,人物,思想・学問,日本,学者・思想家,1680,1701,,
計帳,計(けい)帳(ちょう),40,書物・史料,土地・税制,,,,,奈良,
慶長遣欧使節,慶(けい)長(ちょう)遣(けん)欧(おう)使(し)節(せつ),160,組織・団体・政党,対外関係,,,1613,1620,,
慶長の役,慶(けい)長(ちょう)の役(えき),146,事件・戦争・乱,対外関係;戦争・軍事,,,1597,1598,,
啓蒙主義,啓(けい)蒙(もう)主(しゅ)義(ぎ),291,文化・流派,思想・学問,,,1870,1890,,
KS磁石鋼,KS磁(じ)石(しゃく)鋼(こう),298,その他,思想・学問;産業・工業,,,1917,1917,,
下剋上,下(げ)剋(こく)上(じょう),122,その他,身分・社会構造,,,,,室町;戦国,
華厳宗,華(け)厳(ごん)宗(しゅう),52,文化・流派,仏教,,,,,奈良,
戯作文学,戯(げ)作(さく)文(ぶん)学(がく),290,文化・流派,文学,,,1868,1885,,
下司,下(げ)司(し),71,制度・役職,土地・税制,,,,,平安,
血税一揆,血(けっ)税(ぜい)一(いっ)揆(き),247,事件・戦争・乱,一揆・打ちこわし,,,1873,1873,,
血盟団事件,血(けつ)盟(めい)団(だん)事(じ)件(けん),306,事件・戦争・乱,政変・事件・反乱,,,1932,1932,,
家人,家(け)人(にん),41,その他,身分・社会構造,,,,,奈良,
下人,下(げ)人(にん),97,その他,身分・社会構造,,,,,鎌倉;室町,
検非違使,検(け)非(び)違(い)使(し),57,制度・役職,法制・制度,,,816,816,,
検見法,検(け)見(み)法(ほう),169,制度・役職,土地・税制,,,,,江戸,
解由状,解(げ)由(ゆ)状(じょう),57,書物・史料,法制・制度,,,,,奈良;平安,
県,県(けん),236,制度・役職,法制・制度,,,1871,1871,,
元,元(げん),99,国・地域・王朝,対外関係,,,1271,1368,,
蘐園塾,蘐(けん)園(えん)塾(じゅく),201,組織・団体・政党,教育,,,1709,1728,,
顕戒論,顕(けん)戒(かい)論(ろん),59,書物・史料,仏教,,,820,820,,
喧嘩両成敗法,喧(けん)嘩(か)両(りょう)成(せい)敗(ばい)法(ほう),134,法令・政策,法制・制度,,,,,戦国,
顕教,顕(けん)教(ぎょう),59,文化・流派,仏教,,,,,平安,
乾元大宝,乾(けん)元(げん)大(たい)宝(ほう),43;63,その他,貨幣・金融,,,958,958,,
元寇,元(げん)寇(こう),100,事件・戦争・乱,対外関係;戦争・軍事,,,1274,1281,,
元弘の変,元(げん)弘(こう)の変(へん),111,事件・戦争・乱,政変・事件・反乱,,,1331,1331,,
兼好法師,兼(けん)好(こう)法(ほう)師(し),107,人物,文学,日本,文学者,1330,1350,,吉田兼好
玄室,玄(げん)室(しつ),25,その他,考古,,,,,古墳,
原子爆弾,原(げん)子(し)爆(ばく)弾(だん),324,事件・戦争・乱,戦争・軍事,,,1945,1945,,
源氏物語,源(げん)氏(じ)物(もの)語(がたり),65,書物・史料,文学,,,1008,1008,,
源氏物語絵巻,源(げん)氏(じ)物(もの)語(がたり)絵(え)巻(まき),85,作品,美術・建築,,,1130,1130,,
源信,源(げん)信(しん),59;66,人物,仏教,日本,僧侶・宗教家,985,1017,,
原人,原(げん)人(じん),6,その他,考古,,,,,旧石器,
遣隋使,遣(けん)隋(ずい)使(し),34,組織・団体・政党,対外関係,,,600,614,,
原水爆禁止運動,原(げん)水(すい)爆(ばく)禁(きん)止(し)運(うん)動(どう),341,事件・戦争・乱,社会運動,,,1954,1955,,
憲政会,憲(けん)政(せい)会(かい),271,組織・団体・政党,政治・政策,,,1916,1927,,
憲政党,憲(けん)政(せい)党(とう),260,組織・団体・政党,政治・政策,,,1898,1900,,
憲政の常道,憲(けん)政(せい)の常(じょう)道(どう),278,その他,政治・政策,,,1924,1932,,
憲政本党,憲(けん)政(せい)本(ほん)党(とう),260,組織・団体・政党,政治・政策,,,1898,1910,,
憲政擁護,憲(けん)政(せい)擁(よう)護(ご),267,事件・戦争・乱,政治・政策;社会運動,,,1912,1913,,
現世利益,現(げん)世(ぜ)利(り)益(やく),52;60,その他,仏教,,,,,奈良;平安,
減反政策,減(げん)反(たん)政(せい)策(さく),350,法令・政策,農林漁業,,,1970,2018,,
検地,検(けん)地(ち),134;143,法令・政策,土地・税制,,,,,戦国;安土桃山,
検地帳,検(けん)地(ち)帳(ちょう),134;143,書物・史料,土地・税制,,,,,戦国;安土桃山,
建長寺船,建(けん)長(ちょう)寺(じ)船(ぶね),116,その他,対外関係,,,1325,1325,,
検田使,検(けん)田(でん)使(し),71,制度・役職,土地・税制,,,,,平安,
遣唐使,遣(けん)唐(とう)使(し),34;41;49,組織・団体・政党,対外関係,,,630,894,,
元和の大殉教,元(げん)和(な)の大(だい)殉(じゅん)教(きょう),159,事件・戦争・乱,キリスト教,,,1622,1622,,
元服,元(げん)服(ぷく),69,その他,生活・風俗,,,,,平安,
元文一揆,元(げん)文(ぶん)一(いっ)揆(き),195,事件・戦争・乱,一揆・打ちこわし,,,1738,1738,,
言文一致,言(げん)文(ぶん)一(いっ)致(ち),290,その他,文学,,,1887,1900,,
玄昉,玄(げん)昉(ぼう),42;52,人物,仏教;政治・政策,日本,僧侶・宗教家,717,745,,
憲法講話,憲(けん)法(ぽう)講(こう)話(わ),267,書物・史料,法制・制度,,,1912,1912,,
憲法十七条,憲(けん)法(ぽう)十(じゅう)七(しち)条(じょう),33,法令・政策,法制・制度,,,604,604,,
憲法草案要綱,憲(けん)法(ぽう)草(そう)案(あん)要(よう)綱(こう),330,書物・史料,法制・制度,,,1945,1945,,
憲法問題調査委員会,憲(けん)法(ぽう)問(もん)題(だい)調(ちょう)査(さ)委(い)員(いん)会(かい),330,組織・団体・政党,法制・制度,,,1945,1946,,
建武以来追加,建(けん)武(む)以(い)来(らい)追(つい)加(か),96,法令・政策,法制・制度,,,1336,1500,,
建武式目,建(けん)武(む)式(しき)目(もく),112,法令・政策,法制・制度,,,1336,1336,,
建武の新政,建(けん)武(む)の新(しん)政(せい),111,その他,政治・政策,,,1333,1336,,
元明天皇,元(げん)明(めい)天(てん)皇(のう),42,人物,政治・政策,日本,天皇・皇族,707,715,,
硯友社,硯(けん)友(ゆう)社(しゃ),291,組織・団体・政党,文学,,,1885,1903,,
玄洋社,玄(げん)洋(よう)社(しゃ),256,組織・団体・政党,思想・学問;対外関係,,,1881,1946,,
減量経営,減(げん)量(りょう)経(けい)営(えい),356,その他,産業・工業,,,1974,1985,,
県令,県(けん)令(れい),236,制度・役職,法制・制度,,,1871,1886,,
建礼門院,建(けん)礼(れい)門(もん)院(いん),82,人物,政治・政策;女性,日本,天皇・皇族,1172,1185,,平徳子
元老,元(げん)老(ろう),261,制度・役職,政治・政策,,,1889,1940,,
元老院,元(げん)老(ろう)院(いん),247,組織・団体・政党,法制・制度,,,1875,1890,,
元禄時代,元(げん)禄(ろく)時(じ)代(だい),177,その他,政治・政策,,,1688,1704,,
元禄文化,元(げん)禄(ろく)文(ぶん)化(か),187,文化・流派,文学;美術・建築;芸能,,,1680,1710,,
呉,呉(ご),18,国・地域・王朝,対外関係,,,222,280,,
小石川後楽園,小(こ)石(いし)川(かわ)後(こう)楽(らく)園(えん),191,寺社・遺跡・場所,美術・建築,,,1629,1700,,
小石川養生所,小(こ)石(いし)川(かわ)養(よう)生(じょう)所(しょ),194,組織・団体・政党,生活・風俗,,,1722,1722,,
小泉純一郎,小(こ)泉(いずみ)純(じゅん)一(いち)郎(ろう),363,人物,政治・政策,日本,政治家,2001,2006,,
小磯国昭,小(こ)磯(いそ)国(くに)昭(あき),321,人物,政治・政策;戦争・軍事,日本,政治家;軍人,1944,1945,,
五・一五事件,五(ご)・一(いち)五(ご)事(じ)件(けん),306,事件・戦争・乱,政変・事件・反乱,,,1932,1932,,
後一条天皇,後(ご)一(いち)条(じょう)天(てん)皇(のう),64,人物,政治・政策,日本,天皇・皇族,1016,1036,,
御一新,御(ご)一(いっ)新(しん),228,その他,政治・政策,,,1868,1868,,
肥富,肥(こい)富(つみ),116,人物,対外関係;商業・流通・都市,日本,実業家,1401,1401,,
古医方,古(こ)医(い)方(ほう),198,文化・流派,思想・学問,,,,,江戸,
興,興(こう),27,人物,対外関係,日本,天皇・皇族,462,477,,倭の五王のひとり
講,講(こう),132,組織・団体・政党,仏教,,,,,室町;戦国,
郷,郷(ごう),77,制度・役職,法制・制度,,,,,奈良;平安,
弘安の役,弘(こう)安(あん)の役(えき),100,事件・戦争・乱,対外関係;戦争・軍事,,,1281,1281,,
公案問答,公(こう)案(あん)問(もん)答(どう),106,その他,仏教,,,,,鎌倉,
庚寅年籍,庚(こう)寅(いん)年(ねん)籍(じゃく),39,書物・史料,土地・税制,,,690,690,,
広益国産考,広(こう)益(えき)国(こく)産(さん)考(こう),180,書物・史料,農林漁業,,,1844,1859,,
航海奨励法,航(こう)海(かい)奨(しょう)励(れい)法(ほう),283,法令・政策,産業・工業,,,1896,1896,,
公害対策基本法,公(こう)害(がい)対(たい)策(さく)基(き)本(ほん)法(ほう),352,法令・政策,公害・環境・災害,,,1967,1967,,
広開土王（好太王）碑,広(こう)開(かい)土(ど)王(おう)（好(こう)太(たい)王(おう)）碑(ひ),20;26,書物・史料,対外関係;考古,,,414,414,,
光格天皇,光(こう)格(かく)天(てん)皇(のう),197;205;212,人物,政治・政策,日本,天皇・皇族,1779,1817,,
甲賀郡中惣,甲(こう)賀(か)郡(ぐん)中(ちゅう)惣(そう),122,組織・団体・政党,一揆・打ちこわし,,,1550,1580,,
江華島事件,江(こう)華(か)島(とう)事(じ)件(けん),245,事件・戦争・乱,対外関係,,,1875,1875,,
公議所,公(こう)議(ぎ)所(しょ),229,組織・団体・政党,政治・政策,,,1869,1869,,
高句麗,高(こう)句(く)麗(り),26,国・地域・王朝,対外関係,,,-37,668,,
高家,高(こう)家(け),178,制度・役職,政治・政策,,,,,江戸,
孝謙天皇,孝(こう)謙(けん)天(てん)皇(のう),46,人物,政治・政策,日本,天皇・皇族,749,758,,
郷戸,郷(ごう)戸(こ),40,制度・役職,土地・税制,,,,,奈良,
郷校（郷学）,郷(ごう)校(こう)（郷(ごう)学(がく)）,200,組織・団体・政党,教育,,,,,江戸,
庚午年籍,庚(こう)午(ご)年(ねん)籍(じゃく),38,書物・史料,土地・税制,,,670,670,,
甲午農民戦争,甲(こう)午(ご)農(のう)民(みん)戦(せん)争(そう),258,事件・戦争・乱,対外関係;農民運動,,,1894,1894,,
光厳天皇,光(こう)厳(ごん)天(てん)皇(のう),111,人物,政治・政策,日本,天皇・皇族,1331,1333,,
高山国,高(こう)山(ざん)国(こく),145,国・地域・王朝,対外関係,,,1593,1593,,台湾のこと
貢士,貢(こう)士(し),229,制度・役職,政治・政策,,,1868,1869,,
郷司,郷(ごう)司(じ),77,制度・役職,土地・税制,,,,,平安,
皇室典範,皇(こう)室(しつ)典(てん)範(ぱん),253,法令・政策,法制・制度,,,1889,1889,,
甲州道中,甲(こう)州(しゅう)道(どう)中(ちゅう),182,寺社・遺跡・場所,商業・流通・都市,,,,,江戸,
交詢社,交(こう)詢(じゅん)社(しゃ),249,組織・団体・政党,社会運動;思想・学問,,,1880,1880,,
豪商,豪(ごう)商(しょう),175,その他,商業・流通・都市,,,,,江戸,
考証学派,考(こう)証(しょう)学(がく)派(は),200,文化・流派,思想・学問,,,,,江戸,
工場制手工業,工(こう)場(じょう)制(せい)手(しゅ)工(こう)業(ぎょう),212,その他,産業・工業,,,1800,1860,,マニュファクチュア
工場法,工(こう)場(じょう)法(ほう),266;287,法令・政策,労働運動;産業・工業,,,1911,1916,,
好色一代男,好(こう)色(しょく)一(いち)代(だい)男(おとこ),188,書物・史料,文学,,,1682,1682,,
公職追放,公(こう)職(しょく)追(つい)放(ほう),327,法令・政策,政治・政策,,,1946,1952,,
庚申講,庚(こう)申(しん)講(こう),218,組織・団体・政党,生活・風俗,,,,,江戸,
甲申事変,甲(こう)申(しん)事(じ)変(へん),258,事件・戦争・乱,対外関係,,,1884,1884,,
更新世,更(こう)新(しん)世(せい),6,その他,考古,,,,,旧石器,
荒神谷遺跡,荒(こう)神(じん)谷(だに)遺(い)跡(せき),17,寺社・遺跡・場所,考古,,,,,弥生,
強訴,強(ごう)訴(そ),80,事件・戦争・乱,仏教;政変・事件・反乱,,,,,平安,
皇族将軍,皇(こう)族(ぞく)将(しょう)軍(ぐん),97,制度・役職,政治・政策,,,1252,1333,,
小歌,小(こ)歌(うた),130,文化・流派,芸能,,,,,室町,
幸田露伴,幸(こう)田(だ)露(ろ)伴(はん),291,人物,文学,日本,文学者,1889,1947,,
小袿,小(こ)袿(うちき),69,その他,生活・風俗,,,,,平安,
公地公民制,公(こう)地(ち)公(こう)民(みん)制(せい),37,制度・役職,土地・税制,,,646,646,,
郷帳,郷(ごう)帳(ちょう),155,書物・史料,土地・税制,,,1605,1700,,
皇道派,皇(こう)道(どう)派(は),309,組織・団体・政党,戦争・軍事;政変・事件・反乱,,,1930,1936,,
幸徳秋水,幸(こう)徳(とく)秋(しゅう)水(すい),262,人物,社会運動,日本,社会運動家,1901,1911,,
孝徳天皇,孝(こう)徳(とく)天(てん)皇(のう),37,人物,政治・政策,日本,天皇・皇族,645,654,,
高度経済成長,高(こう)度(ど)経(けい)済(ざい)成(せい)長(ちょう),347,その他,産業・工業,,,1955,1973,,
抗日救国運動,抗(こう)日(にち)救(きゅう)国(こく)運(うん)動(どう),311,事件・戦争・乱,対外関係;社会運動,,,1935,1936,,
抗日民族統一戦線,抗(こう)日(にち)民(みん)族(ぞく)統(とう)一(いつ)戦(せん)線(せん),312,組織・団体・政党,対外関係;戦争・軍事,,,1937,1945,,
弘仁格式,弘(こう)仁(にん)格(きゃく)式(しき),57,法令・政策,法制・制度,,,820,820,,
弘仁・貞観文化,弘(こう)仁(にん)・貞(じょう)観(がん)文(ぶん)化(か),58,文化・流派,仏教;美術・建築,,,794,894,,
光仁天皇,光(こう)仁(にん)天(てん)皇(のう),47,人物,政治・政策,日本,天皇・皇族,770,781,,
鴻池,鴻(こうの)池(いけ),184,組織・団体・政党,商業・流通・都市;貨幣・金融,,,,,江戸,
豪農,豪(ごう)農(のう),186;194,その他,農林漁業;身分・社会構造,,,,,江戸,
河野広中,河(こう)野(の)広(ひろ)中(なか),250,人物,社会運動,日本,社会運動家,1880,1923,,
高師直,高(こうの)師(もろ)直(なお),112,人物,戦争・軍事;政治・政策,日本,武家,1336,1351,,
公武合体,公(こう)武(ぶ)合(がっ)体(たい),224,法令・政策,政治・政策,,,1860,1864,,
興福寺,興(こう)福(ふく)寺(じ),43,寺社・遺跡・場所,仏教,,,710,710,,
興福寺仏頭,興(こう)福(ふく)寺(じ)仏(ぶっ)頭(とう),49,作品,美術・建築;仏教,,,685,685,,
工部省,工(こう)部(ぶ)省(しょう),240,組織・団体・政党,産業・工業,,,1870,1885,,
光武帝,光(こう)武(ぶ)帝(てい),18,人物,対外関係,中国,国王・皇帝（外国）,25,57,,
工部美術学校,工(こう)部(ぶ)美(び)術(じゅつ)学(がっ)校(こう),292,組織・団体・政党,美術・建築;教育,,,1876,1883,,
弘文院,弘(こう)文(ぶん)院(いん),59,組織・団体・政党,教育,,,800,800,,
高弁,高(こう)弁(べん),106,人物,仏教,日本,僧侶・宗教家,1206,1232,,明恵
光明子（光明皇太后）,光(こう)明(みょう)子(し)（光(こう)明(みょう)皇(こう)太(たい)后(ごう)）,45;54,人物,政治・政策;仏教;女性,日本,天皇・皇族,729,760,,
光明天皇,光(こう)明(みょう)天(てん)皇(のう),112,人物,政治・政策,日本,天皇・皇族,1336,1348,,
皇民化政策,皇(こう)民(みん)化(か)政(せい)策(さく),318,法令・政策,植民地,,,1937,1945,,
孝明天皇,孝(こう)明(めい)天(てん)皇(のう),222,人物,政治・政策,日本,天皇・皇族,1846,1866,,
公明党,公(こう)明(めい)党(とう),344,組織・団体・政党,政治・政策,,,1964,1964,,
紅毛人,紅(こう)毛(もう)人(じん),160,その他,対外関係,,,1600,1641,,
河本大作,河(こう)本(もと)大(だい)作(さく),303,人物,戦争・軍事,日本,軍人,1928,1928,,
高野山,高(こう)野(や)山(さん),59,寺社・遺跡・場所,仏教,,,816,816,,
高野詣,高(こう)野(や)詣(もうで),79,その他,仏教,,,1090,1200,,
高麗,高(こう)麗(らい),65,国・地域・王朝,対外関係,,,918,1392,,
小売商人,小(こ)売(うり)商(しょう)人(にん),175,その他,商業・流通・都市,,,,,江戸,
公領,公(こう)領(りょう),76,制度・役職,土地・税制,,,,,平安;鎌倉,
幸若舞,幸(こう)若(わか)舞(まい),130,文化・流派,芸能,,,,,室町,
評,評(こおり),37,制度・役職,法制・制度,,,646,701,,
御恩,御(ご)恩(おん),92,制度・役職,身分・社会構造,,,1185,1333,,
五街道,五(ご)街(かい)道(どう),182,寺社・遺跡・場所,商業・流通・都市,,,,,江戸,
古学派,古(こ)学(がく)派(は),189,文化・流派,思想・学問,,,1660,1730,,
古河公方,古(こ)河(が)公(く)方(ぼう),132,制度・役職,政治・政策,,,1455,1583,,
五箇条の誓文,五(ご)箇(か)条(じょう)の誓(せい)文(もん),228;232,法令・政策,政治・政策,,,1868,1868,,
五カ所商人,五(ご)カ所(しょ)商(しょう)人(にん),161,組織・団体・政党,対外関係;商業・流通・都市,,,1631,1655,,
古賀精里,古(こ)賀(が)精(せい)里(り),205,人物,思想・学問,日本,学者・思想家,1796,1817,,
後漢書東夷伝,後(ご)漢(かん)書(じょ)東(とう)夷(い)伝(でん),17;20,書物・史料,対外関係,,,,,弥生,
古義堂,古(こ)義(ぎ)堂(どう),201,組織・団体・政党,教育,,,1662,1906,,
古今伝授,古(こ)今(きん)伝(でん)授(じゅ),129,その他,文学,,,1471,1600,,
古今和歌集,古(こ)今(きん)和(わ)歌(か)集(しゅう),63;65,書物・史料,文学,,,905,905,,
国衙,国(こく)衙(が),44,寺社・遺跡・場所,政治・政策,,,,,奈良;平安,
国学［古代］,国(こく)学(がく)［古(こ)代(だい)］,51,組織・団体・政党,教育,,,,,奈良;平安,
国学［近世］,国(こく)学(がく)［近(きん)世(せい)］,190;199,文化・流派,思想・学問,,,1680,1850,,
国衙領,国(こく)衙(が)領(りょう),76,制度・役職,土地・税制,,,,,平安;鎌倉,
国・郡・里,国(こく)・郡(ぐん)・里(り),39,制度・役職,法制・制度,,,701,715,,
国際通貨基金,国(こく)際(さい)通(つう)貨(か)基(き)金(きん),345,組織・団体・政党,貨幣・金融;対外関係,,,1945,1945,,IMF
国際復興開発銀行,国(こく)際(さい)復(ふっ)興(こう)開(かい)発(はつ)銀(ぎん)行(こう),333,組織・団体・政党,貨幣・金融;対外関係,,,1945,1945,,IBRD（世界銀行）
国際連合,国(こく)際(さい)連(れん)合(ごう),325,組織・団体・政党,対外関係,,,1945,1945,,
国際連盟,国(こく)際(さい)連(れん)盟(めい),272,組織・団体・政党,対外関係,,,1920,1946,,
国際連盟脱退,国(こく)際(さい)連(れん)盟(めい)脱(だっ)退(たい),307,事件・戦争・乱,対外関係,,,1933,1933,,
国策,国(こく)策(さく),314,その他,政治・政策,,,1936,1945,,要確認：用語名が読み取りにくい
国司,国(こく)司(し),39,制度・役職,政治・政策,,,,,飛鳥;奈良;平安,
国人,国(こく)人(じん),113,その他,身分・社会構造;戦争・軍事,,,,,室町,
国人一揆,国(こく)人(じん)一(いっ)揆(き),114,事件・戦争・乱,一揆・打ちこわし,,,,,室町,
国性（姓）爺合戦,国(こく)性(せん)（姓(せん)）爺(や)合(かっ)戦(せん),188,作品,芸能;文学,,,1715,1715,,
国訴,国(こく)訴(そ),211,事件・戦争・乱,一揆・打ちこわし;商業・流通・都市,,,1823,1823,,
国体の本義,国(こく)体(たい)の本(ほん)義(ぎ),315,書物・史料,思想・学問;教育,,,1937,1937,,
国体明徴声明,国(こく)体(たい)明(めい)徴(ちょう)声(せい)明(めい),309,法令・政策,思想・学問,,,1935,1935,,
石高,石(こく)高(だか),143;155,制度・役職,土地・税制,,,1582,1873,,
国定教科書,国(こく)定(てい)教(きょう)科(か)書(しょ),290,その他,教育,,,1903,1947,,
国府,国(こ)府(くふ),44,寺社・遺跡・場所,政治・政策,,,,,奈良;平安,
国風文化,国(こく)風(ふう)文(ぶん)化(か),65,文化・流派,文学;美術・建築,,,894,1086,,
国分寺,国(こく)分(ぶん)寺(じ),44;46,寺社・遺跡・場所,仏教,,,741,741,,
国分寺建立の詔,国(こく)分(ぶん)寺(じ)建(こん)立(りゅう)の詔(みことのり),46,法令・政策,仏教,,,741,741,,
国分尼寺,国(こく)分(ぶん)尼(に)寺(じ),46,寺社・遺跡・場所,仏教,,,741,741,,
国防会議,国(こく)防(ぼう)会(かい)議(ぎ),341,組織・団体・政党,戦争・軍事,,,1956,1986,,
国民学校,国(こく)民(みん)学(がっ)校(こう),318,組織・団体・政党,教育;戦争・軍事,,,1941,1947,,
国民協会,国(こく)民(みん)協(きょう)会(かい),255,組織・団体・政党,政治・政策,,,1892,1899,,
国民協同党,国(こく)民(みん)協(きょう)同(どう)党(とう),332,組織・団体・政党,政治・政策,,,1947,1950,,
国民精神総動員運動,国(こく)民(みん)精(せい)神(しん)総(そう)動(どう)員(いん)運(うん)動(どう),315,事件・戦争・乱,戦争・軍事,,,1937,1940,,
国民徴用令,国(こく)民(みん)徴(ちょう)用(よう)令(れい),314,法令・政策,戦争・軍事,,,1939,1939,,
国民之友,国(こく)民(みんの)之(の)友(とも),251,書物・史料,思想・学問,,,1887,1898,,
国免荘,国(こく)免(めん)荘(しょう),71,その他,土地・税制,,,,,平安,
黒曜石,黒(こく)曜(よう)石(せき),11,その他,考古,,,,,縄文,
国立銀行,国(こく)立(りつ)銀(ぎん)行(こう),279,組織・団体・政党,貨幣・金融,,,1873,1899,,
国立銀行条例,国(こく)立(りつ)銀(ぎん)行(こう)条(じょう)例(れい),279,法令・政策,貨幣・金融,,,1872,1872,,
国連加盟,国(こく)連(れん)加(か)盟(めい),341,事件・戦争・乱,対外関係,,,1956,1956,,
国連平和維持活動,国(こく)連(れん)平(へい)和(わ)維(い)持(じ)活(かつ)動(どう),360,その他,対外関係;戦争・軍事,,,1992,1992,,PKO
国連平和維持活動協力法,国(こく)連(れん)平(へい)和(わ)維(い)持(じ)活(かつ)動(どう)協(きょう)力(りょく)法(ほう),360,法令・政策,対外関係;戦争・軍事,,,1992,1992,,PKO協力法
御家人［中世］,御(ご)家(け)人(にん)［中(ちゅう)世(せい)］,82;92,その他,身分・社会構造;戦争・軍事,,,1180,1333,,
御家人［近世］,御(ご)家(け)人(にん)［近(きん)世(せい)］,156,その他,身分・社会構造,,,1603,1867,,
護憲運動（第1次）,護(ご)憲(けん)運(うん)動(どう)（第(だい)1次(じ)）,267,事件・戦争・乱,社会運動;政治・政策,,,1912,1913,,
護憲運動（第2次）,護(ご)憲(けん)運(うん)動(どう)（第(だい)2次(じ)）,277,事件・戦争・乱,社会運動;政治・政策,,,1924,1924,,
護憲三派,護(ご)憲(けん)三(さん)派(ぱ),277,組織・団体・政党,政治・政策,,,1924,1925,,
小御所会議,小(こ)御(ご)所(しょ)会(かい)議(ぎ),228,条約・協定・会議,政治・政策,,,1867,1867,,
古今著聞集,古(こ)今(こん)著(ちょ)聞(もん)集(じゅう),107,書物・史料,文学,,,1254,1254,,
後嵯峨上皇,後(ご)嵯(さ)峨(が)上(じょう)皇(こう),97,人物,政治・政策,日本,天皇・皇族,1246,1272,,
小作争議,小(こ)作(さく)争(そう)議(ぎ),288,事件・戦争・乱,農民運動,,,1917,1941,,
小作農,小(こ)作(さく)農(のう),249,その他,農林漁業;身分・社会構造,,,1880,1946,,
五山・十刹,五(ご)山(ざん)・十(じっ)刹(せつ),126,制度・役職,仏教,,,1386,1500,,
五・三〇事件,五(ご)・三(さん)〇(まる)事(じ)件(けん),275,事件・戦争・乱,対外関係;労働運動,,,1925,1925,,
後三条天皇,後(ご)三(さん)条(じょう)天(てん)皇(のう),76,人物,政治・政策,日本,天皇・皇族,1068,1073,,
後三年合戦,後(ご)三(さん)年(ねん)合(かっ)戦(せん),77,事件・戦争・乱,戦争・軍事,,,1083,1087,,
後三年合戦絵巻,後(ご)三(さん)年(ねん)合(かっ)戦(せん)絵(え)巻(まき),83,作品,美術・建築,,,1171,1171,,
五山版,五(ご)山(ざん)版(ばん),127,書物・史料,仏教;文学,,,,,室町,
五山文学,五(ご)山(ざん)文(ぶん)学(がく),127,文化・流派,文学;仏教,,,,,室町,
五・四運動,五(ご)・四(し)運(うん)動(どう),273,事件・戦争・乱,対外関係;社会運動,,,1919,1919,,
古事記,古(こ)事(じ)記(き),28;50,書物・史料,文学;思想・学問,,,712,712,,
五色の賤,五(ご)色(しき)の賤(せん),41,制度・役職,身分・社会構造,,,,,奈良,
古寺巡礼,古(こ)寺(じ)巡(じゅん)礼(れい),298,書物・史料,思想・学問,,,1919,1919,,
越荷方,越(こし)荷(に)方(かた),212,制度・役職,商業・流通・都市;政治・政策,,,1838,1850,,
児島惟謙,児(こ)島(じま)惟(い)謙(けん),257,人物,法制・制度,日本,政治家,1891,1892,,
コシャマイン,コシャマイン,119,人物,北方・アイヌ,日本,その他,1457,1457,,
55年体制,55年(ねん)体(たい)制(せい),341,その他,政治・政策,,,1955,1993,,
呉春,呉(ご)春(しゅん),217,人物,美術・建築,日本,芸術家,1780,1811,,
古浄瑠璃,古(こ)浄(じょう)瑠(る)璃(り),130,文化・流派,芸能,,,,,室町;江戸,
後白河天皇（上皇）,後(ご)白(しら)河(かわ)天(てん)皇(のう)（上(じょう)皇(こう)）,78;81,人物,政治・政策,日本,天皇・皇族,1155,1192,,
子代,子(こ)代(しろ),32,制度・役職,身分・社会構造,,,,,古墳,
小新聞,小(こ)新(しん)聞(ぶん),251,その他,文学;生活・風俗,,,1874,1890,,
御親兵,御(ご)親(しん)兵(ぺい),236,組織・団体・政党,戦争・軍事,,,1871,1872,,
後朱雀天皇,後(ご)朱(す)雀(ざく)天(てん)皇(のう),64,人物,政治・政策,日本,天皇・皇族,1036,1045,,
御成敗式目,御(ご)成(せい)敗(ばい)式(しき)目(もく),95;112;131,法令・政策,法制・制度,,,1232,1232,,
戸籍,戸(こ)籍(せき),40,書物・史料,土地・税制,,,,,飛鳥;奈良,
五節句,五(ご)節(せっ)句(く),218,その他,生活・風俗,,,,,江戸,
御前帳,御(ご)前(ぜん)帳(ちょう),145,書物・史料,土地・税制,,,1591,1591,,
小袖,小(こ)袖(そで),148,その他,生活・風俗,,,,,室町;安土桃山;江戸,
五大改革,五(ご)大(だい)改(かい)革(かく),327,法令・政策,政治・政策,,,1945,1945,,
後醍醐天皇,後(ご)醍(だい)醐(ご)天(てん)皇(のう),107;110,人物,政治・政策,日本,天皇・皇族,1318,1339,,
五大老,五(ご)大(たい)老(ろう),146,制度・役職,政治・政策,,,1598,1600,,
国会開設の勅諭,国(こっ)会(かい)開(かい)設(せつ)の勅(ちょく)諭(ゆ),249,法令・政策,政治・政策,,,1881,1881,,
国会期成同盟,国(こっ)会(かい)期(き)成(せい)同(どう)盟(めい),248,組織・団体・政党,社会運動,,,1880,1881,,
国家改造運動,国(こっ)家(か)改(かい)造(ぞう)運(うん)動(どう),306,事件・戦争・乱,政変・事件・反乱;思想・学問,,,1930,1936,,
骨角器,骨(こっ)角(かく)器(き),10,その他,考古,,,,,縄文,
国家社会主義,国(こっ)家(か)社(しゃ)会(かい)主(しゅ)義(ぎ),308,文化・流派,思想・学問;社会運動,,,1932,1945,,
国家主義,国(こっ)家(か)主(しゅ)義(ぎ),260,文化・流派,思想・学問,,,1890,1945,,要確認：ページ番号
国家総動員法,国(こっ)家(か)総(そう)動(どう)員(いん)法(ほう),313,法令・政策,戦争・軍事,,,1938,1938,,
国共合作（第1次）,国(こっ)共(きょう)合(がっ)作(さく)（第(だい)1次(じ)）,302,条約・協定・会議,対外関係,,,1924,1927,,
国共合作（第2次）,国(こっ)共(きょう)合(がっ)作(さく)（第(だい)2次(じ)）,312,条約・協定・会議,対外関係,,,1937,1945,,
滑稽本,滑(こっ)稽(けい)本(ぼん),216,文化・流派,文学,,,1800,1850,,
国権論,国(こっ)権(けん)論(ろん),251,文化・流派,思想・学問,,,1880,1895,,要確認：ページ番号
固定相場制,固(こ)定(てい)相(そう)場(ば)制(せい),345;353,制度・役職,貨幣・金融,,,1949,1973,,要確認：ページ番号
後藤庄三郎,後(ご)藤(とう)庄(しょう)三(ざぶ)郎(ろう),184,人物,貨幣・金融,日本,実業家,1595,1625,,
後藤象二郎,後(ご)藤(とう)象(しょう)二(じ)郎(ろう),227;246,人物,政治・政策,日本,政治家,1867,1897,,
後藤祐乗,後(ご)藤(とう)祐(ゆう)乗(じょう),129,人物,美術・建築,日本,芸術家,1460,1512,,
後鳥羽上皇,後(ご)鳥(と)羽(ば)上(じょう)皇(こう),94,人物,政治・政策,日本,天皇・皇族,1198,1221,,
小西行長,小(こ)西(にし)行(ゆき)長(なが),146;159,人物,戦争・軍事;キリスト教,日本,武家,1585,1600,,
小西隆佐,小(こ)西(にし)隆(りゅう)佐(さ),144,人物,商業・流通・都市,日本,実業家,1580,1593,,
五人組,五(ご)人(にん)組(ぐみ),169,制度・役職,身分・社会構造,,,,,江戸,
近衛声明,近(この)衛(え)声(せい)明(めい),312,法令・政策,対外関係;戦争・軍事,,,1938,1938,,
近衛文麿,近(この)衛(え)文(ふみ)麿(まろ),310,人物,政治・政策,日本,政治家,1937,1941,,
小林一三,小(こ)林(ばやし)一(いち)三(ぞう),297,人物,産業・工業,日本,実業家,1910,1940,,
小林一茶,小(こ)林(ばやし)一(いっ)茶(さ),216,人物,文学,日本,文学者,1790,1827,,
小林多喜二,小(こ)林(ばやし)多(た)喜(き)二(じ),299,人物,文学,日本,文学者,1929,1933,,
五品江戸廻送令,五(ご)品(ひん)江(え)戸(ど)廻(かい)送(そう)令(れい),224,法令・政策,商業・流通・都市;対外関係,,,1860,1860,,
後深草上皇,後(ご)深(ふか)草(くさ)上(じょう)皇(こう),110,人物,政治・政策,日本,天皇・皇族,1246,1304,,
五奉行,五(ご)奉(ぶ)行(ぎょう),146,制度・役職,政治・政策,,,1585,1600,,
古墳,古(こ)墳(ふん),24,その他,考古,,,,,古墳,
五榜の掲示,五(ご)榜(ぼう)の掲(けい)示(じ),229,法令・政策,政治・政策;キリスト教,,,1868,1868,,
小牧・長久手の戦い,小(こ)牧(まき)・長(なが)久(く)手(て)の戦(たたか)い,142,事件・戦争・乱,戦争・軍事,,,1584,1584,,
後水尾天皇,後(ご)水(みず)尾(のお)天(てん)皇(のう),157,人物,政治・政策,日本,天皇・皇族,1611,1629,,
小村寿太郎,小(こ)村(むら)寿(じゅ)太(た)郎(ろう),257,人物,対外関係,日本,政治家,1901,1911,,
米騒動,米(こめ)騒(そう)動(どう),271,事件・戦争・乱,社会運動;一揆・打ちこわし,,,1918,1918,,
小物成,小(こ)物(もの)成(なり),169,制度・役職,土地・税制,,,,,江戸,
後陽成天皇,後(ご)陽(よう)成(ぜい)天(てん)皇(のう),142,人物,政治・政策,日本,天皇・皇族,1586,1611,,
御霊会,御(ご)霊(りょう)会(え),66;83,その他,神道;生活・風俗,,,,,平安,
五稜郭,五(ご)稜(りょう)郭(かく),228,寺社・遺跡・場所,戦争・軍事,,,1868,1869,,
御料所,御(ご)料(りょう)所(しょ),115,制度・役職,土地・税制,,,,,室町,
後冷泉天皇,後(ご)冷(れい)泉(ぜい)天(てん)皇(のう),64,人物,政治・政策,日本,天皇・皇族,1045,1068,,
コレジオ,コレジオ,149,組織・団体・政党,キリスト教;教育,,,1580,1614,,
伊治呰麻呂,伊(これ)治(はるの)呰(あざ)麻(ま)呂(ろ),56,人物,北方・アイヌ;政変・事件・反乱,日本,その他,780,780,,
惟宗直本,惟(これ)宗(むねの)直(なお)本(もと),57,人物,法制・制度,日本,公家・貴族,868,900,,
ゴローウニン事件,ゴローウニン事(じ)件(けん),207,事件・戦争・乱,対外関係;北方・アイヌ,,,1811,1813,,
権現造,権(ごん)現(げん)造(づくり),165,文化・流派,美術・建築;神道,,,1617,1650,,
金光教,金(こん)光(こう)教(きょう),230,文化・流派,神道,,,1859,1859,,
金剛峰寺,金(こん)剛(ごう)峰(ぶ)寺(じ),59,寺社・遺跡・場所,仏教,,,816,816,,
今昔物語集,今(こん)昔(じゃく)物(もの)語(がたり)集(しゅう),83,書物・史料,文学,,,1120,1120,,
誉田御廟山古墳,誉(こん)田(だ)御(ご)廟(びょう)山(やま)古(こ)墳(ふん),26,寺社・遺跡・場所,考古,,,,,古墳,
金地院崇伝,金(こん)地(ち)院(いん)崇(すう)伝(でん),155,人物,政治・政策;仏教,日本,僧侶・宗教家,1608,1633,,
コンツェルン（企業連携）,コンツェルン（企(き)業(ぎょう)連(れん)携(けい)）,284,その他,産業・工業,,,1900,1945,,
健児,健(こん)児(でい),56,制度・役職,戦争・軍事,,,792,792,,
墾田永年私財法,墾(こん)田(でん)永(えい)年(ねん)私(し)財(ざい)法(ほう),48,法令・政策,土地・税制,,,743,743,,
近藤重蔵,近(こん)藤(どう)重(じゅう)蔵(ぞう),206,人物,北方・アイヌ,日本,武家,1798,1808,,
コンビニエンスストア（コンビニ）,コンビニエンスストア（コンビニ）,358,その他,商業・流通・都市;生活・風俗,,,1974,1990,,
困民党,困(こん)民(みん)党(とう),250,組織・団体・政党,農民運動;社会運動,,,1884,1884,,
座,座(ざ),101;124,組織・団体・政党,商業・流通・都市,,,,,鎌倉;室町;戦国,
西園寺公望,西(さい)園(おん)寺(じ)公(きん)望(もち),261;265,人物,政治・政策,日本,政治家,1894,1940,,
在華紡,在(ざい)華(か)紡(ぼう),275;295,その他,産業・工業;対外関係,,,1918,1937,,
西行,西(さい)行(ぎょう),106,人物,文学;仏教,日本,文学者,1140,1190,,
最恵国待遇,最(さい)恵(けい)国(こく)待(たい)遇(ぐう),222,その他,対外関係;条約・会議,,,1854,1911,,
在郷軍人会,在(ざい)郷(ごう)軍(ぐん)人(じん)会(かい),266,組織・団体・政党,戦争・軍事,,,1910,1945,,
西郷隆盛,西(さい)郷(ごう)隆(たか)盛(もり),226;228;237;245;246,人物,政治・政策;政変・事件・反乱,日本,政治家;武家,1862,1877,,
在郷町,在(ざい)郷(ごう)町(まち),168,その他,商業・流通・都市,,,,,江戸,
西国立志編,西(さい)国(ごく)立(りっ)志(し)編(へん),242,書物・史料,思想・学問,,,1871,1871,,
税所,税(さい)所(しょ),77,制度・役職,土地・税制,,,,,平安,
細石器,細(さい)石(せっ)器(き),8,その他,考古,,,,,旧石器,
最澄,最(さい)澄(ちょう),59,人物,仏教,日本,僧侶・宗教家,805,822,,
在庁官人,在(ざい)庁(ちょう)官(かん)人(じん),71;91,制度・役職,政治・政策,,,,,平安;鎌倉,
斎藤隆夫,斎(さい)藤(とう)隆(たか)夫(お),317,人物,政治・政策,日本,政治家,1936,1940,,
斎藤実,斎(さい)藤(とう)実(まこと),306,人物,政治・政策,日本,政治家;軍人,1932,1934,,
済南事件,済(さい)南(なん)事(じ)件(けん),302,事件・戦争・乱,対外関係;戦争・軍事,,,1928,1928,,
財閥,財(ざい)閥(ばつ),283;328,組織・団体・政党,産業・工業,,,1880,1945,,
財閥解体,財(ざい)閥(ばつ)解(かい)体(たい),328,法令・政策,産業・工業,,,1945,1947,,
催馬楽,催(さい)馬(ば)楽(ら),83,文化・流派,芸能,,,,,平安,
割符,割(さい)符(ふ),125,その他,貨幣・金融,,,,,鎌倉;室町,
斉明天皇,斉(さい)明(めい)天(てん)皇(のう),38,人物,政治・政策,日本,天皇・皇族,655,661,,
西面の武士,西(さい)面(めん)の武(ぶ)士(し),94,制度・役職,戦争・軍事,,,1200,1221,,
采覧異言,采(さい)覧(らん)異(い)言(げん),198,書物・史料,対外関係;思想・学問,,,1713,1713,,
左院,左(さ)院(いん),237,制度・役職,法制・制度,,,1871,1875,,
堺,堺(さかい),136,寺社・遺跡・場所,商業・流通・都市,,,,,室町;戦国,
酒井田柿右衛門,酒(さか)井(い)田(だ)柿(かき)右衛門(えもん),166,人物,美術・建築,日本,芸術家,1640,1666,,
堺利彦,堺(さかい)利(とし)彦(ひこ),262;276,人物,社会運動,日本,社会運動家,1903,1933,,
坂下門外の変,坂(さか)下(した)門(もん)外(がい)の変(へん),225,事件・戦争・乱,政変・事件・反乱,,,1862,1862,,
坂田藤十郎,坂(さか)田(た)藤(とう)十(じゅう)郎(ろう),188,人物,芸能,日本,芸術家,1678,1709,,
嵯峨天皇,嵯(さ)峨(が)天(てん)皇(のう),57;61,人物,政治・政策,日本,天皇・皇族,809,823,,
坂上田村麻呂,坂(さかの)上(うえの)田(た)村(むら)麻(ま)呂(ろ),56,人物,戦争・軍事;北方・アイヌ,日本,軍人,797,811,,
佐賀の乱,佐(さ)賀(が)の乱(らん),246,事件・戦争・乱,政変・事件・反乱,,,1874,1874,,
坂本龍馬,坂(さか)本(もと)龍(りょう)馬(ま),227,人物,政治・政策,日本,武家,1864,1867,,
酒屋,酒(さか)屋(や),124,その他,商業・流通・都市;貨幣・金融,,,,,室町,
酒屋役,酒(さか)屋(や)役(やく),115,制度・役職,土地・税制,,,,,室町,
佐川急便事件,佐(さ)川(がわ)急(きゅう)便(びん)事(じ)件(けん),360,事件・戦争・乱,政変・事件・反乱,,,1992,1992,,
防人,防(さき)人(もり),38;41,制度・役職,戦争・軍事,,,664,795,,
防人歌,防(さき)人(もり)歌(うた),51,作品,文学,,,759,759,,
左京職,左(さ)京(きょう)職(しき),39,制度・役職,法制・制度,,,,,奈良;平安,
佐久間象山,佐(さ)久(く)間(ま)象(しょう)山(ざん),215,人物,思想・学問,日本,学者・思想家,1840,1864,,
桜会,桜(さくら)会(かい),306,組織・団体・政党,戦争・軍事;政変・事件・反乱,,,1930,1931,,
佐倉惣五郎,佐(さ)倉(くら)惣(そう)五(ご)郎(ろう),195,人物,一揆・打ちこわし,日本,その他,1652,1653,,
桜田門外の変,桜(さくら)田(だ)門(もん)外(がい)の変(へん),224,事件・戦争・乱,政変・事件・反乱,,,1860,1860,,
座繰製糸,座(ざ)繰(ぐり)製(せい)糸(し),282,その他,産業・工業,,,1860,1900,,
鎖国,鎖(さ)国(こく),162;175;187,法令・政策,対外関係,,,1639,1854,,
雑喉場魚市場,雑(ざ)喉(こ)場(ば)魚(うお)市(いち)場(ば),187,寺社・遺跡・場所,商業・流通・都市,,,,,江戸,
佐々木高行,佐(さ)々(さ)木(き)高(たか)行(ゆき),237,人物,政治・政策,日本,政治家,1871,1885,,
座敷浄瑠璃,座(ざ)敷(しき)浄(じょう)瑠(る)璃(り),202,文化・流派,芸能,,,,,江戸,
指出検地,指(さし)出(だし)検(けん)地(ち),134,法令・政策,土地・税制,,,,,戦国,
坐禅,坐(ざ)禅(ぜん),105,その他,仏教,,,,,鎌倉,
佐竹義和,佐(さ)竹(たけ)義(よし)和(まさ),206,人物,政治・政策,日本,武家,1785,1815,,
沙汰人,沙(さ)汰(た)人(にん),119,制度・役職,身分・社会構造,,,,,室町,
薩英戦争,薩(さつ)英(えい)戦(せん)争(そう),226,事件・戦争・乱,対外関係;戦争・軍事,,,1863,1863,,
雑訴決断所,雑(ざっ)訴(そ)決(けつ)断(だん)所(しょ),111,制度・役職,法制・制度,,,1333,1336,,
薩長連合（薩長同盟）,薩(さっ)長(ちょう)連(れん)合(ごう)（薩(さっ)長(ちょう)同(どう)盟(めい)）,227,条約・協定・会議,政治・政策,,,1866,1866,,
薩南学派,薩(さつ)南(なん)学(がく)派(は),131,文化・流派,思想・学問,,,,,室町;戦国,
札幌農学校,札(さっ)幌(ぽろ)農(のう)学(がっ)校(こう),241,組織・団体・政党,教育;北方・アイヌ,,,1876,1876,,
薩摩焼,薩(さつ)摩(ま)焼(やき),166,文化・流派,美術・建築,,,1600,1700,,
擦文文化,擦(さつ)文(もん)文(ぶん)化(か),13;101,文化・流派,北方・アイヌ;考古,,,,,奈良;平安;鎌倉,
佐藤栄作,佐(さ)藤(とう)栄(えい)作(さく),343,人物,政治・政策,日本,政治家,1964,1972,,
佐藤信淵,佐(さ)藤(とう)信(のぶ)淵(ひろ),214,人物,思想・学問,日本,学者・思想家,1800,1850,,
佐野学,佐(さ)野(の)学(まなぶ),309,人物,社会運動,日本,社会運動家,1922,1933,,
サミット,サミット,354,条約・協定・会議,対外関係,,,1975,1975,,先進国首脳会議
侍,侍(さむらい),73,その他,戦争・軍事;身分・社会構造,,,,,平安,
侍所［鎌倉］,侍(さむらい)所(どころ)［鎌(かま)倉(くら)］,92,制度・役職,戦争・軍事,,,1180,1333,,
侍所［室町］,侍(さむらい)所(どころ)［室(むろ)町(まち)］,114,制度・役職,戦争・軍事,,,1336,1573,,
猿楽,猿(さる)楽(がく),83,文化・流派,芸能,,,,,平安,
猿楽能,猿(さる)楽(がく)能(のう),127,文化・流派,芸能,,,,,室町,
早良親王,早(さ)良(わら)親(しん)王(のう),55,人物,政変・事件・反乱,日本,天皇・皇族,781,785,,
讃,讃(さん),27,人物,対外関係,日本,天皇・皇族,421,438,,倭の五王のひとり
三・一五事件,三(さん)・一(いち)五(ご)事(じ)件(けん),302,事件・戦争・乱,社会運動,,,1928,1928,,
三・一独立運動,三(さん)・一(いち)独(どく)立(りつ)運(うん)動(どう),273,事件・戦争・乱,植民地;社会運動,,,1919,1919,,
三院制,三(さん)院(いん)制(せい),237,制度・役職,法制・制度,,,1871,1875,,
三貨,三(さん)貨(か),184,制度・役職,貨幣・金融,,,,,江戸,
三角縁神獣鏡,三(さん)角(かく)縁(ぶち)神(しん)獣(じゅう)鏡(きょう),25,その他,考古,,,,,古墳,
山家集,山(さん)家(か)集(しゅう),107,書物・史料,文学,,,1180,1190,,
三月事件,三(さん)月(がつ)事(じ)件(けん),306,事件・戦争・乱,政変・事件・反乱,,,1931,1931,,
三管領,三(さん)管(かん)領(れい),114,制度・役職,政治・政策,,,1362,1552,,
三卿,三(さん)卿(きょう),194,人物,政治・政策,日本,武家,1730,1867,,
産業革命,産(さん)業(ぎょう)革(かく)命(めい),220;280,その他,産業・工業,,,1886,1910,,
産業報国会,産(さん)業(ぎょう)報(ほう)国(こく)会(かい),315,組織・団体・政党,労働運動;戦争・軍事,,,1938,1945,,
ざんぎり頭,ざんぎり頭(あたま),244,その他,生活・風俗,,,1871,1880,,
参勤交代,参(さん)勤(きん)交(こう)代(たい),156,制度・役職,政治・政策,,,1635,1862,,
三家,三(さん)家(け),155;192,人物,政治・政策,日本,武家,1600,1867,,
三光作戦,三(さん)光(こう)作(さく)戦(せん),321,事件・戦争・乱,戦争・軍事,,,1941,1945,,
三教指帰,三(さん)教(ごう)指(しい)帰(き),59,書物・史料,仏教,,,797,797,,
三国干渉,三(さん)国(ごく)干(かん)渉(しょう),259,事件・戦争・乱,対外関係,,,1895,1895,,
三国協商,三(さん)国(ごく)協(きょう)商(しょう),268,条約・協定・会議,対外関係,,,1907,1907,,
三国通覧図説,三(さん)国(ごく)通(つう)覧(らん)図(ず)説(せつ),205,書物・史料,対外関係,,,1785,1785,,
三国同盟,三(さん)国(ごく)同(どう)盟(めい),268,条約・協定・会議,対外関係,,,1882,1915,,
三斎市,三(さん)斎(さい)市(いち),101,その他,商業・流通・都市,,,,,鎌倉,
三山,三(さん)山(ざん),101;118,国・地域・王朝,琉球・沖縄,,,1322,1429,,
三種の神器,三(さん)種(しゅ)の神(じん)器(ぎ),349,その他,生活・風俗,,,1955,1965,,
三条実美,三(さん)条(じょう)実(さね)美(とみ),225,人物,政治・政策,日本,公家・貴族;政治家,1862,1885,,
三職,三(さん)職(しょく),228,制度・役職,政治・政策,,,1867,1868,,
三世一身法,三(さん)世(ぜ)一(いっ)身(しん)法(ほう),48,法令・政策,土地・税制,,,723,723,,
三跡,三(さん)跡(せき),68,人物,美術・建築,日本,芸術家,950,1030,,
三代格式,三(さん)代(だい)格(きゃく)式(しき),57,法令・政策,法制・制度,,,820,967,,
三大事件建白運動,三(さん)大(だい)事(じ)件(けん)建(けん)白(ぱく)運(うん)動(どう),251,事件・戦争・乱,社会運動,,,1887,1887,,
三ちゃん農業,三(さん)ちゃん農(のう)業(ぎょう),349,その他,農林漁業,,,1960,1970,,
三都,三(さん)都(と),170;179;182;185,寺社・遺跡・場所,商業・流通・都市,,,,,江戸,
山東京伝,山(さん)東(とう)京(きょう)伝(でん),201,人物,文学,日本,文学者,1780,1816,,
山東出兵,山(さん)東(とう)出(しゅっ)兵(ぺい),302,事件・戦争・乱,対外関係;戦争・軍事,,,1927,1928,,
三内丸山遺跡,三(さん)内(ない)丸(まる)山(やま)遺(い)跡(せき),11,寺社・遺跡・場所,考古,,,,,縄文,
三筆,三(さん)筆(ぴつ),61,人物,美術・建築,日本,芸術家,800,850,,
サン＝フェリペ号事件,サン＝フェリペ号(ごう)事(じ)件(けん),145,事件・戦争・乱,対外関係;キリスト教,,,1596,1596,,
三奉行,三(さん)奉(ぶ)行(ぎょう),156,制度・役職,政治・政策,,,,,江戸,
サンフランシスコ平和条約,サンフランシスコ平(へい)和(わ)条(じょう)約(やく),336;340,条約・協定・会議,対外関係;条約・会議,,,1951,1951,,
三別抄の乱,三(さん)別(べつ)抄(しょう)の乱(らん),100,事件・戦争・乱,対外関係,,,1270,1273,,
参謀本部,参(さん)謀(ぼう)本(ほん)部(ぶ),258,組織・団体・政党,戦争・軍事,,,1878,1945,,
讒謗律,讒(ざん)謗(ぼう)律(りつ),248,法令・政策,法制・制度;社会運動,,,1875,1875,,
三方領知替え,三(さん)方(ぽう)領(りょう)知(ち)替(が)え,210,法令・政策,政治・政策,,,1840,1841,,
三浦の乱,三(さん)浦(ぽ)の乱(らん),118,事件・戦争・乱,対外関係,,,1510,1510,,
三毛作,三(さん)毛(もう)作(さく),123,その他,農林漁業,,,,,室町,
山門派,山(さん)門(もん)派(は),60,文化・流派,仏教,,,993,1571,,
参与,参(さん)与(よ),228,制度・役職,政治・政策,,,1867,1868,,
三論宗,三(さん)論(ろん)宗(しゅう),52,文化・流派,仏教,,,,,奈良,
14C年代測定,14C年(ねん)代(だい)測(そく)定(てい),9,その他,考古,,,,,縄文,
寺院法度,寺(じ)院(いん)法(はっ)度(と),160,法令・政策,仏教,,,1601,1616,,
自衛隊,自(じ)衛(えい)隊(たい),340,組織・団体・政党,戦争・軍事,,,1954,1954,,
自衛隊の海外派遣,自(じ)衛(えい)隊(たい)の海(かい)外(がい)派(は)遣(けん),360,事件・戦争・乱,戦争・軍事;対外関係,,,1991,1992,,
紫衣事件,紫(し)衣(え)事(じ)件(けん),158,事件・戦争・乱,政治・政策;仏教,,,1627,1629,,
慈円,慈(じ)円(えん),107,人物,思想・学問;仏教,日本,僧侶・宗教家,1192,1225,,
ジェーンズ,ジェーンズ,289,人物,教育;キリスト教,アメリカ,来日外国人,1871,1876,,
市会,市(し)会(かい),252,制度・役職,法制・制度,,,1888,1888,,
四カ国条約,四(よん)カ国(こく)条(じょう)約(やく),274,条約・協定・会議,対外関係;条約・会議,,,1921,1921,,
志賀重昂,志(し)賀(が)重(しげ)昂(たか),251,人物,思想・学問,日本,学者・思想家,1888,1900,,
地方知行制,地(じ)方(かた)知(ち)行(ぎょう)制(せい),157,制度・役職,土地・税制,,,,,江戸,
志賀直哉,志(し)賀(が)直(なお)哉(や),298,人物,文学,日本,文学者,1910,1937,,
紫香楽宮,紫(し)香(が)楽(らきの)宮(みや),46,寺社・遺跡・場所,政治・政策,,,742,745,,
地借,地(じ)借(がり),171,その他,身分・社会構造;商業・流通・都市,,,,,江戸,
只管打坐,只(し)管(かん)打(た)坐(ざ),106,その他,仏教,,,,,鎌倉,
式,式(しき),57,法令・政策,法制・制度,,,,,平安,
磁器,磁(じ)器(き),166;182,その他,美術・建築;産業・工業,,,,,江戸,
私擬憲法,私(し)擬(ぎ)憲(けん)法(ぽう),249,書物・史料,法制・制度;社会運動,,,1880,1881,,
信貴山縁起絵巻,信(し)貴(ぎ)山(さん)縁(えん)起(ぎ)絵(え)巻(まき),85,作品,美術・建築;仏教,,,1150,1180,,
式亭三馬,式(しき)亭(てい)三(さん)馬(ば),216,人物,文学,日本,文学者,1800,1822,,
式目追加,式(しき)目(もく)追(つい)加(か),96,法令・政策,法制・制度,,,1232,1333,,
地下請,地(じ)下(げ)請(うけ),120,制度・役職,土地・税制,,,,,室町,
地下検断・自検断,地(じ)下(げ)検(けん)断(だん)・自(じ)検(けん)断(だん),120,制度・役職,法制・制度,,,,,室町,
四国艦隊下関砲撃事件,四(し)国(こく)艦(かん)隊(たい)下(しもの)関(せき)砲(ほう)撃(げき)事(じ)件(けん),226,事件・戦争・乱,対外関係;戦争・軍事,,,1864,1864,,
自作農創設特別措置法,自(じ)作(さく)農(のう)創(そう)設(せつ)特(とく)別(べつ)措(そ)置(ち)法(ほう),328,法令・政策,土地・税制;農林漁業,,,1946,1946,,
市参事会,市(し)参(さん)事(じ)会(かい),252,制度・役職,法制・制度,,,1888,1888,,
鹿ヶ谷の陰謀,鹿(しし)ヶ(が)谷(たに)の陰(いん)謀(ぼう),81,事件・戦争・乱,政変・事件・反乱,,,1177,1177,,
四職,四(し)職(しき),115,制度・役職,政治・政策,,,,,室町,
寺社参詣,寺(じ)社(しゃ)参(さん)詣(けい),218,その他,生活・風俗,,,,,江戸,
寺社地,寺(じ)社(しゃ)地(ち),170,その他,商業・流通・都市,,,,,江戸,
寺社奉行,寺(じ)社(しゃ)奉(ぶ)行(ぎょう),156,制度・役職,政治・政策,,,1635,1867,,
時宗,時(じ)宗(しゅう),105,文化・流派,仏教,,,1274,1300,,
治承・寿永の乱,治(じ)承(しょう)・寿(じゅ)永(えい)の乱(らん),90,事件・戦争・乱,戦争・軍事,,,1180,1185,,
四条派,四(し)条(じょう)派(は),217,文化・流派,美術・建築,,,1780,1850,,
賤ヶ岳の戦い,賤(しず)ヶ(が)岳(たけ)の戦(たたか)い,142,事件・戦争・乱,戦争・軍事,,,1583,1583,,
閑谷学校,閑(しず)谷(たに)学(がっ)校(こう),177;200,組織・団体・政党,教育,,,1670,1670,,
市制,市(し)制(せい),252;266,制度・役職,法制・制度,,,1888,1888,,
氏姓制度,氏(し)姓(せい)制(せい)度(ど),31,制度・役職,身分・社会構造,,,,,古墳,
支石墓,支(し)石(せき)墓(ぼ),15,その他,考古,,,,,弥生,
使節遵行,使(し)節(せつ)遵(じゅん)行(ぎょう),112,制度・役職,法制・制度,,,,,室町,
自然主義,自(し)然(ぜん)主(しゅ)義(ぎ),291;298,文化・流派,文学,,,1900,1920,,
自然真営道,自(し)然(ぜん)真(しん)営(えい)道(どう),200,書物・史料,思想・学問,,,1753,1753,,
士族,士(し)族(ぞく),238,制度・役職,身分・社会構造,,,1869,1947,,
持続可能な開発目標,持(じ)続(ぞく)可(か)能(のう)な開(かい)発(はつ)目(もく)標(ひょう),364,その他,公害・環境・災害;対外関係,,,2015,2015,,SDGs
士族授産,士(し)族(ぞく)授(じゅ)産(さん),239,法令・政策,身分・社会構造,,,1876,1890,,
士族の商法,士(し)族(ぞく)の商(しょう)法(ほう),239,その他,身分・社会構造;商業・流通・都市,,,1876,1890,,
下地中分,下(した)地(じ)中(ちゅう)分(ぶん),98,制度・役職,土地・税制,,,,,鎌倉,
七・七禁令,七(しち)・七(しち)禁(きん)令(れい),314,法令・政策,生活・風俗;戦争・軍事,,,1940,1940,,
自治体警察,自(じ)治(ち)体(たい)警(けい)察(さつ),331;340,組織・団体・政党,法制・制度,,,1947,1954,,
七道,七(しち)道(どう),39,制度・役職,法制・制度,,,,,奈良,
七博士,七(しち)博(はか)士(せ),262,人物,対外関係,日本,学者・思想家,1903,1903,,
七分積金,七(しち)分(ぶ)積(つみ)金(きん),204,法令・政策,貨幣・金融;政治・政策,,,1791,1791,,
私鋳銭,私(し)鋳(ちゅう)銭(せん),124,その他,貨幣・金融,,,,,室町;戦国,
志筑忠雄,志(し)筑(づき)忠(ただ)雄(お),162;215,人物,思想・学問,日本,学者・思想家,1780,1806,,
執権,執(しっ)権(けん),94,制度・役職,政治・政策,,,1203,1333,,
漆胡瓶,漆(しっ)胡(こ)瓶(へい),54,作品,美術・建築,,,,,奈良,
湿田,湿(しつ)田(でん),14,その他,農林漁業,,,,,弥生,
十返舎一九,十(じっ)返(ぺん)舎(しゃ)一(いっ)九(く),216,人物,文学,日本,文学者,1802,1831,,
幣原外交,幣(しで)原(はら)外(がい)交(こう),275,法令・政策,対外関係,,,1924,1931,,
幣原喜重郎,幣(しで)原(はら)喜(き)重(じゅう)郎(ろう),275;327,人物,政治・政策;対外関係,日本,政治家,1924,1946,,
賜田,賜(し)田(でん),58,その他,土地・税制,,,,,平安,
四天王寺,四(し)天(てん)王(のう)寺(じ),36,寺社・遺跡・場所,仏教,,,593,593,,
地頭,地(じ)頭(とう),82,制度・役職,土地・税制;政治・政策,,,1185,1333,,要確認：ページ番号
地頭請所,地(じ)頭(とう)請(うけ)所(しょ),98,制度・役職,土地・税制,,,,,鎌倉,
持統天皇,持(じ)統(とう)天(てん)皇(のう),38,人物,政治・政策,日本,天皇・皇族,686,697,,
シドッチ,シドッチ,198,人物,キリスト教,イタリア,僧侶・宗教家;来日外国人,1708,1714,,
寺内町,寺(じ)内(ない)町(まち),135,その他,商業・流通・都市;仏教,,,,,室町;戦国,
品川弥二郎,品(しな)川(がわ)弥(や)二(じ)郎(ろう),255,人物,政治・政策,日本,政治家,1891,1892,,
私部,私(きさい)部(べ),31,制度・役職,身分・社会構造,,,,,古墳,
神人,神(じ)人(にん),101,その他,神道;商業・流通・都市,,,,,平安;鎌倉;室町,
地主手作,地(じ)主(ぬし)手(て)作(づくり),194,その他,農林漁業,,,,,江戸,
芝居小屋,芝(しば)居(い)小(ご)屋(や),188;217,寺社・遺跡・場所,芸能,,,,,江戸,
司馬江漢,司(し)馬(ば)江(こう)漢(かん),203,人物,美術・建築,日本,芸術家,1783,1818,,
地機,地(じ)機(ばた),174,その他,産業・工業,,,,,江戸,
柴田勝家,柴(しば)田(た)勝(かつ)家(いえ),142,人物,戦争・軍事,日本,武家,1568,1583,,
柴野栗山,柴(しば)野(の)栗(りつ)山(ざん),205,人物,思想・学問,日本,学者・思想家,1788,1807,,
支払猶予令,支(し)払(はらい)猶(ゆう)予(よ)令(れい),301,法令・政策,貨幣・金融,,,1927,1927,,モラトリアム
司馬遼太郎,司(し)馬(ば)遼(りょう)太(た)郎(ろう),350,人物,文学,日本,文学者,1960,1996,,
渋川春海,渋(しぶ)川(かわ)春(はる)海(み),190,人物,思想・学問,日本,学者・思想家,1684,1715,,
渋沢栄一,渋(しぶ)沢(さわ)栄(えい)一(いち),281,人物,産業・工業;貨幣・金融,日本,実業家,1873,1916,,
シベリア出兵,シベリア出(しゅっ)兵(ぺい),270,事件・戦争・乱,対外関係;戦争・軍事,,,1918,1922,,
シーボルト,シーボルト,215,人物,思想・学問;対外関係,ドイツ,来日外国人;学者・思想家,1823,1829,,
資本主義,資(し)本(ほん)主(しゅ)義(ぎ),281,その他,産業・工業;思想・学問,,,1880,1910,,
島井宗室,島(しま)井(い)宗(そう)室(しつ),144,人物,商業・流通・都市,日本,実業家,1580,1615,,
島木健作,島(しま)木(き)健(けん)作(さく),315,人物,文学,日本,文学者,1934,1945,,
島崎藤村,島(しま)崎(ざき)藤(とう)村(そん),291;315,人物,文学,日本,文学者,1897,1943,,
島地黙雷,島(しま)地(じ)黙(もく)雷(らい),289,人物,仏教,日本,僧侶・宗教家,1872,1900,,
島津家久,島(しま)津(づ)家(いえ)久(ひさ),163,人物,琉球・沖縄;戦争・軍事,日本,武家,1609,1638,,
島津忠義,島(しま)津(づ)忠(ただ)義(よし),225,人物,政治・政策,日本,武家,1858,1871,,
島津斉彬,島(しま)津(づ)斉(なり)彬(あきら),212;224,人物,政治・政策;産業・工業,日本,武家,1851,1858,,
島津久光,島(しま)津(づ)久(ひさ)光(みつ),225,人物,政治・政策,日本,武家,1858,1868,,
島原の乱,島(しま)原(ばら)の乱(らん),159,事件・戦争・乱,一揆・打ちこわし;キリスト教,,,1637,1638,,
清水家,清(し)水(みず)家(け),194,人物,政治・政策,日本,武家,1758,1867,,
清水重好,清(し)水(みず)重(しげ)好(よし),194,人物,政治・政策,日本,武家,1758,1795,,
持明院統,持(じ)明(みょう)院(いん)統(とう),79;110,人物,政治・政策,日本,天皇・皇族,1272,1392,,
四民平等,四(し)民(みん)平(びょう)等(どう),238,法令・政策,身分・社会構造,,,1869,1871,,
シーメンス事件,シーメンス事(じ)件(けん),268,事件・戦争・乱,政変・事件・反乱,,,1914,1914,,
除目,除(じ)目(もく),69,制度・役職,政治・政策,,,,,平安,
下肥,下(しも)肥(ごえ),123,その他,農林漁業,,,,,室町;江戸,
霜月騒動,霜(しも)月(つき)騒(そう)動(どう),100,事件・戦争・乱,政変・事件・反乱,,,1285,1285,,
下野薬師寺,下(しもつけ)野(の)薬(やく)師(し)寺(じ),47,寺社・遺跡・場所,仏教,,,761,761,,
下関条約,下(しものせき)関(せき)条(じょう)約(やく),259,条約・協定・会議,対外関係;条約・会議,,,1895,1895,,
下山定則,下(しも)山(やま)定(さだ)則(のり),335,人物,政変・事件・反乱,日本,その他,1949,1949,,
下山事件,下(しも)山(やま)事(じ)件(けん),335,事件・戦争・乱,政変・事件・反乱,,,1949,1949,,
寺門派,寺(じ)門(もん)派(は),60,文化・流派,仏教,,,993,1571,,
シャウプ,シャウプ,335,人物,土地・税制,アメリカ,学者・思想家;来日外国人,1949,1950,,
謝恩使,謝(しゃ)恩(おん)使(し),164,組織・団体・政党,琉球・沖縄;対外関係,,,1644,1850,,
社会大衆党,社(しゃ)会(かい)大(たい)衆(しゅう)党(とう),308,組織・団体・政党,社会運動;政治・政策,,,1932,1940,,
社会民衆党,社(しゃ)会(かい)民(みん)衆(しゅう)党(とう),301,組織・団体・政党,社会運動;政治・政策,,,1926,1932,,
社会民主党,社(しゃ)会(かい)民(みん)主(しゅ)党(とう),265,組織・団体・政党,社会運動,,,1901,1901,,
シャクシャインの戦い,シャクシャインの戦(たたか)い,164,事件・戦争・乱,北方・アイヌ;戦争・軍事,,,1669,1669,,
借家,借(しゃく)家(や),171,その他,身分・社会構造;商業・流通・都市,,,,,江戸,
写実主義,写(しゃ)実(じつ)主(しゅ)義(ぎ),290,文化・流派,文学,,,1885,1900,,
車借,車(しゃ)借(しゃく),125,その他,商業・流通・都市,,,,,室町,
社倉,社(しゃ)倉(そう),204,制度・役職,農林漁業;政治・政策,,,1789,1789,,
三味線,三(しゃ)味(み)線(せん),148,その他,芸能,,,1560,1700,,
洒落本,洒(しゃ)落(れ)本(ぼん),201,文化・流派,文学,,,1760,1800,,
上海事変（第1次）,上(しゃん)海(はい)事(じ)変(へん)（第(だい)1次(じ)）,305,事件・戦争・乱,対外関係;戦争・軍事,,,1932,1932,,
上海事変（第2次）,上(しゃん)海(はい)事(じ)変(へん)（第(だい)2次(じ)）,312,事件・戦争・乱,対外関係;戦争・軍事,,,1937,1937,,
朱印船（貿易）,朱(しゅ)印(いん)船(せん)（貿(ぼう)易(えき)）,161;175,その他,対外関係;商業・流通・都市,,,1604,1635,,
集会条例,集(しゅう)会(かい)条(じょう)例(れい),248;250,法令・政策,社会運動;法制・制度,,,1880,1880,,
十月事件,十(じゅう)月(がつ)事(じ)件(けん),306,事件・戦争・乱,政変・事件・反乱,,,1931,1931,,
集議院,集(しゅう)議(ぎ)院(いん),229,組織・団体・政党,政治・政策,,,1869,1873,,
衆議院,衆(しゅう)議(ぎ)院(いん),253,組織・団体・政党,政治・政策;法制・制度,,,1890,1890,,
衆議院議員総選挙,衆(しゅう)議(ぎ)院(いん)議(ぎ)員(いん)総(そう)選(せん)挙(きょ),254,事件・戦争・乱,政治・政策,,,1890,1890,,
自由劇場,自(じ)由(ゆう)劇(げき)場(じょう),291,組織・団体・政党,芸能,,,1909,1919,,
自由党,自(じ)由(ゆう)党(とう),248,組織・団体・政党,社会運動;政治・政策,,,1881,1884,,
十二単,十(じゅう)二(に)単(ひとえ),69,その他,生活・風俗;女性,,,,,平安,
自由之理,自(じ)由(ゆう)之(の)理(ことわり),242,書物・史料,思想・学問,,,1872,1872,,
周文,周(しゅう)文(ぶん),126,人物,美術・建築;仏教,日本,芸術家,1420,1460,,
十便十宜図,十(じゅう)便(べん)十(じゅう)宜(ぎ)図(ず),203,作品,美術・建築,,,1771,1771,,
自由民権運動,自(じ)由(ゆう)民(みん)権(けん)運(うん)動(どう),246,事件・戦争・乱,社会運動,,,1874,1890,,
自由民主党,自(じ)由(ゆう)民(みん)主(しゅ)党(とう),341,組織・団体・政党,政治・政策,,,1955,1955,,
宗門改め,宗(しゅう)門(もん)改(あらた)め,159,制度・役職,キリスト教;仏教,,,1640,1871,,
重要産業統制法,重(じゅう)要(よう)産(さん)業(ぎょう)統(とう)制(せい)法(ほう),304,法令・政策,産業・工業,,,1931,1931,,
儒教,儒(じゅ)教(きょう),28,文化・流派,思想・学問,,,,,古墳,
宿駅,宿(しゅく)駅(えき),182,寺社・遺跡・場所,商業・流通・都市,,,,,江戸,
宿場町,宿(しゅく)場(ば)町(まち),182,寺社・遺跡・場所,商業・流通・都市,,,,,江戸,
綜芸種智院,綜(しゅ)芸(げい)種(しゅ)智(ち)院(いん),59,組織・団体・政党,教育,,,828,828,,
主権在民,主(しゅ)権(けん)在(ざい)民(みん),331,その他,法制・制度,,,1946,1946,,
朱元璋,朱(しゅ)元(げん)璋(しょう),116,人物,対外関係,中国,国王・皇帝（外国）,1368,1398,,
修験道,修(しゅ)験(げん)道(どう),60;106,文化・流派,仏教;神道,,,,,平安;鎌倉,
守護,守(しゅ)護(ご),91,制度・役職,政治・政策;戦争・軍事,,,1185,1573,,
守護請,守(しゅ)護(ご)請(うけ),113,制度・役職,土地・税制,,,,,室町,
守護代,守(しゅ)護(ご)代(だい),115,制度・役職,政治・政策,,,,,室町;戦国,
守護大名,守(しゅ)護(ご)大(だい)名(みょう),113,その他,政治・政策;戦争・軍事,,,,,室町,
執金剛神像,執(しゅ)金(こん)剛(ごう)神(しん)像(ぞう),53,作品,美術・建築;仏教,,,,,奈良,
朱子学,朱(しゅ)子(し)学(がく),165,文化・流派,思想・学問,,,1600,1867,,
朱舜水,朱(しゅ)舜(しゅん)水(すい),191,人物,思想・学問,中国,学者・思想家;来日外国人,1659,1682,,
シュタイン,シュタイン,252,人物,法制・制度,その他,学者・思想家,1882,1883,,オーストリア
出版統制令,出(しゅっ)版(ぱん)統(とう)制(せい)令(れい),205,法令・政策,文学;政治・政策,,,1790,1790,,
ジュネーヴ休戦協定,ジュネーヴ休(きゅう)戦(せん)協(きょう)定(てい),339,条約・協定・会議,対外関係,,,1954,1954,,
聚楽第,聚(じゅ)楽(らく)第(だい),143,寺社・遺跡・場所,美術・建築;政治・政策,,,1587,1595,,
首里城,首(しゅ)里(り)城(じょう),118,寺社・遺跡・場所,琉球・沖縄,,,1429,1879,,
俊寛,俊(しゅん)寛(かん),90,人物,政変・事件・反乱,日本,僧侶・宗教家,1177,1179,,
循環型社会形成推進基本法,循(じゅん)環(かん)型(がた)社(しゃ)会(かい)形(けい)成(せい)推(すい)進(しん)基(き)本(ほん)法(ほう),364,法令・政策,公害・環境・災害,,,2000,2000,,
殉死の禁止,殉(じゅん)死(し)の禁(きん)止(し),177,法令・政策,政治・政策,,,1663,1663,,
順徳上皇,順(じゅん)徳(とく)上(じょう)皇(こう),94,人物,政変・事件・反乱,日本,天皇・皇族,1210,1221,,
淳仁天皇,淳(じゅん)仁(にん)天(てん)皇(のう),46,人物,政治・政策,日本,天皇・皇族,758,764,,
春陽会,春(しゅん)陽(よう)会(かい),299,組織・団体・政党,美術・建築,,,1922,1922,,
巡礼,巡(じゅん)礼(れい),218,その他,仏教;生活・風俗,,,,,江戸,
書院造,書(しょ)院(いん)造(づくり),128;147,文化・流派,美術・建築,,,1450,1600,,
攘夷運動,攘(じょう)夷(い)運(うん)動(どう),224,事件・戦争・乱,対外関係;社会運動,,,1858,1864,,
貞永式目,貞(じょう)永(えい)式(しき)目(もく),95,法令・政策,法制・制度,,,1232,1232,,御成敗式目
荘園公領制,荘(しょう)園(えん)公(こう)領(りょう)制(せい),77,制度・役職,土地・税制,,,1086,1400,,
荘園整理令,荘(しょう)園(えん)整(せい)理(り)令(れい),76,法令・政策,土地・税制,,,902,1069,,
唱歌,唱(しょう)歌(か),292,その他,芸能;教育,,,1881,1900,,
蒋介石,蒋(しょう)介(かい)石(せき),302;311;323;334,人物,対外関係;戦争・軍事,中国,政治家;軍人,1926,1949,,
奨学院,奨(しょう)学(がく)院(いん),59,組織・団体・政党,教育,,,881,881,,
城郭建築,城(じょう)郭(かく)建(けん)築(ちく),146,文化・流派,美術・建築,,,1576,1615,,
松下村塾,松(しょう)下(か)村(そん)塾(じゅく),215,組織・団体・政党,教育,,,1857,1858,,
小学校令,小(しょう)学(がっ)校(こう)令(れい),289,法令・政策,教育,,,1886,1886,,
城下町,城(じょう)下(か)町(まち),134;170,寺社・遺跡・場所,商業・流通・都市,,,,,戦国;江戸,
荘官,荘(しょう)官(かん),71,制度・役職,土地・税制,,,,,平安;鎌倉,
貞観格式,貞(じょう)観(がん)格(きゃく)式(しき),57,法令・政策,法制・制度,,,869,871,,
承久の乱,承(じょう)久(きゅう)の乱(らん),94,事件・戦争・乱,戦争・軍事;政変・事件・反乱,,,1221,1221,,
貞享暦,貞(じょう)享(きょう)暦(れき),190,その他,思想・学問,,,1684,1684,,
上宮聖徳法王帝説,上(じょう)宮(ぐう)聖(しょう)徳(とく)法(ほう)王(おう)帝(てい)説(せつ),28,書物・史料,仏教,,,,,奈良;平安,
将軍継嗣問題,将(しょう)軍(ぐん)継(けい)嗣(し)問(もん)題(だい),224,事件・戦争・乱,政治・政策,,,1857,1858,,
将軍後見職,将(しょう)軍(ぐん)後(こう)見(けん)職(しょく),225,制度・役職,政治・政策,,,1862,1864,,
貞慶,貞(じょう)慶(けい),106,人物,仏教,日本,僧侶・宗教家,1190,1213,,
上皇,上(じょう)皇(こう),77,制度・役職,政治・政策,,,,,平安;鎌倉,
成功,成(じょう)功(ごう),71;79,制度・役職,政治・政策,,,,,平安,
彰考館,彰(しょう)考(こう)館(かん),177,組織・団体・政党,思想・学問,,,1657,1657,,
正作,正(しょう)作(さく),97,その他,土地・税制;農林漁業,,,,,鎌倉,
城柵,城(じょう)柵(さく),56,寺社・遺跡・場所,北方・アイヌ;戦争・軍事,,,,,飛鳥;奈良;平安,
尚歯会,尚(しょう)歯(し)会(かい),209,組織・団体・政党,思想・学問,,,1832,1839,,
成実宗,成(じょう)実(じつ)宗(しゅう),52,文化・流派,仏教,,,,,奈良,
商社,商(しょう)社(しゃ),281,組織・団体・政党,商業・流通・都市,,,1880,1910,,
小説神髄,小(しょう)説(せつ)神(しん)髄(ずい),290,書物・史料,文学,,,1885,1886,,
小選挙区制,小(しょう)選(せん)挙(きょ)区(く)制(せい),272,制度・役職,政治・政策,,,1919,1919,,
正倉院,正(しょう)倉(そう)院(いん),54,寺社・遺跡・場所,美術・建築,,,756,756,,
正倉院宝庫,正(しょう)倉(そう)院(いん)宝(ほう)庫(こ),53,寺社・遺跡・場所,美術・建築,,,756,756,,
尚泰,尚(しょう)泰(たい),245,人物,琉球・沖縄,その他,国王・皇帝（外国）,1848,1879,,琉球国王
城代,城(じょう)代(だい),157,制度・役職,政治・政策,,,,,江戸,
正中の変,正(しょう)中(ちゅう)の変(へん),110,事件・戦争・乱,政変・事件・反乱,,,1324,1324,,
定朝,定(じょう)朝(ちょう),68,人物,美術・建築;仏教,日本,芸術家,1020,1057,,
象徴天皇制,象(しょう)徴(ちょう)天(てん)皇(のう)制(せい),331,制度・役職,法制・制度,,,1946,1946,,
正長の徳政一揆,正(しょう)長(ちょう)の徳(とく)政(せい)一(いっ)揆(き),121,事件・戦争・乱,一揆・打ちこわし,,,1428,1428,,
上知令,上(あげ)知(ち)令(れい),211,法令・政策,政治・政策,,,1843,1843,,じょうちれい とも読む
上田,上(じょう)田(でん),47,その他,土地・税制,,,,,奈良,
賞典禄,賞(しょう)典(てん)禄(ろく),238,制度・役職,身分・社会構造,,,1869,1876,,
浄土教,浄(じょう)土(ど)教(きょう),66;84,文化・流派,仏教,,,,,平安,
正徳小判,正(しょう)徳(とく)小(こ)判(ばん),179,その他,貨幣・金融,,,1714,1714,,
正徳新令,正(しょう)徳(とく)新(しん)令(れい),179,法令・政策,対外関係;貨幣・金融,,,1715,1715,,
聖徳太子,聖(しょう)徳(とく)太(たい)子(し),33,人物,政治・政策;仏教,日本,天皇・皇族,593,622,,
称徳天皇,称(しょう)徳(とく)天(てん)皇(のう),47,人物,政治・政策,日本,天皇・皇族,764,770,,
正徳の政治,正(しょう)徳(とく)の政(せい)治(じ),179,その他,政治・政策,,,1709,1716,,
浄土宗,浄(じょう)土(ど)宗(しゅう),104,文化・流派,仏教,,,1175,1175,,
浄土真宗,浄(じょう)土(ど)真(しん)宗(しゅう),105,文化・流派,仏教,,,1224,1224,,
小日本主義,小(しょう)日(に)本(ほん)主(しゅ)義(ぎ),298,文化・流派,思想・学問,,,1920,1930,,
上人,上(しょう)人(にん),84,その他,仏教,,,,,平安,
尚巴志,尚(しょう)巴(は)志(し),118,人物,琉球・沖縄,その他,国王・皇帝（外国）,1429,1439,,琉球国王
定火消,定(じょう)火(び)消(けし),193,制度・役職,生活・風俗,,,1658,1867,,
消費税,消(しょう)費(ひ)税(ぜい),359;361,制度・役職,土地・税制,,,1989,1997,,
商品作物,商(しょう)品(ひん)作(さく)物(もつ),180,その他,農林漁業;商業・流通・都市,,,,,江戸,
蕉風（正風）俳諧,蕉(しょう)風(ふう)（正(しょう)風(ふう)）俳(はい)諧(かい),188,文化・流派,文学,,,1680,1694,,
正風連歌,正(しょう)風(ふう)連(れん)歌(が),130,文化・流派,文学,,,1450,1500,,
昌平坂学問所,昌(しょう)平(へい)坂(ざか)学(がく)問(もん)所(じょ),200;205,組織・団体・政党,教育;思想・学問,,,1797,1867,,
障壁画,障(しょう)壁(へき)画(が),147,文化・流派,美術・建築,,,1576,1615,,
正法,正(しょう)法(ぼう),67,その他,仏教,,,,,平安,
条坊制,条(じょう)坊(ぼう)制(せい),39;42,制度・役職,商業・流通・都市,,,,,飛鳥;奈良;平安,
常民,常(じょう)民(みん),298,その他,思想・学問,,,1910,1950,,
聖武天皇,聖(しょう)武(む)天(てん)皇(のう),45,人物,政治・政策;仏教,日本,天皇・皇族,724,749,,
定免法,定(じょう)免(めん)法(ほう),169;193,制度・役職,土地・税制,,,1722,1867,,
将門記,将(しょう)門(もん)記(き),83,書物・史料,文学,,,940,1000,,
縄文土器,縄(じょう)文(もん)土(ど)器(き),9,その他,考古,,,,,縄文,
縄文文化,縄(じょう)文(もん)文(ぶん)化(か),9,文化・流派,考古,,,,,縄文,
庄屋,庄(しょう)屋(や),168,制度・役職,身分・社会構造,,,,,江戸,
条里制,条(じょう)里(り)制(せい),40;48,制度・役職,土地・税制,,,,,奈良,
秤量貨幣,秤(ひょう)量(りょう)貨(か)幣(へい),184,その他,貨幣・金融,,,,,江戸,
性霊集,性(しょう)霊(りょう)集(しゅう),59,書物・史料,文学;仏教,,,835,835,,
生類憐みの令,生(しょう)類(るい)憐(あわれ)みの令(れい),150;178,法令・政策,政治・政策;生活・風俗,,,1685,1709,,
青蓮院流,青(しょう)蓮(れん)院(いん)流(りゅう),109,文化・流派,美術・建築,,,1330,1400,,
昭和恐慌,昭(しょう)和(わ)恐(きょう)慌(こう),304,事件・戦争・乱,貨幣・金融;農林漁業,,,1930,1931,,
承和の変,承(じょう)和(わ)の変(へん),62,事件・戦争・乱,政変・事件・反乱,,,842,842,,
女学校,女(じょ)学(がっ)校(こう),242,組織・団体・政党,教育;女性,,,1872,1900,,
初期荘園,初(しょ)期(き)荘(しょう)園(えん),48,その他,土地・税制,,,743,900,,
蜀,蜀(しょく),18,国・地域・王朝,対外関係,,,221,263,,
職業婦人,職(しょく)業(ぎょう)婦(ふ)人(じん),295,その他,女性;生活・風俗,,,1915,1935,,
殖産興業,殖(しょく)産(さん)興(こう)業(ぎょう),240,法令・政策,産業・工業,,,1870,1885,,
蜀山人,蜀(しょく)山(さん)人(じん),201,人物,文学,日本,文学者,1767,1823,,大田南畝
続日本紀,続(しょく)日(に)本(ほん)紀(ぎ),51,書物・史料,思想・学問,,,797,797,,
続日本後紀,続(しょく)日(に)本(ほん)後(こう)紀(き),51,書物・史料,思想・学問,,,869,869,,要確認：ページ番号
職人,職(しょく)人(にん),167,その他,身分・社会構造;産業・工業,,,,,江戸,
諸国高役（国役）金,諸(しょ)国(こく)高(たか)役(やく)（国(くに)役(やく)）金(きん),178,制度・役職,土地・税制,,,1707,1707,,
庶子,庶(しょ)子(し),97,その他,身分・社会構造,,,,,鎌倉,
所司,所(しょ)司(し),115,制度・役職,政治・政策,,,,,室町,
女子師範学校,女(じょ)子(し)師(し)範(はん)学(がっ)校(こう),242,組織・団体・政党,教育;女性,,,1874,1900,,
女子挺身隊,女(じょ)子(し)挺(てい)身(しん)隊(たい),321,組織・団体・政党,戦争・軍事;女性,,,1943,1945,,
諸司田,諸(しょ)司(し)田(でん),58,その他,土地・税制,,,,,平安,
諸社禰宜神主法度,諸(しょ)社(しゃ)禰(ね)宜(ぎ)神(かん)主(ぬし)法(はっ)度(と),160,法令・政策,神道,,,1665,1665,,
諸宗寺院法度,諸(しょ)宗(しゅう)寺(じ)院(いん)法(はっ)度(と),160,法令・政策,仏教,,,1665,1665,,
女真人,女(じょ)真(しん)人(じん),74;83,その他,対外関係,,,1019,1019,,
女性参政権,女(じょ)性(せい)参(さん)政(せい)権(けん),330,その他,女性;政治・政策,,,1945,1945,,
如拙,如(じょ)拙(せつ),126,人物,美術・建築;仏教,日本,芸術家,1400,1430,,
職工事情,職(しょっ)工(こう)事(じ)情(じょう),287,書物・史料,労働運動,,,1903,1903,,
所得倍増,所(しょ)得(とく)倍(ばい)増(ぞう),343,法令・政策,産業・工業,,,1960,1960,,
ジョン＝ケイ,ジョン＝ケイ,281,人物,産業・工業,イギリス,その他,1733,1733,,
ジョン＝ヘイ,ジョン＝ヘイ,261,人物,対外関係,アメリカ,政治家,1899,1900,,
白糸,白(しら)糸(いと),160,その他,対外関係;商業・流通・都市,,,,,江戸,
白樺派,白(しら)樺(かば)派(は),298,文化・流派,文学,,,1910,1923,,
白河天皇,白(しら)河(かわ)天(てん)皇(のう),77,人物,政治・政策,日本,天皇・皇族,1073,1129,,
新羅,新(しら)羅(ぎ),26;42,国・地域・王朝,対外関係,,,356,935,,
白浪物,白(しら)浪(なみ)物(もの),218,文化・流派,芸能,,,1820,1860,,
白水阿弥陀堂,白(しら)水(みず)阿(あ)弥(み)陀(だ)堂(どう),84,寺社・遺跡・場所,美術・建築;仏教,,,1160,1160,,
芝蘭堂,芝(し)蘭(らん)堂(どう),198;201,組織・団体・政党,教育;思想・学問,,,1786,1827,,
志波城,志(し)波(わ)城(じょう),56,寺社・遺跡・場所,北方・アイヌ;戦争・軍事,,,803,803,,
晋,晋(しん),26,国・地域・王朝,対外関係,,,265,420,,
清,清(しん),163;176,国・地域・王朝,対外関係,,,1644,1912,,
新安保条約,新(しん)安(あん)保(ぽ)条(じょう)約(やく),342,条約・協定・会議,対外関係;条約・会議,,,1960,1960,,
新恩給与,新(しん)恩(おん)給(きゅう)与(よ),92,制度・役職,土地・税制;身分・社会構造,,,1185,1333,,
辛亥革命,辛(しん)亥(がい)革(かく)命(めい),265,事件・戦争・乱,対外関係,,,1911,1912,,
新ガイドライン関連法,新(しん)ガイドライン関(かん)連(れん)法(ほう),361,法令・政策,対外関係;戦争・軍事,,,1999,1999,,
心学,心(しん)学(がく),199,文化・流派,思想・学問,,,1729,1800,,
新貨条例,新(しん)貨(か)条(じょう)例(れい),241;279,法令・政策,貨幣・金融,,,1871,1871,,
辰韓,辰(しん)韓(かん),26,国・地域・王朝,対外関係,,,,,弥生;古墳,
新感覚派,新(しん)感(かん)覚(かく)派(は),315,文化・流派,文学,,,1924,1930,,
神祇官,神(じん)祇(ぎ)官(かん),39,制度・役職,神道;政治・政策,,,701,1871,,
慎機論,慎(しん)機(き)論(ろん),209,書物・史料,対外関係;思想・学問,,,1838,1838,,
親魏倭王,親(しん)魏(ぎ)倭(わ)王(おう),18,制度・役職,対外関係,,,239,239,,
神宮寺,神(じん)宮(ぐう)寺(じ),60,寺社・遺跡・場所,神道;仏教,,,,,奈良;平安,
新劇,新(しん)劇(げき),291,文化・流派,芸能,,,1906,1930,,
新劇運動,新(しん)劇(げき)運(うん)動(どう),299,事件・戦争・乱,芸能,,,1906,1930,,
人権指令,人(じん)権(けん)指(し)令(れい),327,法令・政策,法制・制度,,,1945,1945,,
人権新説,人(じん)権(けん)新(しん)説(せつ),249,書物・史料,思想・学問,,,1882,1882,,
塵劫記,塵(じん)劫(こう)記(き),190,書物・史料,思想・学問,,,1627,1627,,
新興工業経済地域,新(しん)興(こう)工(こう)業(ぎょう)経(けい)済(ざい)地(ち)域(いき),358,国・地域・王朝,産業・工業;対外関係,,,1970,1990,,NIES
新興財閥,新(しん)興(こう)財(ざい)閥(ばつ),308,組織・団体・政党,産業・工業;植民地,,,1930,1945,,
新古今和歌集,新(しん)古(こ)今(きん)和(わ)歌(か)集(しゅう),107,書物・史料,文学,,,1205,1205,,
壬午軍乱（壬午事変）,壬(じん)午(ご)軍(ぐん)乱(らん)（壬(じん)午(ご)事(じ)変(へん)）,257,事件・戦争・乱,対外関係,,,1882,1882,,
神護寺,神(じん)護(ご)寺(じ),61,寺社・遺跡・場所,仏教,,,824,824,,
真言宗,真(しん)言(ごん)宗(しゅう),59,文化・流派,仏教,,,816,816,,
震災手形,震(しん)災(さい)手(て)形(がた),300,その他,貨幣・金融,,,1923,1927,,
新左翼,新(しん)左(さ)翼(よく),344,組織・団体・政党,社会運動,,,1960,1975,,
新三種の神器,新(しん)三(さん)種(しゅ)の神(じん)器(ぎ),349,その他,生活・風俗,,,1965,1975,,3C
新思潮派,新(しん)思(し)潮(ちょう)派(は),298,文化・流派,文学,,,1914,1925,,
真珠湾奇襲攻撃,真(しん)珠(じゅ)湾(わん)奇(き)襲(しゅう)攻(こう)撃(げき),319,事件・戦争・乱,戦争・軍事,,,1941,1941,,
尋常小学校,尋(じん)常(じょう)小(しょう)学(がっ)校(こう),289,組織・団体・政党,教育,,,1886,1941,,
新人,新(しん)人(じん),6,その他,考古,,,,,旧石器,
新人会,新(しん)人(じん)会(かい),276,組織・団体・政党,社会運動,,,1918,1929,,
壬申戸籍,壬(じん)申(しん)戸(こ)籍(せき),238,書物・史料,身分・社会構造,,,1872,1872,,
新進党,新(しん)進(しん)党(とう),361,組織・団体・政党,政治・政策,,,1994,1997,,
壬申の乱,壬(じん)申(しん)の乱(らん),38,事件・戦争・乱,戦争・軍事;政変・事件・反乱,,,672,672,,
新制,新(しん)制(せい),93,法令・政策,法制・制度,,,,,平安;鎌倉,
新石器時代,新(しん)石(せっ)器(き)時(じ)代(だい),7,その他,考古,,,,,縄文,
新撰組,新(しん)撰(せん)組(ぐみ),226,組織・団体・政党,戦争・軍事,,,1863,1868,,
新撰菟玖波集,新(しん)撰(せん)菟(つ)玖(く)波(ば)集(しゅう),130,書物・史料,文学,,,1495,1495,,
新体制運動,新(しん)体(たい)制(せい)運(うん)動(どう),317,事件・戦争・乱,政治・政策;戦争・軍事,,,1940,1940,,
新田開発,新(しん)田(でん)開(かい)発(はつ),172;193;197,法令・政策,農林漁業,,,1600,1850,,
伸展葬,伸(しん)展(てん)葬(そう),15,その他,考古,,,,,弥生,
寝殿造,寝(しん)殿(でん)造(づくり),67,文化・流派,美術・建築,,,,,平安,
新皇,新(しん)皇(のう),73,制度・役職,政変・事件・反乱,,,939,940,,
親王将軍,親(しん)王(のう)将(しょう)軍(ぐん),97,制度・役職,政治・政策,,,1252,1333,,
神皇正統記,神(じん)皇(のう)正(しょう)統(とう)記(き),126,書物・史料,思想・学問,,,1339,1339,,
陣定,陣(じんの)定(さだめ),64,制度・役職,政治・政策,,,,,平安,
新派劇,新(しん)派(ぱ)劇(げき),291,文化・流派,芸能,,,1888,1910,,
親藩,親(しん)藩(ぱん),155,その他,政治・政策,,,1600,1867,,
神風連,神(しん)風(ぷう)連(れん),247,組織・団体・政党,政変・事件・反乱,,,1876,1876,,
新婦人協会,新(しん)婦(ふ)人(じん)協(きょう)会(かい),276,組織・団体・政党,女性;社会運動,,,1920,1922,,
神仏習合,神(しん)仏(ぶつ)習(しゅう)合(ごう),52;106;243,文化・流派,神道;仏教,,,,,奈良;平安;鎌倉,
神仏分離令,神(しん)仏(ぶつ)分(ぶん)離(り)令(れい),243,法令・政策,神道;仏教,,,1868,1868,,
新聞紙条例,新(しん)聞(ぶん)紙(し)条(じょう)例(れい),248,法令・政策,社会運動;法制・制度,,,1875,1875,,
新聞発行綱領,新(しん)聞(ぶん)発(はっ)行(こう)綱(こう)領(りょう),327,法令・政策,法制・制度,,,1945,1945,,
新補地頭,新(しん)補(ぽ)地(じ)頭(とう),95,制度・役職,土地・税制,,,1221,1233,,
新補率法,新(しん)補(ぽ)率(りっ)法(ぽう),95,法令・政策,土地・税制,,,1223,1223,,
神本仏迹説,神(しん)本(ぽん)仏(ぶつ)迹(じゃく)説(せつ),106;129,文化・流派,神道,,,1300,1500,,
人民戦線事件,人(じん)民(みん)戦(せん)線(せん)事(じ)件(けん),315,事件・戦争・乱,社会運動,,,1937,1938,,
新民法,新(しん)民(みん)法(ぽう),331,法令・政策,法制・制度;女性,,,1947,1947,,
神武景気,神(じん)武(む)景(けい)気(き),346,その他,産業・工業,,,1955,1957,,
親鸞,親(しん)鸞(らん),104,人物,仏教,日本,僧侶・宗教家,1207,1262,,
隋,隋(ずい),33,国・地域・王朝,対外関係,,,581,618,,
垂加神道,垂(すい)加(か)神(しん)道(とう),189,文化・流派,神道;思想・学問,,,1660,1700,,
水干,水(すい)干(かん),69,その他,生活・風俗,,,,,平安,
出挙,出(すい)挙(こ),41,制度・役職,土地・税制,,,,,奈良;平安,
推古天皇,推(すい)古(こ)天(てん)皇(のう),33,人物,政治・政策,日本,天皇・皇族,592,628,,
帥升,帥(すい)升(しょう),18,人物,対外関係,日本,天皇・皇族,107,107,,倭国王
水稲農耕,水(すい)稲(とう)農(のう)耕(こう),13,その他,農林漁業;考古,,,,,縄文;弥生,
水墨画,水(すい)墨(ぼく)画(が),126,文化・流派,美術・建築,,,1350,1500,,
枢軸,枢(すう)軸(じく),311,その他,対外関係,,,1936,1945,,
枢軸国,枢(すう)軸(じく)国(こく),319,その他,対外関係;戦争・軍事,,,1936,1945,,
枢密院,枢(すう)密(みつ)院(いん),253,組織・団体・政党,政治・政策;法制・制度,,,1888,1947,,
須恵器,須(す)恵(え)器(き),27;30,その他,考古;産業・工業,,,,,古墳,
スエズ戦争,スエズ戦(せん)争(そう),354,事件・戦争・乱,対外関係,,,1956,1956,,
末次平蔵,末(すえ)次(つぐ)平(へい)蔵(ぞう),161,人物,対外関係;商業・流通・都市,日本,実業家,1604,1630,,
陶作部,陶(すえ)作(つくり)部(べ),27,制度・役職,産業・工業,,,,,古墳,
陶晴賢,陶(すえ)晴(はる)賢(かた),133,人物,戦争・軍事,日本,武家,1551,1555,,
末吉孫左衛門,末(すえ)吉(よし)孫(まご)左(ざ)衛(え)門(もん),161,人物,対外関係;商業・流通・都市,日本,実業家,1604,1617,,
菅江真澄,菅(すが)江(え)真(ま)澄(すみ),218,人物,思想・学問,日本,学者・思想家,1783,1829,,
菅野真道,菅(すが)野(のの)真(ま)道(みち),56,人物,政治・政策,日本,公家・貴族,797,805,,
菅原道真,菅(すが)原(わらの)道(みち)真(ざね),59;62;64,人物,政治・政策;文学,日本,公家・貴族,887,903,,
杉田玄白,杉(すぎ)田(た)玄(げん)白(ぱく),198,人物,思想・学問,日本,学者・思想家,1771,1815,,
数寄屋造,数(す)寄(き)屋(や)造(づくり),165,文化・流派,美術・建築,,,1600,1700,,
杉山元治郎,杉(すぎ)山(やま)元(もと)治(じ)郎(ろう),288,人物,農民運動,日本,社会運動家,1922,1930,,
助郷,助(すけ)郷(ごう),183,制度・役職,商業・流通・都市,,,1694,1867,,
崇峻天皇,崇(す)峻(しゅん)天(てん)皇(のう),33,人物,政治・政策,日本,天皇・皇族,587,592,,
調所広郷,調(ず)所(しょ)広(ひろ)郷(さと),212,人物,政治・政策,日本,武家,1827,1848,,
鈴木貫太郎,鈴(すず)木(き)貫(かん)太(た)郎(ろう),323,人物,政治・政策,日本,政治家;軍人,1945,1945,,
鈴木商店,鈴(すず)木(き)商(しょう)店(てん),301,組織・団体・政党,商業・流通・都市,,,1874,1927,,
鈴木善幸,鈴(すず)木(き)善(ぜん)幸(こう),356,人物,政治・政策,日本,政治家,1980,1982,,
鈴木春信,鈴(すず)木(き)春(はる)信(のぶ),202,人物,美術・建築,日本,芸術家,1765,1770,,
鈴木文治,鈴(すず)木(き)文(ぶん)治(じ),288,人物,労働運動,日本,社会運動家,1912,1930,,
鈴木牧之,鈴(すず)木(き)牧(ぼく)之(し),217,人物,文学,日本,文学者,1837,1842,,
鈴木三重吉,鈴(すず)木(き)三(み)重(え)吉(きち),297,人物,文学,日本,文学者,1918,1936,,
鈴木茂三郎,鈴(すず)木(き)茂(も)三(さぶ)郎(ろう),309,人物,社会運動;政治・政策,日本,政治家,1930,1960,,
崇徳上皇,崇(す)徳(とく)上(じょう)皇(こう),81,人物,政変・事件・反乱,日本,天皇・皇族,1156,1156,,
スーパーマーケット,スーパーマーケット,349,その他,商業・流通・都市;生活・風俗,,,1955,1970,,
スミソニアン体制,スミソニアン体(たい)制(せい),353,その他,貨幣・金融;対外関係,,,1971,1973,,
住友,住(すみ)友(とも),284,組織・団体・政党,産業・工業,,,,,江戸;明治,
角倉了以,角(すみの)倉(くら)了(りょう)以(い),183,人物,商業・流通・都市,日本,実業家,1604,1614,,
住吉具慶,住(すみ)吉(よし)具(ぐ)慶(けい),190,人物,美術・建築,日本,芸術家,1680,1705,,
住吉如慶,住(すみ)吉(よし)如(じょ)慶(けい),190,人物,美術・建築,日本,芸術家,1650,1670,,
相撲絵,相(す)撲(もう)絵(え),202,文化・流派,美術・建築,,,,,江戸,
受領,受(ず)領(りょう),63;70,制度・役職,政治・政策,,,,,平安,
世阿弥,世(ぜ)阿(あ)弥(み),127,人物,芸能,日本,芸術家,1374,1443,,
済,済(せい),27,人物,対外関係,日本,天皇・皇族,443,460,,倭の五王のひとり
西安事件,西(せい)安(あん)事(じ)件(けん),311,事件・戦争・乱,対外関係,,,1936,1936,,
征夷大将軍,征(せい)夷(い)大(たい)将(しょう)軍(ぐん),56;92,制度・役職,戦争・軍事;政治・政策,,,797,1867,,
正院,正(せい)院(いん),237,制度・役職,政治・政策,,,1871,1877,,
性学,性(せい)学(がく),211,文化・流派,思想・学問;農林漁業,,,1838,1858,,
征韓論,征(せい)韓(かん)論(ろん),245,その他,対外関係;政変・事件・反乱,,,1873,1873,,
政教社,政(せい)教(きょう)社(しゃ),251,組織・団体・政党,思想・学問,,,1888,1888,,
聖教要録,聖(せい)教(きょう)要(よう)録(ろく),189,書物・史料,思想・学問,,,1665,1665,,
生口,生(せい)口(こう),18,その他,身分・社会構造;対外関係,,,,,弥生,
製糸業,製(せい)糸(し)業(ぎょう),282,その他,産業・工業,,,1870,1930,,
政治小説,政(せい)治(じ)小(しょう)説(せつ),290,文化・流派,文学,,,1880,1890,,
政事総裁職,政(せい)事(じ)総(そう)裁(さい)職(しょく),225,制度・役職,政治・政策,,,1862,1864,,
政社,政(せい)社(しゃ),248,組織・団体・政党,社会運動,,,1874,1890,,
政商,政(せい)商(しょう),241;283,その他,商業・流通・都市;産業・工業,,,1870,1900,,
清少納言,清(せい)少(しょう)納(な)言(ごん),66,人物,文学;女性,日本,文学者,993,1001,,
政体書,政(せい)体(たい)書(しょ),229,法令・政策,法制・制度,,,1868,1868,,
青銅器時代,青(せい)銅(どう)器(き)時(じ)代(だい),7,その他,考古,,,,,弥生,
青鞜社,青(せい)鞜(とう)社(しゃ),276,組織・団体・政党,女性;文学,,,1911,1916,,
青銅製祭器,青(せい)銅(どう)製(せい)祭(さい)器(き),16,その他,考古,,,,,弥生,
西南戦争,西(せい)南(なん)戦(せん)争(そう),247,事件・戦争・乱,政変・事件・反乱;戦争・軍事,,,1877,1877,,
青年会,青(せい)年(ねん)会(かい),266,組織・団体・政党,社会運動,,,1900,1920,,
政府開発援助,政(せい)府(ふ)開(かい)発(はつ)援(えん)助(じょ),357,その他,対外関係,,,1954,1990,,ODA
西洋紀聞,西(せい)洋(よう)紀(き)聞(ぶん),198,書物・史料,対外関係;思想・学問,,,1715,1715,,
西洋事情,西(せい)洋(よう)事(じ)情(じょう),242,書物・史料,思想・学問,,,1866,1870,,
清良記,清(せい)良(りょう)記(き),180,書物・史料,農林漁業,,,1650,1700,,
政令201号,政(せい)令(れい)201号(ごう),334,法令・政策,労働運動,,,1948,1948,,
清和源氏,清(せい)和(わ)源(げん)氏(じ),73,人物,戦争・軍事,日本,武家,900,1219,,
清和天皇,清(せい)和(わ)天(てん)皇(のう),62,人物,政治・政策,日本,天皇・皇族,858,876,,
セオドア＝ローズヴェルト,セオドア＝ローズヴェルト,263,人物,対外関係,アメリカ,政治家,1905,1905,,
世界恐慌,世(せ)界(かい)恐(きょう)慌(こう),304,事件・戦争・乱,貨幣・金融;対外関係,,,1929,1933,,
関ヶ原の戦い,関(せき)ヶ(が)原(はら)の戦(たたか)い,154,事件・戦争・乱,戦争・軍事,,,1600,1600,,
石錘,石(せき)錘(すい),10,その他,考古;農林漁業,,,,,縄文,
関孝和,関(せき)孝(たか)和(かず),190,人物,思想・学問,日本,学者・思想家,1674,1708,,
石棒,石(せき)棒(ぼう),12,その他,考古,,,,,縄文,
石油危機（第1次）,石(せき)油(ゆ)危(き)機(き)（第(だい)1次(じ)）,354,事件・戦争・乱,産業・工業;対外関係,,,1973,1973,,
赤瀾会,赤(せき)瀾(らん)会(かい),276,組織・団体・政党,女性;社会運動,,,1921,1921,,
世間胸算用,世(せ)間(けん)胸(むな)算(ざん)用(よう),188,書物・史料,文学,,,1692,1692,,
絶海中津,絶(ぜっ)海(かい)中(ちゅう)津(しん),127,人物,仏教;文学,日本,僧侶・宗教家,1368,1405,,
摂関家,摂(せっ)関(かん)家(け),63,人物,政治・政策,日本,公家・貴族,858,1068,,
摂関政治,摂(せっ)関(かん)政(せい)治(じ),63,その他,政治・政策,,,858,1068,,
石器時代,石(せっ)器(き)時(じ)代(だい),7,その他,考古,,,,,旧石器;縄文,
摂家将軍,摂(せっ)家(け)将(しょう)軍(ぐん),94,制度・役職,政治・政策,,,1226,1252,,
雪舟,雪(せっ)舟(しゅう),128,人物,美術・建築,日本,芸術家,1467,1506,,
摂政,摂(せっ)政(しょう),62,制度・役職,政治・政策,,,858,1868,,
折衷学派,折(せっ)衷(ちゅう)学(がく)派(は),200,文化・流派,思想・学問,,,1750,1800,,
折衷様,折(せっ)衷(ちゅう)様(よう),108,文化・流派,美術・建築,,,1250,1400,,
摂津職,摂(せっ)津(つ)職(しき),39,制度・役職,法制・制度,,,,,奈良,
節用集,節(せつ)用(よう)集(しゅう),131,書物・史料,文学;教育,,,1450,1500,,
瀬戸焼,瀬(せ)戸(と)焼(やき),109,文化・流派,美術・建築;産業・工業,,,,,鎌倉,
銭座,銭(ぜに)座(ざ),184,組織・団体・政党,貨幣・金融,,,1636,1867,,
セミナリオ,セミナリオ,149,組織・団体・政党,キリスト教;教育,,,1580,1614,,
施薬院,施(せ)薬(やく)院(いん),52,組織・団体・政党,仏教;生活・風俗,,,730,730,,
善阿弥,善(ぜん)阿(あ)弥(み),128,人物,美術・建築,日本,芸術家,1440,1482,,
全学連,全(ぜん)学(がく)連(れん),342,組織・団体・政党,社会運動,,,1948,1970,,
戦旗,戦(せん)旗(き),299,書物・史料,文学,,,1928,1931,,
選挙干渉,選(せん)挙(きょ)干(かん)渉(しょう),255,事件・戦争・乱,政治・政策,,,1892,1892,,
前九年合戦,前(ぜん)九(く)年(ねん)合(かっ)戦(せん),77,事件・戦争・乱,戦争・軍事,,,1051,1062,,
戦後恐慌,戦(せん)後(ご)恐(きょう)慌(こう),276,事件・戦争・乱,貨幣・金融,,,1920,1920,,
全国水平社,全(ぜん)国(こく)水(すい)平(へい)社(しゃ),276,組織・団体・政党,社会運動;身分・社会構造,,,1922,1922,,
戦国大名,戦(せん)国(ごく)大(だい)名(みょう),132,人物,政治・政策;戦争・軍事,日本,武家,1467,1590,,
千石簁,千(せん)石(ごく)簁(どおし),179,その他,農林漁業,,,,,江戸,
戦後政治の総決算,戦(せん)後(ご)政(せい)治(じ)の総(そう)決(けっ)算(さん),359,その他,政治・政策,,,1982,1987,,
宣旨,宣(せん)旨(じ),64,書物・史料,政治・政策,,,,,平安,
宣旨枡,宣(せん)旨(じ)枡(ます),76,制度・役職,土地・税制,,,1072,1072,,
禅宗様,禅(ぜん)宗(しゅう)様(よう),108,文化・流派,美術・建築;仏教,,,1200,1300,,
専修念仏,専(せん)修(じゅ)念(ねん)仏(ぶつ),104,その他,仏教,,,1175,1212,,
漸次立憲政体樹立の詔,漸(ぜん)次(じ)立(りっ)憲(けん)政(せい)体(たい)樹(じゅ)立(りつ)の詔(みことのり),247,法令・政策,法制・制度,,,1875,1875,,
先進国首脳会議,先(せん)進(しん)国(こく)首(しゅ)脳(のう)会(かい)議(ぎ),354,条約・協定・会議,対外関係,,,1975,1975,,サミット
山水河原者,山(せん)水(ずい)河(かわ)原(ら)者(もの),128,人物,美術・建築;身分・社会構造,日本,芸術家,1400,1500,,
戦争放棄,戦(せん)争(そう)放(ほう)棄(き),331,その他,法制・制度;戦争・軍事,,,1946,1946,,
羨道,羨(せん)道(どう),25,その他,考古,,,,,古墳,
尖頭器,尖(せん)頭(とう)器(き),8,その他,考古,,,,,旧石器,
全日本産業別労働組合会議（産別会議）,全(ぜん)日(に)本(ほん)産(さん)業(ぎょう)別(べつ)労(ろう)働(どう)組(くみ)合(あい)会(かい)議(ぎ)（産(さん)別(べつ)会(かい)議(ぎ)）,329,組織・団体・政党,労働運動,,,1946,1958,,
全日本民間労働組合連合会,全(ぜん)日(に)本(ほん)民(みん)間(かん)労(ろう)働(どう)組(くみ)合(あい)連(れん)合(ごう)会(かい),359,組織・団体・政党,労働運動,,,1987,1987,,
善の研究,善(ぜん)の研(けん)究(きゅう),298,書物・史料,思想・学問,,,1911,1911,,
千利休,千(せんの)利(り)休(きゅう),129;148,人物,芸能,日本,芸術家,1570,1591,,
専売制,専(せん)売(ばい)制(せい),206,制度・役職,商業・流通・都市;政治・政策,,,,,江戸,
千歯扱,千(せん)歯(ば)扱(こき),179,その他,農林漁業,,,,,江戸,
全藩一揆,全(ぜん)藩(ぱん)一(いっ)揆(き),195,事件・戦争・乱,一揆・打ちこわし,,,,,江戸,
戦犯容疑者,戦(せん)犯(ぱん)容(よう)疑(ぎ)者(しゃ),327,その他,戦争・軍事;法制・制度,,,1945,1948,,
前方後円墳,前(ぜん)方(ぽう)後(こう)円(えん)墳(ふん),24,その他,考古,,,,,古墳,
前方後方墳,前(ぜん)方(ぽう)後(こう)方(ほう)墳(ふん),24,その他,考古,,,,,古墳,
賤民,賤(せん)民(みん),41,その他,身分・社会構造,,,,,奈良,
扇面古写経,扇(せん)面(めん)古(こ)写(しゃ)経(きょう),85,作品,美術・建築;仏教,,,1150,1180,,
川柳,川(せん)柳(りゅう),201,文化・流派,文学,,,1757,1850,,
租,租(そ),41,制度・役職,土地・税制,,,,,奈良;平安,
祖阿,祖(そ)阿(あ),116,人物,対外関係,日本,僧侶・宗教家,1401,1401,,
惣,惣(そう),119,組織・団体・政党,農林漁業;身分・社会構造,,,,,鎌倉;室町,
宋（南宋）,宋(そう)（南(なん)宋(そう)）,83,国・地域・王朝,対外関係,,,1127,1279,,
宋（北宋）,宋(そう)（北(ほく)宋(そう)）,64,国・地域・王朝,対外関係,,,960,1127,,
惣掟,惣(そう)掟(おきて),119,法令・政策,法制・制度,,,,,室町,
宋学,宋(そう)学(がく),107,文化・流派,思想・学問,,,1200,1400,,
宗鑑,宗(そう)鑑(かん),130,人物,文学,日本,文学者,1520,1540,,山崎宗鑑
宗祇,宗(そう)祇(ぎ),130,人物,文学,日本,文学者,1470,1502,,
総合切符制,総(そう)合(ごう)切(きっ)符(ぷ)制(せい),322,制度・役職,戦争・軍事;生活・風俗,,,1942,1945,,
総合雑誌,総(そう)合(ごう)雑(ざっ)誌(し),297,その他,文学;思想・学問,,,1915,1935,,
総裁,総(そう)裁(さい),228,制度・役職,政治・政策,,,1867,1868,,
宗氏,宗(そう)氏(し),117;163,人物,対外関係,日本,武家,1400,1867,,
蔵志,蔵(ぞう)志(し),198,書物・史料,思想・学問,,,1759,1759,,
創氏改名,創(そう)氏(し)改(かい)名(めい),318,法令・政策,植民地,,,1940,1940,,
総持寺,総(そう)持(じ)寺(じ),131,寺社・遺跡・場所,仏教,,,1321,1321,,
装飾古墳,装(そう)飾(しょく)古(こ)墳(ふん),28,その他,考古;美術・建築,,,,,古墳,
宋書倭国伝,宋(そう)書(じょ)倭(わ)国(こく)伝(でん),20;27,書物・史料,対外関係,,,,,古墳,
宋銭,宋(そう)銭(せん),102,その他,貨幣・金融;対外関係,,,,,平安;鎌倉,
造船奨励法,造(ぞう)船(せん)奨(しょう)励(れい)法(ほう),283,法令・政策,産業・工業,,,1896,1896,,
惣村,惣(そう)村(そん),119,組織・団体・政党,農林漁業;身分・社会構造,,,,,鎌倉;室町,
惣町,惣(そう)町(ちょう),136,組織・団体・政党,商業・流通・都市,,,,,室町;戦国,
曹洞宗,曹(そう)洞(とう)宗(しゅう),106,文化・流派,仏教,,,1227,1227,,
惣百姓,惣(そう)百(びゃく)姓(しょう),119,その他,身分・社会構造,,,,,室町;江戸,
惣百姓一揆,惣(そう)百(びゃく)姓(しょう)一(いっ)揆(き),195,事件・戦争・乱,一揆・打ちこわし,,,1680,1800,,
僧兵,僧(そう)兵(へい),79,その他,仏教;戦争・軍事,,,,,平安,
像法,像(ぞう)法(ぼう),67,その他,仏教,,,,,平安,
草木灰,草(そう)木(もく)灰(ばい),101;123,その他,農林漁業,,,,,鎌倉;室町,
雑徭,雑(ぞう)徭(よう),41,制度・役職,土地・税制,,,,,奈良,
惣領制,惣(そう)領(りょう)制(せい),97;112,制度・役職,身分・社会構造,,,1185,1350,,
副島種臣,副(そえ)島(じま)種(たね)臣(おみ),246,人物,政治・政策;対外関係,日本,政治家,1868,1874,,
総力戦,総(そう)力(りょく)戦(せん),322,その他,戦争・軍事,,,1914,1945,,
蘇我入鹿,蘇(そ)我(がの)入(いる)鹿(か),37,人物,政治・政策,日本,公家・貴族,643,645,,
蘇我馬子,蘇(そ)我(がの)馬(うま)子(こ),33,人物,政治・政策,日本,公家・貴族,572,626,,
蘇我蝦夷,蘇(そ)我(がの)蝦(え)夷(みし),37,人物,政治・政策,日本,公家・貴族,626,645,,
蘇我倉山田石川麻呂,蘇(そ)我(がの)倉(くら)山(やま)田(だ)石(いし)川(かわ)麻(ま)呂(ろ),37,人物,政治・政策,日本,公家・貴族,645,649,,
続縄文文化,続(ぞく)縄(じょう)文(もん)文(ぶん)化(か),13,文化・流派,北方・アイヌ;考古,,,,,弥生;古墳,
束帯,束(そく)帯(たい),69,その他,生活・風俗,,,,,平安,
束髪,束(そく)髪(はつ),294,その他,生活・風俗;女性,,,1885,1920,,
塑像,塑(そ)像(ぞう),53,作品,美術・建築;仏教,,,,,奈良,
曾根崎心中,曾(そ)根(ね)崎(ざき)心(しん)中(じゅう),188,作品,芸能;文学,,,1703,1703,,
側用人,側(そば)用(よう)人(にん),177,制度・役職,政治・政策,,,1681,1867,,
ソ連邦解体,ソ連(れん)邦(ぽう)解(かい)体(たい),360,事件・戦争・乱,対外関係,,,1991,1991,,
尊円入道親王,尊(そん)円(えん)入(にゅう)道(どう)親(しん)王(のう),109,人物,美術・建築,日本,天皇・皇族,1330,1356,,
尊号一件,尊(そん)号(ごう)一(いっ)件(けん),205,事件・戦争・乱,政治・政策,,,1789,1793,,
尊勝寺,尊(そん)勝(しょう)寺(じ),78,寺社・遺跡・場所,仏教,,,1102,1102,,
尊王攘夷論,尊(そん)王(のう)攘(じょう)夷(い)論(ろん),224,文化・流派,思想・学問;対外関係,,,1850,1867,,
尊王論,尊(そん)王(のう)論(ろん),199,文化・流派,思想・学問,,,1750,1867,,
孫文,孫(そん)文(ぶん),265,人物,対外関係,中国,政治家,1905,1925,,
村法,村(そん)法(ぽう),119;169,法令・政策,法制・制度,,,,,室町;江戸,
ダイアー,ダイアー,290,人物,教育,イギリス,来日外国人,1873,1882,,
大安寺,大(だい)安(あん)寺(じ),43,寺社・遺跡・場所,仏教,,,716,716,,
第一議会,第(だい)一(いち)議(ぎ)会(かい),255,事件・戦争・乱,政治・政策,,,1890,1891,,
第一国立銀行,第(だい)一(いち)国(こく)立(りつ)銀(ぎん)行(こう),279,組織・団体・政党,貨幣・金融,,,1873,1873,,
第一次世界大戦,第(だい)一(いち)次(じ)世(せ)界(かい)大(たい)戦(せん),269,事件・戦争・乱,戦争・軍事;対外関係,,,1914,1918,,
大院君,大(たい)院(いん)君(くん),257,人物,対外関係,朝鮮,政治家,1863,1895,,
太陰太陽暦,太(たい)陰(いん)太(たい)陽(よう)暦(れき),243,その他,生活・風俗,,,,,明治,
大学,大(だい)学(がく),51,組織・団体・政党,教育,,,701,900,,
大覚寺統,大(だい)覚(かく)寺(じ)統(とう),79;110,人物,政治・政策,日本,天皇・皇族,1272,1392,,
大学章句,大(だい)学(がく)章(しょう)句(く),131,書物・史料,思想・学問,,,1481,1481,,
大学別曹,大(だい)学(がく)別(べっ)曹(そう),59;63,組織・団体・政党,教育,,,800,900,,
大学令,大(だい)学(がく)令(れい),297,法令・政策,教育,,,1918,1918,,
大学或問,大(だい)学(がく)或(わく)問(もん),189,書物・史料,思想・学問;政治・政策,,,1687,1687,,
大化改新,大(たい)化(か)改(かい)新(しん),38,事件・戦争・乱,政治・政策,,,645,650,,
代官,代(だい)官(かん),157,制度・役職,政治・政策,,,,,江戸,
大官大寺,大(だい)官(かん)大(だい)寺(じ),49,寺社・遺跡・場所,仏教,,,673,710,,
大韓帝国,大(だい)韓(かん)帝(てい)国(こく),260,国・地域・王朝,対外関係;植民地,,,1897,1910,,
大韓民国,大(だい)韓(かん)民(みん)国(こく),334,国・地域・王朝,対外関係,,,1948,1948,,
大義名分論,大(たい)義(ぎ)名(めい)分(ぶん)論(ろん),107;188,文化・流派,思想・学問,,,,,鎌倉;江戸,
大逆事件,大(たい)逆(ぎゃく)事(じ)件(けん),266,事件・戦争・乱,社会運動;政変・事件・反乱,,,1910,1911,,
大教宣布の詔,大(たい)教(きょう)宣(せん)布(ぷ)の詔(みことのり),243,法令・政策,神道,,,1870,1870,,
大航海時代,大(だい)航(こう)海(かい)時(じ)代(だい),139,その他,対外関係,,,1450,1650,,
太閤検地,太(たい)閤(こう)検(けん)地(ち),143,法令・政策,土地・税制,,,1582,1598,,
大黒屋光太夫,大(だい)黒(こく)屋(や)光(こう)太(だ)夫(ゆう),206,人物,対外関係;北方・アイヌ,日本,その他,1782,1792,,
醍醐天皇,醍(だい)醐(ご)天(てん)皇(のう),62,人物,政治・政策,日本,天皇・皇族,897,930,,
第五福竜丸事件,第(だい)五(ご)福(ふく)竜(りゅう)丸(まる)事(じ)件(けん),341,事件・戦争・乱,社会運動;戦争・軍事,,,1954,1954,,
大衆消費社会,大(たい)衆(しゅう)消(しょう)費(ひ)社(しゃ)会(かい),348,その他,生活・風俗;商業・流通・都市,,,1955,1975,,
大衆文化,大(たい)衆(しゅう)文(ぶん)化(か),297,文化・流派,生活・風俗;文学,,,1918,1937,,
大衆文学,大(たい)衆(しゅう)文(ぶん)学(がく),298,文化・流派,文学,,,1920,1940,,
大嘗会,大(だい)嘗(じょう)会(え),178,その他,神道,,,1687,1687,,
太政官［古代］,太(だ)政(じょう)官(かん)［古(こ)代(だい)］,39,制度・役職,政治・政策,,,701,1868,,
太政官符,太(だ)政(じょう)官(かん)符(ぷ),64,書物・史料,政治・政策,,,,,奈良;平安,
大正政変,大(たい)正(しょう)政(せい)変(へん),268,事件・戦争・乱,政変・事件・反乱,,,1913,1913,,
太政大臣,太(だ)政(じょう)大(だい)臣(じん),39,制度・役職,政治・政策,,,,,奈良;平安,
大正デモクラシー,大(たい)正(しょう)デモクラシー,270;277;298,その他,社会運動;思想・学問,,,1905,1932,,
大人,大(たい)人(じん),18,その他,身分・社会構造,,,,,弥生,
大審院,大(だい)審(しん)院(いん),247,組織・団体・政党,法制・制度,,,1875,1947,,
大政奉還の上表,大(たい)政(せい)奉(ほう)還(かん)の上(じょう)表(ひょう),227,法令・政策,政治・政策,,,1867,1867,,
大政翼賛会,大(たい)政(せい)翼(よく)賛(さん)会(かい),317,組織・団体・政党,政治・政策;戦争・軍事,,,1940,1945,,
大戦景気,大(たい)戦(せん)景(けい)気(き),295,その他,産業・工業,,,1915,1919,,
大仙陵古墳,大(だい)仙(せん)陵(りょう)古(こ)墳(ふん),25,寺社・遺跡・場所,考古,,,,,古墳,
帯刀,帯(たい)刀(とう),167,制度・役職,身分・社会構造,,,,,江戸,
大東亜会議,大(だい)東(とう)亜(あ)会(かい)議(ぎ),321,条約・協定・会議,対外関係;戦争・軍事,,,1943,1943,,
大東亜共栄圏,大(だい)東(とう)亜(あ)共(きょう)栄(えい)圏(けん),317;320,その他,対外関係;戦争・軍事,,,1940,1945,,
大同団結,大(だい)同(どう)団(だん)結(けつ),251,事件・戦争・乱,社会運動,,,1886,1889,,
大徳寺,大(だい)徳(とく)寺(じ),131,寺社・遺跡・場所,仏教,,,1325,1325,,
大徳寺大仙院庭園,大(だい)徳(とく)寺(じ)大(だい)仙(せん)院(いん)庭(てい)園(えん),128,作品,美術・建築,,,1513,1513,,
第二次世界大戦,第(だい)二(に)次(じ)世(せ)界(かい)大(たい)戦(せん),316,事件・戦争・乱,戦争・軍事;対外関係,,,1939,1945,,
対日理事会,対(たい)日(にち)理(り)事(じ)会(かい),326,組織・団体・政党,対外関係,,,1946,1952,,
大日本沿海輿地全図,大(だい)日(に)本(ほん)沿(えん)海(かい)輿(よ)地(ち)全(ぜん)図(ず),215,書物・史料,思想・学問,,,1821,1821,,
大日本産業報国会,大(だい)日(に)本(ほん)産(さん)業(ぎょう)報(ほう)国(こく)会(かい),315,組織・団体・政党,労働運動;戦争・軍事,,,1940,1945,,
大日本史,大(だい)日(に)本(ほん)史(し),177,書物・史料,思想・学問,,,1657,1906,,
大日本青少年団,大(だい)日(に)本(ほん)青(せい)少(しょう)年(ねん)団(だん),317,組織・団体・政党,戦争・軍事;教育,,,1941,1945,,
大日本帝国憲法,大(だい)日(に)本(ほん)帝(てい)国(こく)憲(けん)法(ぽう),253;331,法令・政策,法制・制度,,,1889,1889,,
大日本婦人会,大(だい)日(に)本(ほん)婦(ふ)人(じん)会(かい),317,組織・団体・政党,女性;戦争・軍事,,,1942,1945,,
大日本翼賛壮年団,大(だい)日(に)本(ほん)翼(よく)賛(さん)壮(そう)年(ねん)団(だん),317,組織・団体・政党,戦争・軍事,,,1942,1945,,
大日本労働総同盟友愛会,大(だい)日(に)本(ほん)労(ろう)働(どう)総(そう)同(どう)盟(めい)友(ゆう)愛(あい)会(かい),288,組織・団体・政党,労働運動,,,1919,1921,,
台場,台(だい)場(ば),222,寺社・遺跡・場所,戦争・軍事;対外関係,,,1853,1854,,
代表越訴型一揆,代(だい)表(ひょう)越(おっ)訴(そ)型(がた)一(いっ)揆(き),195,事件・戦争・乱,一揆・打ちこわし,,,1650,1700,,
大仏造立の詔,大(だい)仏(ぶつ)造(ぞう)立(りゅう)の詔(みことのり),46,法令・政策,仏教,,,743,743,,
大仏様,大(だい)仏(ぶつ)様(よう),108,文化・流派,美術・建築,,,1180,1200,,
太平記,太(たい)平(へい)記(き),126,書物・史料,文学,,,1370,1370,,
太平洋戦争,太(たい)平(へい)洋(よう)戦(せん)争(そう),319,事件・戦争・乱,戦争・軍事,,,1941,1945,,
大砲製造所,大(たい)砲(ほう)製(せい)造(ぞう)所(しょ),213,組織・団体・政党,戦争・軍事;産業・工業,,,1840,1860,,
大宝律令,大(たい)宝(ほう)律(りつ)令(りょう),39,法令・政策,法制・制度,,,701,701,,
大菩薩峠,大(だい)菩(ぼ)薩(さつ)峠(とうげ),298,書物・史料,文学,,,1913,1941,,
大犯三カ条,大(たい)犯(ぼん)三(さん)カ条(じょう),92,制度・役職,法制・制度,,,1185,1333,,
台密,台(たい)密(みつ),60,文化・流派,仏教,,,,,平安,
題目,題(だい)目(もく),105,その他,仏教,,,1253,1282,,
太陽,太(たい)陽(よう),260,書物・史料,思想・学問,,,1895,1928,,
代用食,代(だい)用(よう)食(しょく),322,その他,生活・風俗;戦争・軍事,,,1940,1945,,
太陽暦,太(たい)陽(よう)暦(れき),243,その他,生活・風俗,,,1872,1873,,
平清盛,平(たいらの)清(きよ)盛(もり),81,人物,政治・政策,日本,武家,1156,1181,,
平貞盛,平(たいらの)貞(さだ)盛(もり),73,人物,戦争・軍事,日本,武家,940,989,,
平重盛,平(たいらの)重(しげ)盛(もり),81,人物,政治・政策,日本,武家,1159,1179,,
平忠常の乱,平(たいらの)忠(ただ)常(つね)の乱(らん),74,事件・戦争・乱,政変・事件・反乱,,,1028,1031,,
平忠正,平(たいらの)忠(ただ)正(まさ),81,人物,政変・事件・反乱,日本,武家,1156,1156,,
平忠盛,平(たいらの)忠(ただ)盛(もり),80,人物,政治・政策,日本,武家,1129,1153,,
平徳子,平(たいらの)徳(とく)子(こ),82,人物,政治・政策;女性,日本,天皇・皇族,1172,1185,,建礼門院
平将門,平(たいらの)将(まさ)門(かど),73,人物,政変・事件・反乱,日本,武家,935,940,,
平将門の乱,平(たいらの)将(まさ)門(かど)の乱(らん),73,事件・戦争・乱,政変・事件・反乱,,,939,940,,
平正盛,平(たいらの)正(まさ)盛(もり),80,人物,戦争・軍事,日本,武家,1097,1121,,
平頼綱,平(たいらの)頼(より)綱(つな),100,人物,政治・政策,日本,武家,1285,1293,,
大老,大(たい)老(ろう),156,制度・役職,政治・政策,,,,,江戸,
対露同志会,対(たい)露(ろ)同(どう)志(し)会(かい),262,組織・団体・政党,対外関係,,,1903,1903,,
台湾銀行,台(たい)湾(わん)銀(ぎん)行(こう),301,組織・団体・政党,貨幣・金融;植民地,,,1899,1927,,
台湾出兵,台(たい)湾(わん)出(しゅっ)兵(ぺい),245,事件・戦争・乱,対外関係;戦争・軍事,,,1874,1874,,
台湾総督府,台(たい)湾(わん)総(そう)督(とく)府(ふ),259,組織・団体・政党,植民地,,,1895,1945,,
高請地,高(たか)請(うけ)地(ち),169,その他,土地・税制,,,,,江戸,
高倉天皇,高(たか)倉(くら)天(てん)皇(のう),82,人物,政治・政策,日本,天皇・皇族,1168,1180,,
高碕達之助,高(たか)碕(さき)達(たつ)之(の)助(すけ),343,人物,対外関係,日本,政治家,1962,1962,,
高三隆達,高(たか)三(さぶ)隆(りゅう)達(たつ),148,人物,芸能,日本,芸術家,1590,1611,,
多賀城,多(た)賀(が)城(じょう),45;55,寺社・遺跡・場所,北方・アイヌ;政治・政策,,,724,724,,
高杉晋作,高(たか)杉(すぎ)晋(しん)作(さく),227,人物,戦争・軍事,日本,武家,1863,1867,,
高田事件,高(たか)田(だ)事(じ)件(けん),250,事件・戦争・乱,社会運動,,,1883,1883,,
高田屋嘉兵衛,高(たか)田(だ)屋(や)嘉(か)兵(へ)衛(え),207,人物,北方・アイヌ;商業・流通・都市,日本,実業家,1790,1813,,
高坏,高(たか)坏(つき),15,その他,考古,,,,,弥生,
高取焼,高(たか)取(とり)焼(やき),166,文化・流派,美術・建築,,,1600,1700,,
高野岩三郎,高(たか)野(の)岩(いわ)三(さぶ)郎(ろう),330,人物,法制・制度;社会運動,日本,学者・思想家,1920,1946,,
高野長英,高(たか)野(の)長(ちょう)英(えい),209;215,人物,思想・学問,日本,学者・思想家,1825,1850,,
高野房太郎,高(たか)野(の)房(ふさ)太(た)郎(ろう),287,人物,労働運動,日本,社会運動家,1897,1904,,
高橋景保,高(たか)橋(はし)景(かげ)保(やす),215,人物,思想・学問,日本,学者・思想家,1804,1829,,
高橋和巳,高(たか)橋(はし)和(かず)巳(み),350,人物,文学,日本,文学者,1962,1971,,
高橋是清,高(たか)橋(はし)是(これ)清(きよ),272,人物,政治・政策;貨幣・金融,日本,政治家,1921,1936,,
高橋由一,高(たか)橋(はし)由(ゆ)一(いち),293,人物,美術・建築,日本,芸術家,1860,1894,,
高橋至時,高(たか)橋(はし)至(よし)時(とき),215,人物,思想・学問,日本,学者・思想家,1795,1804,,
高機,高(たか)機(ばた),181,その他,産業・工業,,,,,江戸,
高浜虚子,高(たか)浜(はま)虚(きょ)子(し),291,人物,文学,日本,文学者,1898,1959,,
高松塚古墳壁画,高(たか)松(まつ)塚(づか)古(こ)墳(ふん)壁(へき)画(が),49,作品,美術・建築;考古,,,700,700,,
高峰譲吉,高(たか)峰(みね)譲(じょう)吉(きち),290,人物,思想・学問,日本,学者・思想家,1890,1922,,
高向玄理,高(たか)向(むこの)玄(げん)理(り),34;37,人物,政治・政策;対外関係,日本,学者・思想家,608,654,,
高村光雲,高(たか)村(むら)光(こう)雲(うん),293,人物,美術・建築,日本,芸術家,1880,1934,,
高山右近,高(たか)山(やま)右(う)近(こん),159,人物,キリスト教,日本,武家,1573,1614,,
高山樗牛,高(たか)山(やま)樗(ちょ)牛(ぎゅう),260,人物,思想・学問;文学,日本,学者・思想家,1895,1902,,
高山彦九郎,高(たか)山(やま)彦(ひこ)九(く)郎(ろう),199,人物,思想・学問,日本,学者・思想家,1770,1793,,
高床倉庫,高(たか)床(ゆか)倉(そう)庫(こ),14,その他,考古;農林漁業,,,,,弥生,
兌換銀行券,兌(だ)換(かん)銀(ぎん)行(こう)券(けん),279,その他,貨幣・金融,,,1885,1885,,
滝川事件,滝(たき)川(がわ)事(じ)件(けん),309,事件・戦争・乱,思想・学問;教育,,,1933,1933,,
滝川幸辰,滝(たき)川(がわ)幸(ゆき)辰(とき),309,人物,思想・学問;法制・制度,日本,学者・思想家,1933,1933,,
滝口の武者,滝(たき)口(ぐち)の武(む)者(しゃ),62,制度・役職,戦争・軍事,,,890,890,,
滝廉太郎,滝(たき)廉(れん)太(た)郎(ろう),292,人物,芸能,日本,芸術家,1898,1903,,
沢庵,沢(たく)庵(あん),158,人物,仏教,日本,僧侶・宗教家,1627,1645,,
竹下登,竹(たけ)下(した)登(のぼる),359,人物,政治・政策,日本,政治家,1987,1989,,
竹田出雲（2世）,竹(たけ)田(だ)出(いず)雲(も)（2世(せい)）,202,人物,芸能;文学,日本,文学者,1747,1756,,
武田勝頼,武(たけ)田(だ)勝(かつ)頼(より),141,人物,戦争・軍事,日本,武家,1573,1582,,
武田信玄（晴信）,武(たけ)田(だ)信(しん)玄(げん)（晴(はる)信(のぶ)）,133,人物,戦争・軍事,日本,武家,1541,1573,,
竹取物語,竹(たけ)取(とり)物(もの)語(がたり),65,書物・史料,文学,,,900,900,,
竹内式部,竹(たけ)内(うち)式(しき)部(ぶ),197;199,人物,思想・学問,日本,学者・思想家,1758,1767,,
武野紹鷗,武(たけ)野(の)紹(じょう)鷗(おう),129,人物,芸能,日本,芸術家,1530,1555,,
竹本義太夫,竹(たけ)本(もと)義(ぎ)太(だ)夫(ゆう),188,人物,芸能,日本,芸術家,1684,1714,,
太宰春台,太(だ)宰(ざい)春(しゅん)台(だい),189,人物,思想・学問,日本,学者・思想家,1720,1747,,
大宰府,大(だ)宰(ざい)府(ふ),39,制度・役職,政治・政策;対外関係,,,664,1200,,
足高の制,足(たし)高(だか)の制(せい),192,法令・政策,政治・政策,,,1723,1723,,
太政官［近代］,太(だ)政(じょう)官(かん)［近(きん)代(だい)］,229;237,制度・役職,政治・政策,,,1868,1885,,
太政官札,太(だ)政(じょう)官(かん)札(さつ),239;279,その他,貨幣・金融,,,1868,1868,,
打製石器,打(だ)製(せい)石(せっ)器(き),7,その他,考古,,,,,旧石器,
たたら製鉄,たたら製(せい)鉄(てつ),175,その他,産業・工業,,,,,江戸,
館,館(たち),80;97,寺社・遺跡・場所,戦争・軍事,,,,,平安;鎌倉,やかた とも読む
館［蝦夷ヶ島］,館(たて)［蝦(え)夷(ぞ)ヶ(が)島(しま)］,118,寺社・遺跡・場所,北方・アイヌ,,,1400,1457,,
館侍,館(たち)侍(ざむらい),74,その他,戦争・軍事,,,,,平安,
橘奈良麻呂,橘(たちばなの)奈(な)良(ら)麻(ま)呂(ろ),46,人物,政変・事件・反乱,日本,公家・貴族,757,757,,
橘逸勢,橘(たちばなの)逸(はや)勢(なり),61,人物,美術・建築;政変・事件・反乱,日本,公家・貴族,804,842,,
橘諸兄,橘(たちばなの)諸(もろ)兄(え),46,人物,政治・政策,日本,公家・貴族,737,756,,
脱亜論,脱(だつ)亜(あ)論(ろん),258,文化・流派,思想・学問;対外関係,,,1885,1885,,
辰野金吾,辰(たつ)野(の)金(きん)吾(ご),299,人物,美術・建築,日本,芸術家,1886,1919,,
竪穴式石室,竪(たて)穴(あな)式(しき)石(せき)室(しつ),24;25,その他,考古,,,,,古墳,
竪穴住居,竪(たて)穴(あな)住(じゅう)居(きょ),11,その他,考古,,,,,縄文;弥生,
竪杵,竪(たて)杵(ぎね),14,その他,考古;農林漁業,,,,,弥生,
楯築墳丘墓,楯(たて)築(つき)墳(ふん)丘(きゅう)墓(ぼ),16,寺社・遺跡・場所,考古,,,,,弥生,
立花,立(たて)花(はな),129,文化・流派,芸能,,,1450,1600,,りっか とも読む
伊達宗城,伊(だ)達(て)宗(むね)城(なり),213,人物,政治・政策,日本,武家,1844,1868,,
田堵,田(た)堵(と),70,その他,農林漁業;身分・社会構造,,,,,平安,
田荘,田(た)荘(どころ),31,制度・役職,土地・税制,,,,,古墳,
田所,田(た)所(どころ),77,制度・役職,土地・税制,,,,,平安,
田中角栄,田(た)中(なか)角(かく)栄(えい),354,人物,政治・政策,日本,政治家,1972,1974,,
田中義一,田(た)中(なか)義(ぎ)一(いち),278,人物,政治・政策;戦争・軍事,日本,政治家;軍人,1927,1929,,
田中丘隅,田(た)中(なか)丘(きゅう)隅(ぐ),192,人物,政治・政策,日本,その他,1720,1729,,
田中勝介,田(た)中(なか)勝(しょう)介(すけ),160,人物,対外関係;商業・流通・都市,日本,実業家,1610,1611,,
田中正造,田(た)中(なか)正(しょう)造(ぞう),287,人物,公害・環境・災害;社会運動,日本,政治家;社会運動家,1891,1913,,
店借,店(たな)借(がり),171,その他,身分・社会構造;商業・流通・都市,,,,,江戸,
谷崎潤一郎,谷(たに)崎(ざき)潤(じゅん)一(いち)郎(ろう),298;315,人物,文学,日本,文学者,1910,1965,,
谷時中,谷(たに)時(じ)中(ちゅう),188,人物,思想・学問,日本,学者・思想家,1630,1649,,
谷文晁,谷(たに)文(ぶん)晁(ちょう),217,人物,美術・建築,日本,芸術家,1790,1840,,
田沼意次,田(た)沼(ぬま)意(おき)次(つぐ),196,人物,政治・政策,日本,武家,1767,1786,,
田沼意知,田(た)沼(ぬま)意(おき)知(とも),197,人物,政治・政策,日本,武家,1783,1784,,
田沼時代,田(た)沼(ぬま)時(じ)代(だい),196,その他,政治・政策,,,1767,1786,,
種子島,種(たね)子(が)島(しま),139,寺社・遺跡・場所,対外関係,,,1543,1543,,
種子島時堯,種(たね)子(が)島(しま)時(とき)堯(たか),139,人物,対外関係;戦争・軍事,日本,武家,1543,1543,,
種蒔く人,種(たね)蒔(ま)く人(ひと),299,書物・史料,文学,,,1921,1923,,
田能村竹田,田(た)能(の)村(むら)竹(ちく)田(でん),217,人物,美術・建築,日本,芸術家,1810,1835,,
玉鋼,玉(たま)鋼(はがね),175,その他,産業・工業,,,,,江戸,
ターミナルデパート,ターミナルデパート,296,その他,商業・流通・都市;生活・風俗,,,1929,1935,,
為永春水,為(ため)永(なが)春(しゅん)水(すい),210;216,人物,文学,日本,文学者,1830,1842,,
田安家,田(た)安(やす)家(け),194,人物,政治・政策,日本,武家,1731,1867,,
田安宗武,田(た)安(やす)宗(むね)武(たけ),194,人物,政治・政策;思想・学問,日本,武家,1731,1771,,
田山花袋,田(た)山(やま)花(か)袋(たい),291,人物,文学,日本,文学者,1900,1930,,
樽廻船,樽(たる)廻(かい)船(せん),184,その他,商業・流通・都市,,,1730,1867,,
俵物,俵(たわら)物(もの),181,その他,対外関係;農林漁業,,,1690,1867,,
俵屋宗達,俵(たわら)屋(や)宗(そう)達(たつ),166,人物,美術・建築,日本,芸術家,1600,1640,,
単一為替レート,単(たん)一(いつ)為(かわ)替(せ)レート,335,制度・役職,貨幣・金融,,,1949,1971,,
団菊左時代,団(だん)菊(きく)左(さ)時(じ)代(だい),291,その他,芸能,,,1880,1903,,
段祺瑞,段(だん)祺(き)瑞(ずい),269,人物,対外関係,中国,政治家,1916,1920,,
塘沽停戦協定,塘(たん)沽(くー)停(てい)戦(せん)協(きょう)定(てい),307,条約・協定・会議,対外関係;戦争・軍事,,,1933,1933,,
湛慶,湛(たん)慶(けい),108,人物,美術・建築;仏教,日本,芸術家,1220,1256,,
段銭,段(たん)銭(せん),115,制度・役職,土地・税制,,,,,室町,
団琢磨,団(だん)琢(たく)磨(ま),306,人物,産業・工業,日本,実業家,1914,1932,,
単独相続,単(たん)独(どく)相(そう)続(ぞく),112,制度・役職,身分・社会構造,,,1300,1500,,
壇の浦,壇(だん)の浦(うら),82,事件・戦争・乱,戦争・軍事,,,1185,1185,,
談林俳諧,談(だん)林(りん)俳(はい)諧(かい),188,文化・流派,文学,,,1670,1690,,
治安維持法,治(ち)安(あん)維(い)持(じ)法(ほう),278;302;326,法令・政策,社会運動;法制・制度,,,1925,1945,,
治安警察法,治(ち)安(あん)警(けい)察(さつ)法(ほう),261;276;287,法令・政策,社会運動;労働運動,,,1900,1945,,
地縁的結合,地(ち)縁(えん)的(てき)結(けつ)合(ごう),112,その他,身分・社会構造,,,,,室町,
治外法権,治(ち)外(がい)法(ほう)権(けん),223,その他,対外関係;法制・制度,,,1858,1899,,
地下鉄,地(ち)下(か)鉄(てつ),296,その他,商業・流通・都市;生活・風俗,,,1927,1927,,
近松半二,近(ちか)松(まつ)半(はん)二(じ),202,人物,芸能;文学,日本,文学者,1751,1783,,
近松門左衛門,近(ちか)松(まつ)門(もん)左(ざ)衛(え)門(もん),188,人物,芸能;文学,日本,文学者,1683,1724,,
知行国,知(ち)行(ぎょう)国(こく),79,制度・役職,土地・税制,,,,,平安;鎌倉,
蓄銭叙位令,蓄(ちく)銭(せん)叙(じょ)位(い)令(れい),43,法令・政策,貨幣・金融,,,711,711,,
地券,地(ち)券(けん),239,その他,土地・税制,,,1872,1889,,
地租改正,地(ち)租(そ)改(かい)正(せい),237;239,法令・政策,土地・税制,,,1873,1881,,
地租改正条例,地(ち)租(そ)改(かい)正(せい)条(じょう)例(れい),239,法令・政策,土地・税制,,,1873,1873,,
地租改正反対一揆,地(ち)租(そ)改(かい)正(せい)反(はん)対(たい)一(いっ)揆(き),239;247,事件・戦争・乱,一揆・打ちこわし;土地・税制,,,1876,1877,,
地対財特法,地(ち)対(たい)財(ざい)特(とく)法(ほう),352,法令・政策,身分・社会構造,,,1987,2002,,
秩父事件,秩(ちち)父(ぶ)事(じ)件(けん),250,事件・戦争・乱,社会運動;農民運動,,,1884,1884,,
千々石ミゲル,千(ち)々(ぢ)石(わ)ミゲル,148,人物,キリスト教;対外関係,日本,その他,1582,1590,,
秩禄,秩(ちつ)禄(ろく),238,制度・役職,身分・社会構造,,,1869,1876,,
秩禄処分,秩(ちつ)禄(ろく)処(しょ)分(ぶん),238;246,法令・政策,身分・社会構造,,,1876,1876,,
秩禄奉還の法,秩(ちつ)禄(ろく)奉(ほう)還(かん)の法(ほう),238,法令・政策,身分・社会構造,,,1873,1873,,
知藩事,知(ち)藩(はん)事(じ),236,制度・役職,政治・政策,,,1869,1871,,
地方改良運動,地(ち)方(ほう)改(かい)良(りょう)運(うん)動(どう),266;286,法令・政策,政治・政策;農林漁業,,,1908,1918,,
地方官会議,地(ち)方(ほう)官(かん)会(かい)議(ぎ),247,条約・協定・会議,政治・政策,,,1875,1880,,
地方三新法,地(ち)方(ほう)三(さん)新(しん)法(ぽう),248,法令・政策,法制・制度,,,1878,1878,,
地方自治法,地(ち)方(ほう)自(じ)治(ち)法(ほう),331,法令・政策,法制・制度,,,1947,1947,,
地方税規則,地(ち)方(ほう)税(ぜい)規(き)則(そく),248,法令・政策,土地・税制,,,1878,1878,,
チャーチル,チャーチル,323,人物,対外関係;戦争・軍事,イギリス,政治家,1940,1945,,
茶道,茶(さ)道(どう),129,文化・流派,芸能,,,1450,1600,,
茶の湯,茶(ちゃ)の湯(ゆ),129,文化・流派,芸能,,,1450,1600,,
茶寄合,茶(ちゃ)寄(より)合(あい),126,その他,芸能,,,1330,1400,,
中央公論,中(ちゅう)央(おう)公(こう)論(ろん),297,書物・史料,思想・学問,,,1899,1945,,
中華人民共和国,中(ちゅう)華(か)人(じん)民(みん)共(きょう)和(わ)国(こく),333,国・地域・王朝,対外関係,,,1949,1949,,
中華民国,中(ちゅう)華(か)民(みん)国(こく),265,国・地域・王朝,対外関係,,,1912,1912,,
中間小説,中(ちゅう)間(かん)小(しょう)説(せつ),350,文化・流派,文学,,,1950,1970,,
仲恭天皇,仲(ちゅう)恭(きょう)天(てん)皇(のう),95,人物,政治・政策,日本,天皇・皇族,1221,1221,,
中尊寺金色堂,中(ちゅう)尊(そん)寺(じ)金(こん)色(じき)堂(どう),84,寺社・遺跡・場所,美術・建築;仏教,,,1124,1124,,
中朝事実,中(ちゅう)朝(ちょう)事(じ)実(じつ),189,書物・史料,思想・学問,,,1669,1669,,
中東戦争,中(ちゅう)東(とう)戦(せん)争(そう),354,事件・戦争・乱,対外関係,,,1948,1973,,
中流意識,中(ちゅう)流(りゅう)意(い)識(しき),350,その他,生活・風俗,,,1970,1990,,
調,調(ちょう),41,制度・役職,土地・税制,,,,,奈良;平安,
町,町(ちょう),136;171,組織・団体・政党,商業・流通・都市,,,,,室町;戦国;江戸,
長安,長(ちょう)安(あん),41;42,寺社・遺跡・場所,対外関係;商業・流通・都市,,,,,飛鳥;奈良,
張学良,張(ちょう)学(がく)良(りょう),303,人物,対外関係,中国,軍人;政治家,1928,1936,,
丁銀,丁(ちょう)銀(ぎん),184,その他,貨幣・金融,,,1601,1868,,
町組,町(ちょう)組(ぐみ),136,組織・団体・政党,商業・流通・都市,,,,,戦国,
重源,重(ちょう)源(げん),108,人物,仏教;美術・建築,日本,僧侶・宗教家,1181,1206,,
長講堂領,長(ちょう)講(こう)堂(どう)領(りょう),79,制度・役職,土地・税制,,,1185,1300,,
朝貢貿易,朝(ちょう)貢(こう)貿(ぼう)易(えき),116,その他,対外関係;商業・流通・都市,,,1401,1547,,
張鼓峰事件,張(ちょう)鼓(こ)峰(ほう)事(じ)件(けん),316,事件・戦争・乱,対外関係;戦争・軍事,,,1938,1938,,
張作霖爆殺事件,張(ちょう)作(さく)霖(りん)爆(ばく)殺(さつ)事(じ)件(けん),303,事件・戦争・乱,対外関係;政変・事件・反乱,,,1928,1928,,
逃散,逃(ちょう)散(さん),120,事件・戦争・乱,一揆・打ちこわし,,,,,鎌倉;室町,
町衆,町(ちょう)衆(しゅう),136,その他,商業・流通・都市;身分・社会構造,,,,,室町;戦国,
鳥獣人物戯画,鳥(ちょう)獣(じゅう)人(じん)物(ぶつ)戯(ぎ)画(が),85,作品,美術・建築,,,1150,1200,,
長州征討（第1次）,長(ちょう)州(しゅう)征(せい)討(とう)（第(だい)1次(じ)）,226,事件・戦争・乱,戦争・軍事,,,1864,1864,,
長州征討（第2次）,長(ちょう)州(しゅう)征(せい)討(とう)（第(だい)2次(じ)）,227,事件・戦争・乱,戦争・軍事,,,1866,1866,,
長征,長(ちょう)征(せい),311,事件・戦争・乱,対外関係,,,1934,1936,,
朝鮮,朝(ちょう)鮮(せん),117,国・地域・王朝,対外関係,,,1392,1910,,
超然主義,超(ちょう)然(ぜん)主(しゅ)義(ぎ),254,その他,政治・政策,,,1889,1900,,
朝鮮戦争,朝(ちょう)鮮(せん)戦(せん)争(そう),335,事件・戦争・乱,対外関係;戦争・軍事,,,1950,1953,,
朝鮮総督府,朝(ちょう)鮮(せん)総(そう)督(とく)府(ふ),264,組織・団体・政党,植民地,,,1910,1945,,
朝鮮通信使,朝(ちょう)鮮(せん)通(つう)信(しん)使(し),163;179,組織・団体・政党,対外関係,,,1607,1811,,
朝鮮民主主義人民共和国,朝(ちょう)鮮(せん)民(みん)主(しゅ)主(しゅ)義(ぎ)人(じん)民(みん)共(きょう)和(わ)国(こく),334,国・地域・王朝,対外関係,,,1948,1948,,
長宗我部元親,長(ちょう)宗(そ)我(か)部(べ)元(もと)親(ちか),142,人物,戦争・軍事,日本,武家,1560,1599,,
町村制,町(ちょう)村(そん)制(せい),252;266,制度・役職,法制・制度,,,1888,1888,,
重任,重(ちょう)任(にん),71,制度・役職,政治・政策,,,,,平安,
町人,町(ちょう)人(にん),171,その他,身分・社会構造;商業・流通・都市,,,,,江戸,
町人地,町(ちょう)人(にん)地(ち),170,その他,商業・流通・都市,,,,,江戸,
徴兵告諭,徴(ちょう)兵(へい)告(こく)諭(ゆ),238,法令・政策,戦争・軍事,,,1872,1872,,要確認：ページ番号
徴兵制,徴(ちょう)兵(へい)制(せい),237,制度・役職,戦争・軍事,,,1873,1945,,要確認：ページ番号
徴兵令,徴(ちょう)兵(へい)令(れい),238,法令・政策,戦争・軍事,,,1873,1873,,
町法,町(ちょう)法(ほう),136;171,法令・政策,商業・流通・都市;法制・制度,,,,,戦国;江戸,
鳥毛立女屛風,鳥(とり)毛(げ)立(りつ)女(じょの)屛(びょう)風(ぶ),54,作品,美術・建築,,,,,奈良,
長吏,長(ちょう)吏(り),167,その他,身分・社会構造,,,,,江戸,
勅旨田,勅(ちょく)旨(し)田(でん),58,その他,土地・税制,,,,,平安,
勅撰漢詩集,勅(ちょく)撰(せん)漢(かん)詩(し)集(しゅう),58,書物・史料,文学,,,814,827,,
勅選議員,勅(ちょく)選(せん)議(ぎ)員(いん),253,制度・役職,政治・政策,,,1890,1947,,
勅撰和歌集,勅(ちょく)撰(せん)和(わ)歌(か)集(しゅう),65,書物・史料,文学,,,905,1439,,
珍,珍(ちん),27,人物,対外関係,日本,天皇・皇族,438,443,,倭の五王のひとり
チンギス＝ハン,チンギス＝ハン,99,人物,対外関係,中国,国王・皇帝（外国）,1206,1227,,モンゴル
賃金労働者,賃(ちん)金(ぎん)労(ろう)働(どう)者(しゃ),286,その他,労働運動;産業・工業,,,1890,1920,,
鎮護国家思想,鎮(ちん)護(ご)国(こっ)家(か)思(し)想(そう),46;52,文化・流派,仏教;思想・学問,,,,,奈良,
鎮守府,鎮(ちん)守(じゅ)府(ふ),56,制度・役職,北方・アイヌ;戦争・軍事,,,724,1100,,
鎮西探題,鎮(ちん)西(ぜい)探(たん)題(だい),100,制度・役職,政治・政策;対外関係,,,1293,1333,,
鎮西奉行,鎮(ちん)西(ぜい)奉(ぶ)行(ぎょう),92,制度・役職,政治・政策,,,1185,1293,,
賃租,賃(ちん)租(そ),47,制度・役職,土地・税制,,,,,奈良,
頂相,頂(ちん)相(ぞう),109,作品,美術・建築;仏教,,,,,鎌倉,
鎮台,鎮(ちん)台(だい),237,組織・団体・政党,戦争・軍事,,,1871,1888,,
陳和卿,陳(ちん)和(な)卿(けい),108,人物,美術・建築;仏教,中国,来日外国人,1180,1216,,
追捕使,追(つい)捕(ぶ)使(し),73,制度・役職,戦争・軍事,,,,,平安,
築地小劇場,築(つき)地(じ)小(しょう)劇(げき)場(じょう),299,組織・団体・政党,芸能,,,1924,1945,,
月番交代,月(つき)番(ばん)交(こう)代(たい),157,制度・役職,政治・政策,,,,,江戸,
継飛脚,継(つぎ)飛(び)脚(きゃく),183,制度・役職,商業・流通・都市,,,,,江戸,
月待,月(つき)待(まち),218,その他,生活・風俗,,,,,江戸,
筑紫観世音寺,筑(つく)紫(し)観(かん)世(ぜ)音(おん)寺(じ),52,寺社・遺跡・場所,仏教,,,746,746,,
佃,佃(つくだ),97,その他,土地・税制;農林漁業,,,,,鎌倉,
菟玖波集,菟(つ)玖(く)波(ば)集(しゅう),130,書物・史料,文学,,,1356,1357,,
津田梅子,津(つ)田(だ)梅(うめ)子(こ),244,人物,教育;女性,日本,学者・思想家,1871,1929,,
津田三蔵,津(つ)田(だ)三(さん)蔵(ぞう),257,人物,政変・事件・反乱,日本,その他,1891,1891,,
津田左右吉,津(つ)田(だ)左(そ)右(う)吉(きち),298,人物,思想・学問,日本,学者・思想家,1913,1940,,
津田宗及,津(つ)田(だ)宗(そう)及(ぎゅう),148,人物,商業・流通・都市;芸能,日本,実業家,1568,1591,,
津田真道,津(つ)田(だ)真(ま)道(みち),231,人物,思想・学問,日本,学者・思想家,1862,1890,,
土一揆,土(つち)一(いっ)揆(き),121,事件・戦争・乱,一揆・打ちこわし,,,1428,1500,,
土御門上皇,土(つち)御(み)門(かど)上(じょう)皇(こう),94,人物,政変・事件・反乱,日本,天皇・皇族,1198,1221,,
椿海,椿(つばき)海(のうみ),172,寺社・遺跡・場所,農林漁業,,,1670,1670,,
坪内逍遙,坪(つぼ)内(うち)逍(しょう)遙(よう),290,人物,文学,日本,文学者,1885,1935,,
妻問婚,妻(つま)問(どい)婚(こん),47,その他,生活・風俗;女性,,,,,奈良;平安,
冷たい戦争,冷(つめ)たい戦(せん)争(そう),333,事件・戦争・乱,対外関係,,,1947,1989,,
鶴屋南北,鶴(つる)屋(や)南(なん)北(ぼく),218,人物,芸能;文学,日本,文学者,1804,1829,,
徒然草,徒(つれ)然(づれ)草(ぐさ),107,書物・史料,文学,,,1330,1331,,
兵,兵(つわもの),73,その他,戦争・軍事,,,,,平安,
兵の家,兵(つわもの)の家(いえ),73,その他,戦争・軍事,,,,,平安,
帝紀,帝(てい)紀(き),28,書物・史料,思想・学問,,,,,古墳,
定期市,定(てい)期(き)市(いち),101,その他,商業・流通・都市,,,,,鎌倉;室町,
庭訓往来,庭(てい)訓(きん)往(おう)来(らい),131,書物・史料,教育,,,1350,1400,,
帝国議会,帝(てい)国(こく)議(ぎ)会(かい),253,組織・団体・政党,政治・政策,,,1890,1947,,
帝国国策遂行要領,帝(てい)国(こく)国(こく)策(さく)遂(すい)行(こう)要(よう)領(りょう),318,法令・政策,戦争・軍事,,,1941,1941,,
帝国国防方針,帝(てい)国(こく)国(こく)防(ぼう)方(ほう)針(しん),305,法令・政策,戦争・軍事,,,1907,1936,,
帝国国防方針の改定,帝(てい)国(こく)国(こく)防(ぼう)方(ほう)針(しん)の改(かい)定(てい),310,法令・政策,戦争・軍事,,,1936,1936,,
帝国在郷軍人会,帝(てい)国(こく)在(ざい)郷(ごう)軍(ぐん)人(じん)会(かい),266,組織・団体・政党,戦争・軍事,,,1910,1945,,
帝国大学令,帝(てい)国(こく)大(だい)学(がく)令(れい),289,法令・政策,教育,,,1886,1886,,
帝国美術院美術展覧会,帝(てい)国(こく)美(び)術(じゅつ)院(いん)美(び)術(じゅつ)展(てん)覧(らん)会(かい),293,その他,美術・建築,,,1919,1935,,帝展
帝展,帝(てい)展(てん),293,その他,美術・建築,,,1919,1935,,
貞門俳諧,貞(てい)門(もん)俳(はい)諧(かい),167,文化・流派,文学,,,1620,1660,,
手織機,手(て)織(おり)機(ばた),281,その他,産業・工業,,,,,明治,
出開帳,出(で)開(がい)帳(ちょう),218,その他,仏教;生活・風俗,,,,,江戸,
手賀沼干拓,手(て)賀(が)沼(ぬま)干(かん)拓(たく),197,法令・政策,農林漁業,,,1781,1786,,
適々斎塾（適塾）,適(てき)々(てき)斎(さい)塾(じゅく)（適(てき)塾(じゅく)）,215,組織・団体・政党,教育,,,1838,1862,,
出島,出(で)島(じま),162,寺社・遺跡・場所,対外関係,,,1636,1859,,
手島堵庵,手(て)島(じま)堵(と)庵(あん),199,人物,思想・学問,日本,学者・思想家,1750,1786,,
手塚治虫,手(て)塚(づか)治(おさ)虫(む),350,人物,美術・建築,日本,芸術家,1947,1989,,
鉄器,鉄(てっ)器(き),15,その他,考古,,,,,弥生,
鉄器時代,鉄(てっ)器(き)時(じ)代(だい),7,その他,考古,,,,,弥生,
鉄製工具,鉄(てつ)製(せい)工(こう)具(ぐ),14,その他,考古,,,,,弥生,
鉄道国有法,鉄(てつ)道(どう)国(こく)有(ゆう)法(ほう),265;283,法令・政策,産業・工業,,,1906,1906,,
鉄砲,鉄(てっ)砲(ぽう),139,その他,戦争・軍事;対外関係,,,1543,1600,,
手紡,手(て)紡(ぼう),281,その他,産業・工業,,,,,明治,
寺請制度,寺(てら)請(うけ)制(せい)度(ど),159,制度・役職,仏教;キリスト教,,,1640,1871,,
寺内正毅,寺(てら)内(うち)正(まさ)毅(たけ),264;269;271,人物,政治・政策;植民地,日本,政治家;軍人,1910,1918,,
寺子屋,寺(てら)子(こ)屋(や),201,組織・団体・政党,教育,,,,,江戸,
寺島宗則,寺(てら)島(しま)宗(むね)則(のり),244,人物,対外関係,日本,政治家,1873,1879,,
テレビ放送,テレビ放(ほう)送(そう),350,その他,生活・風俗;芸能,,,1953,1953,,
出羽国,出(で)羽(わの)国(くに),45,国・地域・王朝,北方・アイヌ,,,712,712,,
田楽,田(でん)楽(がく),83;127,文化・流派,芸能,,,,,平安;室町,
天下布武,天(てん)下(か)布(ふ)武(ぶ),141,その他,政治・政策,,,1567,1582,,
天慶の乱,天(てん)慶(ぎょう)の乱(らん),73,事件・戦争・乱,政変・事件・反乱,,,939,941,,
田健治郎,田(でん)健(けん)治(じ)郎(ろう),273,人物,植民地,日本,政治家,1919,1923,,
転向,転(てん)向(こう),308,その他,社会運動;思想・学問,,,1933,1940,,
転向文学,転(てん)向(こう)文(ぶん)学(がく),315,文化・流派,文学,,,1933,1940,,
天智天皇,天(てん)智(じ)天(てん)皇(のう),38,人物,政治・政策,日本,天皇・皇族,661,671,,
天正大判,天(てん)正(しょう)大(おお)判(ばん),145,その他,貨幣・金融,,,1588,1588,,
天正遣欧使節,天(てん)正(しょう)遣(けん)欧(おう)使(し)節(せつ),149,組織・団体・政党,キリスト教;対外関係,,,1582,1590,,
天津条約,天(てん)津(しん)条(じょう)約(やく),258,条約・協定・会議,対外関係;条約・会議,,,1885,1885,,
電信線,電(でん)信(しん)線(せん),240,その他,産業・工業,,,1869,1880,,
天台宗,天(てん)台(だい)宗(しゅう),59,文化・流派,仏教,,,806,806,,
天誅組の変,天(てん)誅(ちゅう)組(ぐみ)の変(へん),225,事件・戦争・乱,政変・事件・反乱,,,1863,1863,,
天長節,天(てん)長(ちょう)節(せつ),243,その他,生活・風俗,,,1873,1948,,
電灯,電(でん)灯(とう),296,その他,生活・風俗;産業・工業,,,1887,1930,,
天皇,天(てん)皇(のう),38,制度・役職,政治・政策,,,,,飛鳥,
天皇機関説,天(てん)皇(のう)機(き)関(かん)説(せつ),267;309,文化・流派,思想・学問;法制・制度,,,1912,1935,,
天皇機関説事件,天(てん)皇(のう)機(き)関(かん)説(せつ)事(じ)件(けん),309,事件・戦争・乱,思想・学問;政変・事件・反乱,,,1935,1935,,
天王寺屋,天(てん)王(のう)寺(じ)屋(や),184,組織・団体・政党,貨幣・金融;商業・流通・都市,,,,,江戸,
天皇大権,天(てん)皇(のう)大(たい)権(けん),253,制度・役職,法制・制度,,,1889,1947,,
田畑永代売買の禁止令,田(でん)畑(ぱた)永(えい)代(たい)売(ばい)買(ばい)の禁(きん)止(し)令(れい),169;239,法令・政策,土地・税制,,,1643,1872,,
田畑勝手作りの禁,田(でん)畑(ぱた)勝(かっ)手(て)作(づく)りの禁(きん),170,法令・政策,農林漁業,,,1643,1871,,
天平文化,天(てん)平(ぴょう)文(ぶん)化(か),50,文化・流派,仏教;美術・建築;文学,,,710,794,,
天賦人権の思想,天(てん)賦(ぷ)人(じん)権(けん)の思(し)想(そう),242,文化・流派,思想・学問,,,1870,1890,,
天賦人権弁,天(てん)賦(ぷ)人(じん)権(けん)弁(べん),249,書物・史料,思想・学問,,,1883,1883,,
天賦人権論,天(てん)賦(ぷ)人(じん)権(けん)論(ろん),249,書物・史料,思想・学問,,,1883,1883,,
天文法華の乱,天(てん)文(ぶん)法(ほっ)華(け)の乱(らん),132,事件・戦争・乱,仏教;戦争・軍事,,,1536,1536,,
転封,転(てん)封(ぽう),143,法令・政策,政治・政策,,,1585,1700,,
天保の改革,天(てん)保(ぽう)の改(かい)革(かく),209,法令・政策,政治・政策,,,1841,1843,,
天保の飢饉,天(てん)保(ぽう)の飢(き)饉(きん),208;211,事件・戦争・乱,公害・環境・災害,,,1833,1839,,
天保の薪水給与令,天(てん)保(ぽう)の薪(しん)水(すい)給(きゅう)与(よ)令(れい),221,法令・政策,対外関係,,,1842,1842,,
天満青物市場,天(てん)満(ま)青(あお)物(もの)市(いち)場(ば),187,寺社・遺跡・場所,商業・流通・都市,,,,,江戸,
伝馬役,伝(てん)馬(ま)役(やく),169;182,制度・役職,商業・流通・都市;土地・税制,,,,,江戸,
天武天皇,天(てん)武(む)天(てん)皇(のう),38,人物,政治・政策,日本,天皇・皇族,673,686,,
天明の打ちこわし,天(てん)明(めい)の打(う)ちこわし,204,事件・戦争・乱,一揆・打ちこわし,,,1787,1787,,
天明の飢饉,天(てん)明(めい)の飢(き)饉(きん),196,事件・戦争・乱,公害・環境・災害,,,1782,1787,,
天文方,天(てん)文(もん)方(かた),190;215,制度・役職,思想・学問,,,1684,1868,,
天理教,天(てん)理(り)教(きょう),230,文化・流派,神道,,,1838,1838,,
天龍寺,天(てん)龍(りゅう)寺(じ),116,寺社・遺跡・場所,仏教,,,1345,1345,,
天龍寺船,天(てん)龍(りゅう)寺(じ)船(ぶね),116,その他,対外関係,,,1342,1342,,
電力管理法,電(でん)力(りょく)管(かん)理(り)法(ほう),313,法令・政策,産業・工業;戦争・軍事,,,1938,1938,,
電力事業,電(でん)力(りょく)事(じ)業(ぎょう),284,その他,産業・工業,,,1890,1930,,
刀伊,刀(と)伊(い),74,その他,対外関係,,,1019,1019,,
問,問(とい),102,その他,商業・流通・都市,,,,,鎌倉,
問屋［中世］,問(とい)屋(や)［中(ちゅう)世(せい)］,125,その他,商業・流通・都市,,,,,室町,
問屋［近世］,問(とん)屋(や)［近(きん)世(せい)］,175,その他,商業・流通・都市,,,,,江戸,
問屋制家内工業,問(とん)屋(や)制(せい)家(か)内(ない)工(こう)業(ぎょう),186,その他,産業・工業,,,1700,1850,,
問屋場,問(とい)屋(や)場(ば),182,寺社・遺跡・場所,商業・流通・都市,,,,,江戸,
唐,唐(とう),34;64,国・地域・王朝,対外関係,,,618,907,,
東亜新秩序,東(とう)亜(あ)新(しん)秩(ちつ)序(じょ),312,その他,対外関係;戦争・軍事,,,1938,1938,,
東欧革命,東(とう)欧(おう)革(かく)命(めい),359,事件・戦争・乱,対外関係,,,1989,1989,,
銅戈,銅(どう)戈(か),16,その他,考古,,,,,弥生,
東海散士,東(とう)海(かい)散(さん)士(し),290,人物,文学,日本,文学者,1885,1897,,
東海道,東(とう)海(かい)道(どう),182,寺社・遺跡・場所,商業・流通・都市,,,,,江戸,
東海道新幹線,東(とう)海(かい)道(どう)新(しん)幹(かん)線(せん),350,その他,産業・工業;生活・風俗,,,1964,1964,,
東海道線,東(とう)海(かい)道(どう)線(せん),283,その他,産業・工業,,,1889,1889,,
東学の乱,東(とう)学(がく)の乱(らん),258,事件・戦争・乱,対外関係;農民運動,,,1894,1894,,
統監府,統(とう)監(かん)府(ふ),263,組織・団体・政党,植民地,,,1905,1910,,
道鏡,道(どう)鏡(きょう),46,人物,政治・政策;仏教,日本,僧侶・宗教家,764,770,,
東京オリンピック,東(とう)京(きょう)オリンピック,351,事件・戦争・乱,生活・風俗,,,1964,1964,,
東京音楽学校,東(とう)京(きょう)音(おん)楽(がく)学(がっ)校(こう),292,組織・団体・政党,芸能;教育,,,1887,1887,,
東京裁判,東(とう)京(きょう)裁(さい)判(ばん),327,事件・戦争・乱,戦争・軍事;法制・制度,,,1946,1948,,
東京専門学校,東(とう)京(きょう)専(せん)門(もん)学(がっ)校(こう),290,組織・団体・政党,教育,,,1882,1882,,
東京大学,東(とう)京(きょう)大(だい)学(がく),242,組織・団体・政党,教育,,,1877,1877,,
東京美術学校,東(とう)京(きょう)美(び)術(じゅつ)学(がっ)校(こう),293,組織・団体・政党,美術・建築;教育,,,1887,1887,,
東京砲兵工廠,東(とう)京(きょう)砲(ほう)兵(へい)工(こう)廠(しょう),240,組織・団体・政党,産業・工業;戦争・軍事,,,1871,1871,,
東求堂同仁斎,東(とう)求(ぐ)堂(どう)同(どう)仁(じん)斎(さい),128,作品,美術・建築,,,1486,1486,,
銅剣,銅(どう)剣(けん),16,その他,考古,,,,,弥生,
道元,道(どう)元(げん),106,人物,仏教,日本,僧侶・宗教家,1227,1253,,
東郷荘,東(とう)郷(ごうの)荘(しょう),98,寺社・遺跡・場所,土地・税制,,,1258,1258,,
東寺,東(とう)寺(じ),59,寺社・遺跡・場所,仏教,,,796,796,,
同志社,同(どう)志(し)社(しゃ),243,組織・団体・政党,教育;キリスト教,,,1875,1875,,
堂島米市場,堂(どう)島(じま)米(こめ)市(いち)場(ば),187,寺社・遺跡・場所,商業・流通・都市,,,1730,1867,,
東洲斎写楽,東(とう)洲(しゅう)斎(さい)写(しゃ)楽(らく),202,人物,美術・建築,日本,芸術家,1794,1795,,
唐招提寺金堂,唐(とう)招(しょう)提(だい)寺(じ)金(こん)堂(どう),53,寺社・遺跡・場所,美術・建築;仏教,,,759,800,,
東条英機,東(とう)条(じょう)英(ひで)機(き),318,人物,政治・政策;戦争・軍事,日本,政治家;軍人,1941,1944,,
藤四郎吉光,藤(とう)四(し)郎(ろう)吉(よし)光(みつ),109,人物,美術・建築,日本,芸術家,1250,1290,,
東清鉄道,東(とう)清(しん)鉄(てつ)道(どう),265,その他,対外関係;産業・工業,,,1896,1935,,
唐人屋敷,唐(とう)人(じん)屋(や)敷(しき),163,寺社・遺跡・場所,対外関係,,,1689,1859,,
刀子,刀(とう)子(す),14,その他,考古,,,,,弥生,
統帥権の干犯,統(とう)帥(すい)権(けん)の干(かん)犯(ぱん),305,事件・戦争・乱,戦争・軍事;政治・政策,,,1930,1930,,
統帥権の独立,統(とう)帥(すい)権(けん)の独(どく)立(りつ),253,制度・役職,戦争・軍事;法制・制度,,,1878,1945,,
統制派,統(とう)制(せい)派(は),309,組織・団体・政党,戦争・軍事,,,1930,1945,,
東禅寺事件,東(とう)禅(ぜん)寺(じ)事(じ)件(けん),224,事件・戦争・乱,対外関係,,,1861,1862,,
東大寺南大門,東(とう)大(だい)寺(じ)南(なん)大(だい)門(もん),108,寺社・遺跡・場所,美術・建築;仏教,,,1199,1199,,
東大寺法華堂,東(とう)大(だい)寺(じ)法(ほっ)華(け)堂(どう),53,寺社・遺跡・場所,美術・建築;仏教,,,740,750,,
銅鐸,銅(どう)鐸(たく),16,その他,考古,,,,,弥生,
闘茶,闘(とう)茶(ちゃ),126,その他,芸能;生活・風俗,,,1330,1400,,
道中奉行,道(どう)中(ちゅう)奉(ぶ)行(ぎょう),182,制度・役職,商業・流通・都市,,,1659,1867,,
東常縁,東(とうの)常(つね)縁(より),129,人物,文学,日本,武家,1450,1484,,
東南アジア諸国連合,東(とう)南(なん)アジア諸(しょ)国(こく)連(れん)合(ごう),358,組織・団体・政党,対外関係,,,1967,1967,,ASEAN
道南十二館,道(どう)南(なん)十(じゅう)二(に)館(たて),118,寺社・遺跡・場所,北方・アイヌ,,,1400,1457,,
討幕の密勅,討(とう)幕(ばく)の密(みっ)勅(ちょく),227,法令・政策,政治・政策,,,1867,1867,,
銅版画,銅(どう)版(ばん)画(が),203,文化・流派,美術・建築,,,1783,1820,,
東福門院,東(とう)福(ふく)門(もん)院(いん),158,人物,政治・政策;女性,日本,天皇・皇族,1620,1678,,徳川和子
逃亡,逃(とう)亡(ぼう),47,その他,土地・税制;身分・社会構造,,,,,奈良,
東方会議,東(とう)方(ほう)会(かい)議(ぎ),302,条約・協定・会議,対外関係,,,1927,1927,,
同朋衆,同(どう)朋(ぼう)衆(しゅう),128,その他,美術・建築;芸能,,,1350,1500,,
銅矛,銅(どう)矛(ほこ),16,その他,考古,,,,,弥生,
唐箕,唐(とう)箕(み),179,その他,農林漁業,,,,,江戸,
東密,東(とう)密(みつ),60,文化・流派,仏教,,,,,平安,
東洋拓殖会社,東(とう)洋(よう)拓(たく)殖(しょく)会(がい)社(しゃ),264,組織・団体・政党,植民地,,,1908,1945,,
棟梁,棟(とう)梁(りょう),74;80,その他,戦争・軍事,,,,,平安,
同和対策事業特別措置法,同(どう)和(わ)対(たい)策(さく)事(じ)業(ぎょう)特(とく)別(べつ)措(そ)置(ち)法(ほう),352,法令・政策,身分・社会構造;社会運動,,,1969,1969,,
富樫政親,富(と)樫(がし)政(まさ)親(ちか),123,人物,一揆・打ちこわし;戦争・軍事,日本,武家,1474,1488,,
土器,土(ど)器(き),9,その他,考古,,,,,縄文,
土岐康行の乱,土(と)岐(き)康(やす)行(ゆき)の乱(らん),115,事件・戦争・乱,政変・事件・反乱,,,1390,1390,,
常磐津節,常(とき)磐(わ)津(ず)節(ぶし),202,文化・流派,芸能,,,1747,1850,,
土偶,土(ど)偶(ぐう),12,その他,考古,,,,,縄文,
徳川家定,徳(とく)川(がわ)家(いえ)定(さだ),224,人物,政治・政策,日本,武家,1853,1858,,
徳川家重,徳(とく)川(がわ)家(いえ)重(しげ),196,人物,政治・政策,日本,武家,1745,1760,,
徳川家継,徳(とく)川(がわ)家(いえ)継(つぐ),179,人物,政治・政策,日本,武家,1713,1716,,
徳川家綱,徳(とく)川(がわ)家(いえ)綱(つな),176,人物,政治・政策,日本,武家,1651,1680,,
徳川家斉,徳(とく)川(がわ)家(いえ)斉(なり),204,人物,政治・政策,日本,武家,1787,1841,,
徳川家宣,徳(とく)川(がわ)家(いえ)宣(のぶ),178,人物,政治・政策,日本,武家,1709,1712,,
徳川家治,徳(とく)川(がわ)家(いえ)治(はる),196,人物,政治・政策,日本,武家,1760,1786,,
徳川家光,徳(とく)川(がわ)家(いえ)光(みつ),155,人物,政治・政策,日本,武家,1623,1651,,
徳川家茂,徳(とく)川(がわ)家(いえ)茂(もち),224,人物,政治・政策,日本,武家,1858,1866,,
徳川家康,徳(とく)川(がわ)家(いえ)康(やす),140;154,人物,政治・政策;戦争・軍事,日本,武家,1560,1616,,
徳川家慶,徳(とく)川(がわ)家(いえ)慶(よし),208,人物,政治・政策,日本,武家,1837,1853,,
徳川綱吉,徳(とく)川(がわ)綱(つな)吉(よし),150;177,人物,政治・政策,日本,武家,1680,1709,,
徳川斉昭,徳(とく)川(がわ)斉(なり)昭(あき),213;222;225,人物,政治・政策,日本,武家,1829,1860,,
徳川秀忠,徳(とく)川(がわ)秀(ひで)忠(ただ),155,人物,政治・政策,日本,武家,1605,1632,,
徳川和子,徳(とく)川(がわ)和(まさ)子(こ),158,人物,政治・政策;女性,日本,天皇・皇族,1620,1678,,東福門院
徳川光圀,徳(とく)川(がわ)光(みつ)圀(くに),177,人物,思想・学問;政治・政策,日本,武家,1661,1700,,
徳川慶福,徳(とく)川(がわ)慶(よし)福(とみ),224,人物,政治・政策,日本,武家,1857,1858,,徳川家茂
徳川慶喜,徳(とく)川(がわ)慶(よし)喜(のぶ),224;227;228,人物,政治・政策,日本,武家,1857,1868,,
徳川吉宗,徳(とく)川(がわ)吉(よし)宗(むね),192,人物,政治・政策,日本,武家,1716,1751,,
特需景気,特(とく)需(じゅ)景(けい)気(き),344,その他,産業・工業,,,1950,1953,,
読史余論,読(とく)史(し)余(よ)論(ろん),189,書物・史料,思想・学問,,,1712,1712,,
徳政相論,徳(とく)政(せい)相(そう)論(ろん),56,事件・戦争・乱,政治・政策,,,805,805,,
独占禁止法,独(どく)占(せん)禁(きん)止(し)法(ほう),328,法令・政策,産業・工業,,,1947,1947,,
得宗,得(とく)宗(そう),100,制度・役職,政治・政策,,,1200,1333,,
得宗専制政治,得(とく)宗(そう)専(せん)制(せい)政(せい)治(じ),100,その他,政治・政策,,,1285,1333,,
独ソ戦争,独(どく)ソ戦(せん)争(そう),318,事件・戦争・乱,対外関係;戦争・軍事,,,1941,1945,,
独ソ不可侵条約,独(どく)ソ不(ふ)可(か)侵(しん)条(じょう)約(やく),316,条約・協定・会議,対外関係;条約・会議,,,1939,1939,,
徳田秋声,徳(とく)田(だ)秋(しゅう)声(せい),291,人物,文学,日本,文学者,1900,1943,,
徳富蘇峰,徳(とく)富(とみ)蘇(そ)峰(ほう),251;260,人物,思想・学問,日本,学者・思想家,1887,1945,,
徳冨蘆花,徳(とく)冨(とみ)蘆(ろ)花(か),291,人物,文学,日本,文学者,1898,1927,,
徳永直,徳(とく)永(なが)直(すなお),299,人物,文学,日本,文学者,1929,1958,,
特別高等課（特高）,特(とく)別(べつ)高(こう)等(とう)課(か)（特(とっ)高(こう)）,266;302;326,組織・団体・政党,社会運動;法制・制度,,,1911,1945,,
十組問屋,十(と)組(くみ)問(どん)屋(や),186,組織・団体・政党,商業・流通・都市,,,1694,1867,,
独立党,独(どく)立(りつ)党(とう),257,組織・団体・政党,対外関係,,,1880,1884,,
土坑墓,土(ど)坑(こう)墓(ぼ),15,その他,考古,,,,,弥生,
常滑焼,常(とこ)滑(なめ)焼(やき),109,文化・流派,美術・建築;産業・工業,,,,,鎌倉,
土佐日記,土(と)佐(さ)日(にっ)記(き),65,書物・史料,文学,,,935,935,,
土佐派,土(と)佐(さ)派(は),128,文化・流派,美術・建築,,,1400,1700,,
土佐光起,土(と)佐(さ)光(みつ)起(おき),190,人物,美術・建築,日本,芸術家,1654,1691,,
十三湊,十(と)三(さ)湊(みなと),118,寺社・遺跡・場所,北方・アイヌ;商業・流通・都市,,,1200,1450,,
祈年の祭り,祈(とし)年(ごい)の祭(まつ)り,30,その他,神道;農林漁業,,,,,古墳,
土錘,土(ど)錘(すい),10,その他,考古;農林漁業,,,,,縄文,
土倉,土(ど)倉(そう),124,その他,貨幣・金融;商業・流通・都市,,,,,鎌倉;室町,
土倉役,土(ど)倉(そう)役(やく),115,制度・役職,土地・税制,,,,,室町,
戸田茂睡,戸(と)田(だ)茂(も)睡(すい),190,人物,文学;思想・学問,日本,学者・思想家,1680,1706,,
土地調査事業,土(と)地(ち)調(ちょう)査(さ)事(じ)業(ぎょう),264,法令・政策,植民地;土地・税制,,,1910,1918,,
ドッジ＝ライン,ドッジ＝ライン,334;344,法令・政策,貨幣・金融,,,1949,1949,,
隣組,隣(となり)組(ぐみ),317,組織・団体・政党,戦争・軍事;生活・風俗,,,1940,1947,,
舎人親王,舎(とね)人(り)親(しん)王(のう),51,人物,思想・学問,日本,天皇・皇族,720,735,,
鳥羽上皇,鳥(と)羽(ば)上(じょう)皇(こう),78,人物,政治・政策,日本,天皇・皇族,1129,1156,,
鳥羽・伏見の戦い,鳥(と)羽(ば)・伏(ふし)見(み)の戦(たたか)い,228,事件・戦争・乱,戦争・軍事,,,1868,1868,,
飛び杼,飛(と)び杼(ひ),281,その他,産業・工業,,,1733,1900,,
富岡製糸場,富(とみ)岡(おか)製(せい)糸(し)場(じょう),241,寺社・遺跡・場所,産業・工業,,,1872,1872,,
富くじ,富(とみ)くじ,218,その他,生活・風俗,,,,,江戸,
戸水寛人,戸(と)水(みず)寛人(ひろんど),262,人物,対外関係,日本,学者・思想家,1903,1905,,
富突,富(とみ)突(つき),218,その他,生活・風俗,,,,,江戸,
富永仲基,富(とみ)永(なが)仲(なか)基(もと),200,人物,思想・学問,日本,学者・思想家,1738,1746,,
朝永振一郎,朝(とも)永(なが)振(しん)一(いち)郎(ろう),351,人物,思想・学問,日本,学者・思想家,1965,1965,,
伴造,伴造(とものみやつこ),31,制度・役職,政治・政策,,,,,古墳,
伴善男,伴(ともの)善(よし)男(お),62,人物,政変・事件・反乱,日本,公家・貴族,866,866,,
豊田佐吉,豊(とよ)田(だ)佐(さ)吉(きち),282,人物,産業・工業,日本,実業家,1897,1926,,
豊臣秀次,豊(とよ)臣(とみ)秀(ひで)次(つぐ),145,人物,政治・政策,日本,武家,1591,1595,,
豊臣秀吉,豊(とよ)臣(とみ)秀(ひで)吉(よし),138;140;142,人物,政治・政策;戦争・軍事,日本,武家,1582,1598,,
豊臣秀頼,豊(とよ)臣(とみ)秀(ひで)頼(より),155,人物,政治・政策,日本,武家,1598,1615,,
渡来人,渡(と)来(らい)人(じん),27,その他,対外関係,,,,,古墳,
虎の門事件,虎(とら)の門(もん)事(じ)件(けん),277,事件・戦争・乱,政変・事件・反乱,,,1923,1923,,
ドル危機,ドル危(き)機(き),353,事件・戦争・乱,貨幣・金融,,,1971,1971,,
トルーマン,トルーマン,333,人物,対外関係,アメリカ,政治家,1945,1953,,
曇徴,曇(どん)徴(ちょう),35,人物,仏教;思想・学問,朝鮮,僧侶・宗教家;渡来人,610,610,,
屯田兵制度,屯(とん)田(でん)兵(へい)制(せい)度(ど),241,制度・役職,北方・アイヌ;戦争・軍事,,,1874,1904,,
ドン＝ロドリゴ,ドン＝ロドリゴ,160,人物,対外関係,ポルトガル・スペイン,来日外国人,1609,1610,,
内閣制度,内(ない)閣(かく)制(せい)度(ど),252,制度・役職,政治・政策,,,1885,1885,,
内国勧業博覧会,内(ない)国(こく)勧(かん)業(ぎょう)博(はく)覧(らん)会(かい),241,事件・戦争・乱,産業・工業,,,1877,1903,,
乃而浦,乃(ねい)而(じ)浦(ぽ),117,寺社・遺跡・場所,対外関係,,,1426,1510,,
内大臣,内(ない)大(だい)臣(じん),252,制度・役職,政治・政策,,,1885,1945,,
内地雑居,内(ない)地(ち)雑(ざっ)居(きょ),256,その他,対外関係,,,1899,1899,,
ナイフ形石器,ナイフ形(がた)石(せっ)器(き),8,その他,考古,,,,,旧石器,
内務省,内(ない)務(む)省(しょう),238,組織・団体・政党,政治・政策,,,1873,1947,,
ナウマンゾウ,ナウマンゾウ,7,その他,考古,,,,,旧石器,
永井荷風,永(なが)井(い)荷(か)風(ふう),298,人物,文学,日本,文学者,1903,1959,,
中井竹山,中(なか)井(い)竹(ちく)山(ざん),200,人物,思想・学問,日本,学者・思想家,1782,1804,,
中内㓛,中(なか)内(うち)㓛(いさお),349,人物,商業・流通・都市,日本,実業家,1957,2000,,
中浦ジュリアン,中(なか)浦(うら)ジュリアン,148,人物,キリスト教;対外関係,日本,その他,1582,1633,,
中江兆民,中(なか)江(え)兆(ちょう)民(みん),242,人物,思想・学問;社会運動,日本,学者・思想家,1874,1901,,
中江藤樹,中(なか)江(え)藤(とう)樹(じゅ),189,人物,思想・学問,日本,学者・思想家,1634,1648,,
長岡京,長(なが)岡(おか)京(きょう),55,寺社・遺跡・場所,政治・政策,,,784,794,,
中岡慎太郎,中(なか)岡(おか)慎(しん)太(た)郎(ろう),227,人物,政治・政策,日本,武家,1863,1867,,
長岡半太郎,長(なが)岡(おか)半(はん)太(た)郎(ろう),290,人物,思想・学問,日本,学者・思想家,1893,1950,,
仲買,仲(なか)買(がい),175,その他,商業・流通・都市,,,,,江戸,
長崎,長(なが)崎(さき),162;324,寺社・遺跡・場所,対外関係;商業・流通・都市,,,1570,1945,,
長崎新令,長(なが)崎(さき)新(しん)令(れい),179,法令・政策,対外関係;貨幣・金融,,,1715,1715,,海舶互市新例
長崎造船所,長(なが)崎(さき)造(ぞう)船(せん)所(じょ),240,組織・団体・政党,産業・工業,,,1861,1887,,
長崎高資,長(なが)崎(さき)高(たか)資(すけ),110,人物,政治・政策,日本,武家,1316,1333,,
中里介山,中(なか)里(ざと)介(かい)山(ざん),298,人物,文学,日本,文学者,1913,1944,,
中沢道二,中(なか)沢(ざわ)道(どう)二(に),199,人物,思想・学問,日本,学者・思想家,1779,1803,,
長篠の戦い,長(なが)篠(しの)の戦(たたか)い,141,事件・戦争・乱,戦争・軍事,,,1575,1575,,
中先代の乱,中(なか)先(せん)代(だい)の乱(らん),112,事件・戦争・乱,政変・事件・反乱,,,1335,1335,,
中山道,中(なか)山(せん)道(どう),182,寺社・遺跡・場所,商業・流通・都市,,,,,江戸,
中曽根康弘,中(なか)曽(そ)根(ね)康(やす)弘(ひろ),359,人物,政治・政策,日本,政治家,1982,1987,,
長塚節,長(なが)塚(つか)節(たかし),291,人物,文学,日本,文学者,1900,1915,,
中臣鎌足,中(なか)臣(とみの)鎌(かま)足(たり),37,人物,政治・政策,日本,公家・貴族,645,669,,
中大兄皇子,中(なかの)大(おお)兄(えの)皇(おう)子(じ),37,人物,政治・政策,日本,天皇・皇族,645,671,,天智天皇
中野重治,中(なか)野(の)重(しげ)治(はる),315,人物,文学,日本,文学者,1927,1979,,
仲間,仲(なか)間(ま),176,組織・団体・政党,商業・流通・都市,,,,,江戸,
仲間掟,仲(なか)間(ま)掟(おきて),176,法令・政策,商業・流通・都市,,,,,江戸,
長光,長(なが)光(みつ),109,人物,美術・建築,日本,芸術家,1260,1300,,
中村正直,中(なか)村(むら)正(まさ)直(なお),242,人物,思想・学問,日本,学者・思想家,1870,1891,,
長屋王,長(なが)屋(や)王(おう),43;45,人物,政治・政策,日本,天皇・皇族,721,729,,
中山忠光,中(なか)山(やま)忠(ただ)光(みつ),225,人物,政変・事件・反乱,日本,公家・貴族,1863,1864,,
中山みき,中(なか)山(やま)みき,214,人物,神道,日本,僧侶・宗教家,1838,1887,,
名子,名(な)子(ご),169,その他,身分・社会構造,,,,,江戸,
名代,名(な)代(しろ),32,制度・役職,身分・社会構造,,,,,古墳,
ナチズム,ナチズム,311,文化・流派,思想・学問;対外関係,,,1933,1945,,
夏目漱石,夏(なつ)目(め)漱(そう)石(せき),291;298,人物,文学,日本,文学者,1905,1916,,
731部隊,731部(ぶ)隊(たい),321,組織・団体・政党,戦争・軍事,,,1936,1945,,
難波,難(なに)波(わ),39,寺社・遺跡・場所,政治・政策,,,,,古墳;飛鳥;奈良,
難波長柄豊碕宮,難(なに)波(わの)長(なが)柄(らの)豊(とよ)碕(さきの)宮(みや),37,寺社・遺跡・場所,政治・政策,,,652,655,,
名主,名(な)主(ぬし),168;171,制度・役職,身分・社会構造,,,,,江戸,
鍋島直正,鍋(なべ)島(しま)直(なお)正(まさ),213,人物,政治・政策;産業・工業,日本,武家,1830,1871,,
鍋山貞親,鍋(なべ)山(やま)貞(さだ)親(ちか),309,人物,社会運動,日本,社会運動家,1920,1933,,
生麦事件,生(なま)麦(むぎ)事(じ)件(けん),224,事件・戦争・乱,対外関係,,,1862,1862,,
鉛製活字,鉛(なまり)製(せい)活(かつ)字(じ),243,その他,産業・工業;文学,,,1869,1880,,
納屋物,納(な)屋(や)物(もの),185,その他,商業・流通・都市,,,,,江戸,
成金,成(なり)金(きん),295,その他,産業・工業;生活・風俗,,,1915,1920,,
鳴滝塾,鳴(なる)滝(たき)塾(じゅく),215,組織・団体・政党,教育;思想・学問,,,1824,1829,,
南学,南(なん)学(がく),188,文化・流派,思想・学問,,,,,戦国;江戸,
南京事件,南(なん)京(きん)事(じ)件(けん),312,事件・戦争・乱,戦争・軍事,,,1937,1938,,
南京条約,南(なん)京(きん)条(じょう)約(やく),221,条約・協定・会議,対外関係,,,1842,1842,,
南禅寺,南(なん)禅(ぜん)寺(じ),126,寺社・遺跡・場所,仏教,,,1291,1291,,
南総里見八犬伝,南(なん)総(そう)里(さと)見(み)八(はっ)犬(けん)伝(でん),216,書物・史料,文学,,,1814,1842,,
南朝,南(なん)朝(ちょう),112,その他,政治・政策,,,1336,1392,,
南都,南(なん)都(と),80,寺社・遺跡・場所,仏教,,,,,平安,
南都六宗,南(なん)都(と)六(ろく)宗(しゅう),52,文化・流派,仏教,,,,,奈良,
難波大助,難(なん)波(ば)大(だい)助(すけ),277,人物,政変・事件・反乱,日本,その他,1923,1923,,
南原繁,南(なん)原(ばら)繁(しげる),336,人物,思想・学問,日本,学者・思想家,1945,1951,,
南蛮人,南(なん)蛮(ばん)人(じん),140,その他,対外関係,,,1543,1639,,
南蛮屛風,南(なん)蛮(ばん)屛(びょう)風(ぶ),147,作品,美術・建築;対外関係,,,1590,1640,,
南蛮文化,南(なん)蛮(ばん)文(ぶん)化(か),149,文化・流派,対外関係;キリスト教,,,1549,1639,,
南蛮貿易,南(なん)蛮(ばん)貿(ぼう)易(えき),140,その他,対外関係;商業・流通・都市,,,1543,1639,,
南部仏印進駐,南(なん)部(ぶ)仏(ふつ)印(いん)進(しん)駐(ちゅう),318,事件・戦争・乱,対外関係;戦争・軍事,,,1941,1941,,
南北朝の合体,南(なん)北(ぼく)朝(ちょう)の合(がっ)体(たい),114,事件・戦争・乱,政治・政策,,,1392,1392,,
南北朝の動乱,南(なん)北(ぼく)朝(ちょう)の動(どう)乱(らん),112,事件・戦争・乱,戦争・軍事,,,1336,1392,,
南鐐二朱銀,南(なん)鐐(りょう)二(に)朱(しゅ)銀(ぎん),197,その他,貨幣・金融,,,1772,1772,,
新潟水俣病,新(にい)潟(がた)水(みな)俣(また)病(びょう),352,事件・戦争・乱,公害・環境・災害,,,1965,1971,,
新島襄,新(にい)島(じま)襄(じょう),243,人物,教育;キリスト教,日本,学者・思想家,1875,1890,,
新嘗の祭り,新(にい)嘗(なめ)の祭(まつ)り,30,その他,神道;農林漁業,,,,,古墳,
二科会,二(に)科(か)会(かい),299,組織・団体・政党,美術・建築,,,1914,1914,,
二官,二(に)官(かん),39,制度・役職,政治・政策,,,701,701,,
ニクソン＝ショック,ニクソン＝ショック,353,事件・戦争・乱,貨幣・金融;対外関係,,,1971,1971,,
西周,西(にし)周(あまね),243,人物,思想・学問,日本,学者・思想家,1862,1897,,
西川如見,西(にし)川(かわ)如(じょ)見(けん),198,人物,思想・学問,日本,学者・思想家,1695,1724,,
錦絵,錦(にしき)絵(え),202;243,文化・流派,美術・建築,,,1765,1900,,
錦織部,錦織(にしごり)部(べ),27,制度・役職,産業・工業,,,,,古墳,
西陣（織）,西(にし)陣(じん)（織(おり)）,181;185,その他,産業・工業,,,,,室町;江戸,
西田幾多郎,西(にし)田(だ)幾(き)多(た)郎(ろう),298,人物,思想・学問,日本,学者・思想家,1911,1945,,
西原借款,西(にし)原(はら)借(しゃっ)款(かん),270,法令・政策,対外関係;貨幣・金融,,,1917,1918,,
西廻り海運,西(にし)廻(まわ)り海(かい)運(うん),184,その他,商業・流通・都市,,,1672,1867,,
西村茂樹,西(にし)村(むら)茂(しげ)樹(き),243,人物,思想・学問,日本,学者・思想家,1873,1902,,
西山宗因,西(にし)山(やま)宗(そう)因(いん),188,人物,文学,日本,文学者,1650,1682,,
二十一カ条の要求,二(に)十(じゅう)一(いっ)カ条(じょう)の要(よう)求(きゅう),269,事件・戦争・乱,対外関係,,,1915,1915,,
二十四組問屋,二(に)十(じゅう)四(し)組(くみ)問(どん)屋(や),186,組織・団体・政党,商業・流通・都市,,,1694,1867,,
26聖人殉教,26聖(せい)人(じん)殉(じゅん)教(きょう),145,事件・戦争・乱,キリスト教,,,1596,1597,,
二条良基,二(に)条(じょう)良(よし)基(もと),130,人物,文学,日本,公家・貴族,1350,1388,,
似絵,似(に)絵(せ),109,文化・流派,美術・建築,,,1180,1300,,
日英通商航海条約,日(にち)英(えい)通(つう)商(しょう)航(こう)海(かい)条(じょう)約(やく),257,条約・協定・会議,対外関係;条約・会議,,,1894,1894,,
日英同盟,日(にち)英(えい)同(どう)盟(めい),262;274,条約・協定・会議,対外関係;条約・会議,,,1902,1923,,
日独伊三国同盟,日(にち)独(どく)伊(い)三(さん)国(ごく)同(どう)盟(めい),317,条約・協定・会議,対外関係;条約・会議,,,1940,1940,,
日独伊三国防共協定,日(にち)独(どく)伊(い)三(さん)国(ごく)防(ぼう)共(きょう)協(きょう)定(てい),311,条約・協定・会議,対外関係;条約・会議,,,1937,1937,,
日独防共協定,日(にち)独(どく)防(ぼう)共(きょう)協(きょう)定(てい),311,条約・協定・会議,対外関係;条約・会議,,,1936,1936,,
日米安全保障条約,日(にち)米(べい)安(あん)全(ぜん)保(ほ)障(しょう)条(じょう)約(やく),337,条約・協定・会議,対外関係;条約・会議,,,1951,1951,,
日米行政協定,日(にち)米(べい)行(ぎょう)政(せい)協(きょう)定(てい),337,条約・協定・会議,対外関係;条約・会議,,,1952,1952,,
日米修好通商条約,日(にち)米(べい)修(しゅう)好(こう)通(つう)商(しょう)条(じょう)約(やく),223;231,条約・協定・会議,対外関係;条約・会議,,,1858,1858,,
日米相互協力及び安全保障条約,日(にち)米(べい)相(そう)互(ご)協(きょう)力(りょく)及(およ)び安(あん)全(ぜん)保(ほ)障(しょう)条(じょう)約(やく),342,条約・協定・会議,対外関係;条約・会議,,,1960,1960,,新安保条約
日米和親条約,日(にち)米(べい)和(わ)親(しん)条(じょう)約(やく),221,条約・協定・会議,対外関係;条約・会議,,,1854,1854,,
日満議定書,日(にち)満(まん)議(ぎ)定(てい)書(しょ),306,条約・協定・会議,対外関係;条約・会議,,,1932,1932,,
日明貿易,日(にち)明(みん)貿(ぼう)易(えき),115;116,その他,対外関係;商業・流通・都市,,,1401,1547,,
日蓮,日(にち)蓮(れん),105,人物,仏教,日本,僧侶・宗教家,1253,1282,,
日蓮宗,日(にち)蓮(れん)宗(しゅう),105,文化・流派,仏教,,,1253,1253,,
日蓮宗不受不施派,日(にち)蓮(れん)宗(しゅう)不(ふ)受(じゅ)不(ふ)施(せ)派(は),159,文化・流派,仏教,,,1595,1876,,
日露協商論,日(にち)露(ろ)協(きょう)商(しょう)論(ろん),262,その他,対外関係,,,1900,1903,,
日露協約,日(にち)露(ろ)協(きょう)約(やく),265;268,条約・協定・会議,対外関係;条約・会議,,,1907,1916,,
日露戦争,日(にち)露(ろ)戦(せん)争(そう),263,事件・戦争・乱,対外関係;戦争・軍事,,,1904,1905,,
日露和親条約,日(にち)露(ろ)和(わ)親(しん)条(じょう)約(やく),222,条約・協定・会議,対外関係;北方・アイヌ;条約・会議,,,1854,1854,,
日韓基本条約,日(にっ)韓(かん)基(き)本(ほん)条(じょう)約(やく),343,条約・協定・会議,対外関係;条約・会議,,,1965,1965,,
日韓協約,日(にっ)韓(かん)協(きょう)約(やく),264,条約・協定・会議,植民地;条約・会議,,,1904,1907,,
日刊新聞,日(にっ)刊(かん)新(しん)聞(ぶん),243,その他,生活・風俗;文学,,,1870,1870,,
日光・月光菩薩像,日(にっ)光(こう)・月(がっ)光(こう)菩(ぼ)薩(さつ)像(ぞう),53,作品,美術・建築;仏教,,,,,奈良,
日光東照宮,日(にっ)光(こう)東(とう)照(しょう)宮(ぐう),165,寺社・遺跡・場所,美術・建築;神道,,,1617,1636,,
日光道中,日(にっ)光(こう)道(どう)中(ちゅう),182,寺社・遺跡・場所,商業・流通・都市,,,,,江戸,
日産コンツェルン,日(にっ)産(さん)コンツェルン,308,組織・団体・政党,産業・工業;植民地,,,1928,1945,,
日親,日(にっ)親(しん),131,人物,仏教,日本,僧侶・宗教家,1427,1488,,
日清修好条規,日(にっ)清(しん)修(しゅう)好(こう)条(じょう)規(き),244,条約・協定・会議,対外関係;条約・会議,,,1871,1871,,
日清戦争,日(にっ)清(しん)戦(せん)争(そう),258,事件・戦争・乱,対外関係;戦争・軍事,,,1894,1895,,
日宋貿易,日(にっ)宋(そう)貿(ぼう)易(えき),82,その他,対外関係;商業・流通・都市,,,960,1279,,
日ソ基本条約,日(にっ)ソ基(き)本(ほん)条(じょう)約(やく),275,条約・協定・会議,対外関係;条約・会議,,,1925,1925,,
日ソ共同宣言,日(にっ)ソ共(きょう)同(どう)宣(せん)言(げん),341,条約・協定・会議,対外関係;条約・会議,,,1956,1956,,
日ソ中立条約,日(にっ)ソ中(ちゅう)立(りつ)条(じょう)約(やく),318;324,条約・協定・会議,対外関係;条約・会議,,,1941,1945,,
新田義貞,新(にっ)田(た)義(よし)貞(さだ),111,人物,戦争・軍事,日本,武家,1333,1338,,
日窒コンツェルン,日(にっ)窒(ちつ)コンツェルン,308,組織・団体・政党,産業・工業;植民地,,,1908,1945,,
日中関税協定,日(にっ)中(ちゅう)関(かん)税(ぜい)協(きょう)定(てい),304,条約・協定・会議,対外関係;条約・会議,,,1930,1930,,
日中共同声明,日(にっ)中(ちゅう)共(きょう)同(どう)声(せい)明(めい),354,条約・協定・会議,対外関係;条約・会議,,,1972,1972,,
日中国交正常化,日(にっ)中(ちゅう)国(こっ)交(こう)正(せい)常(じょう)化(か),354,事件・戦争・乱,対外関係,,,1972,1972,,
日中戦争,日(にっ)中(ちゅう)戦(せん)争(そう),312,事件・戦争・乱,対外関係;戦争・軍事,,,1937,1945,,
日中平和友好条約,日(にっ)中(ちゅう)平(へい)和(わ)友(ゆう)好(こう)条(じょう)約(やく),355,条約・協定・会議,対外関係;条約・会議,,,1978,1978,,
日朝修好条規,日(にっ)朝(ちょう)修(しゅう)好(こう)条(じょう)規(き),245,条約・協定・会議,対外関係;条約・会議,,,1876,1876,,
日朝貿易,日(にっ)朝(ちょう)貿(ぼう)易(えき),117,その他,対外関係;商業・流通・都市,,,1392,1510,,
日本永代蔵,日(にっ)本(ぽん)永(えい)代(たい)蔵(ぐら),188,書物・史料,文学,,,1688,1688,,
新渡戸稲造,新(に)渡(と)戸(べ)稲(いな)造(ぞう),289,人物,教育;思想・学問,日本,学者・思想家,1900,1933,,
二・二六事件,二(に)・二(に)六(ろく)事(じ)件(けん),310,事件・戦争・乱,政変・事件・反乱,,,1936,1936,,
二宮尊徳,二(に)宮(のみや)尊(そん)徳(とく),211,人物,農林漁業;思想・学問,日本,学者・思想家,1820,1856,,
日本往生極楽記,日(に)本(ほん)往(おう)生(じょう)極(ごく)楽(らく)記(き),67,書物・史料,仏教,,,985,986,,
日本海海戦,日(に)本(ほん)海(かい)海(かい)戦(せん),263,事件・戦争・乱,戦争・軍事,,,1905,1905,,
日本改造法案大綱,日(に)本(ほん)改(かい)造(ぞう)法(ほう)案(あん)大(たい)綱(こう),273;309,書物・史料,思想・学問,,,1919,1923,,
日本学術会議,日(に)本(ほん)学(がく)術(じゅつ)会(かい)議(ぎ),337,組織・団体・政党,思想・学問,,,1949,1949,,
日本勧業銀行,日(に)本(ほん)勧(かん)業(ぎょう)銀(ぎん)行(こう),281,組織・団体・政党,貨幣・金融,,,1897,1897,,
日本共産党,日(に)本(ほん)共(きょう)産(さん)党(とう),276,組織・団体・政党,社会運動;政治・政策,,,1922,1922,,
日本協同党,日(に)本(ほん)協(きょう)同(どう)党(とう),330,組織・団体・政党,政治・政策,,,1945,1946,,
日本銀行,日(に)本(ほん)銀(ぎん)行(こう),280,組織・団体・政党,貨幣・金融,,,1882,1882,,
日本後紀,日(に)本(ほん)後(こう)紀(き),51,書物・史料,思想・学問,,,840,840,,
日本興業銀行,日(に)本(ほん)興(こう)業(ぎょう)銀(ぎん)行(こう),281,組織・団体・政党,貨幣・金融,,,1902,1902,,
日本国憲按,日(に)本(ほん)国(こく)憲(けん)按(あん),247,書物・史料,法制・制度,,,1876,1880,,
日本国憲法,日(に)本(ほん)国(こく)憲(けん)法(ぽう),331,法令・政策,法制・制度,,,1946,1947,,
日本国家社会党,日(に)本(ほん)国(こっ)家(か)社(しゃ)会(かい)党(とう),308,組織・団体・政党,政治・政策;社会運動,,,1932,1932,,
日本三代実録,日(に)本(ほん)三(さん)代(だい)実(じつ)録(ろく),51;63,書物・史料,思想・学問,,,901,901,,
日本社会主義同盟,日(に)本(ほん)社(しゃ)会(かい)主(しゅ)義(ぎ)同(どう)盟(めい),276,組織・団体・政党,社会運動,,,1920,1921,,
日本社会党,日(に)本(ほん)社(しゃ)会(かい)党(とう),265,組織・団体・政党,社会運動;政治・政策,,,1906,1907,,
日本自由党,日(に)本(ほん)自(じ)由(ゆう)党(とう),329,組織・団体・政党,政治・政策,,,1945,1948,,
日本主義,日(に)本(ほん)主(しゅ)義(ぎ),260,文化・流派,思想・学問,,,1895,1900,,
日本書紀,日(に)本(ほん)書(しょ)紀(き),28;50,書物・史料,思想・学問;文学,,,720,720,,
日本人,日(に)本(ほん)人(じん),251,書物・史料,思想・学問,,,1888,1906,,雑誌名
日本進歩党,日(に)本(ほん)進(しん)歩(ぽ)党(とう),329,組織・団体・政党,政治・政策,,,1945,1947,,
日本人拉致問題,日(に)本(ほん)人(じん)拉(ら)致(ち)問(もん)題(だい),363,事件・戦争・乱,対外関係,,,1977,2002,,
日本製鋼所,日(に)本(ほん)製(せい)鋼(こう)所(しょ),284,組織・団体・政党,産業・工業,,,1907,1907,,
日本製鉄会社,日(に)本(ほん)製(せい)鉄(てつ)会(がい)社(しゃ),308,組織・団体・政党,産業・工業,,,1934,1934,,
日本的経営,日(に)本(ほん)的(てき)経(けい)営(えい),346,その他,産業・工業;労働運動,,,1955,1990,,
日本鉄道会社,日(に)本(ほん)鉄(てつ)道(どう)会(がい)社(しゃ),283,組織・団体・政党,産業・工業,,,1881,1881,,
日本農民組合,日(に)本(ほん)農(のう)民(みん)組(くみ)合(あい),288,組織・団体・政党,農民運動,,,1922,1922,,
日本之下層社会,日(に)本(ほんの)之(の)下(か)層(そう)社(しゃ)会(かい),287,書物・史料,労働運動;身分・社会構造,,,1899,1899,,
日本橋魚市場,日(に)本(ほん)橋(ばし)魚(うお)市(いち)場(ば),187,寺社・遺跡・場所,商業・流通・都市,,,,,江戸,
日本万国博覧会,日(に)本(ほん)万(ばん)国(こく)博(はく)覧(らん)会(かい),351,事件・戦争・乱,生活・風俗,,,1970,1970,,
日本美術院,日(に)本(ほん)美(び)術(じゅつ)院(いん),293;299,組織・団体・政党,美術・建築,,,1898,1914,,
日本文学報国会,日(に)本(ほん)文(ぶん)学(がく)報(ほう)国(こく)会(かい),316,組織・団体・政党,文学;戦争・軍事,,,1942,1945,,
日本放送協会,日(に)本(ほん)放(ほう)送(そう)協(きょう)会(かい),298;338,組織・団体・政党,生活・風俗,,,1926,1926,,
日本町,日(に)本(ほん)町(まち),161,寺社・遺跡・場所,対外関係,,,1604,1635,,
日本民主党,日(に)本(ほん)民(みん)主(しゅ)党(とう),341,組織・団体・政党,政治・政策,,,1954,1955,,
日本無産党,日(に)本(ほん)無(む)産(さん)党(とう),309,組織・団体・政党,社会運動,,,1937,1937,,
日本文徳天皇実録,日(に)本(ほん)文(もん)徳(とく)天(てん)皇(のう)実(じつ)録(ろく),51,書物・史料,思想・学問,,,879,879,,
日本郵船会社,日(に)本(ほん)郵(ゆう)船(せん)会(がい)社(しゃ),283,組織・団体・政党,産業・工業,,,1885,1885,,
日本列島改造論,日(に)本(ほん)列(れっ)島(とう)改(かい)造(ぞう)論(ろん),354,その他,政治・政策;産業・工業,,,1972,1972,,
日本労働組合総同盟（総同盟）,日(に)本(ほん)労(ろう)働(どう)組(くみ)合(あい)総(そう)同(どう)盟(めい)（総(そう)同(どう)盟(めい)）,329,組織・団体・政党,労働運動,,,1946,1964,,
日本労働組合総評議会（総評）,日(に)本(ほん)労(ろう)働(どう)組(くみ)合(あい)総(そう)評(ひょう)議(ぎ)会(かい)（総(そう)評(ひょう)）,336;342,組織・団体・政党,労働運動,,,1950,1989,,
日本労働組合総連合会（連合）,日(に)本(ほん)労(ろう)働(どう)組(くみ)合(あい)総(そう)連(れん)合(ごう)会(かい)（連(れん)合(ごう)）,359,組織・団体・政党,労働運動,,,1989,1989,,
日本労働組合評議会,日(に)本(ほん)労(ろう)働(どう)組(くみ)合(あい)評(ひょう)議(ぎ)会(かい),302,組織・団体・政党,労働運動,,,1925,1928,,
日本労働総同盟,日(に)本(ほん)労(ろう)働(どう)総(そう)同(どう)盟(めい),288,組織・団体・政党,労働運動,,,1921,1940,,
日本労農党,日(に)本(ほん)労(ろう)農(のう)党(とう),301,組織・団体・政党,社会運動;農民運動,,,1926,1928,,
二毛作,二(に)毛(もう)作(さく),101,その他,農林漁業,,,,,鎌倉;室町,
ニュータウン,ニュータウン,349,その他,生活・風俗;商業・流通・都市,,,1960,1980,,
女房装束,女(にょう)房(ぼう)装(しょう)束(ぞく),69,その他,生活・風俗;女性,,,,,平安,
人形浄瑠璃,人(にん)形(ぎょう)浄(じょう)瑠(る)璃(り),148,文化・流派,芸能,,,1600,1850,,
人間宣言,人(にん)間(げん)宣(せん)言(げん),233;327,法令・政策,政治・政策,,,1946,1946,,
忍性,忍(にん)性(しょう),106,人物,仏教,日本,僧侶・宗教家,1250,1303,,
人情本,人(にん)情(じょう)本(ぼん),216,文化・流派,文学,,,1820,1850,,
人足寄場,人(にん)足(そく)寄(よせ)場(ば),204,組織・団体・政党,政治・政策;身分・社会構造,,,1790,1790,,
人別改め,人(にん)別(べつ)改(あらた)め,169,制度・役職,身分・社会構造,,,,,江戸,要確認：ページ番号
寧波の乱,寧(にん)波(ぽー)の乱(らん),117,事件・戦争・乱,対外関係,,,1523,1523,,
額田王,額(ぬか)田(たの)王(おおきみ),51,人物,文学;女性,日本,天皇・皇族,660,690,,
渟足柵,渟(ぬ)足(たりの)柵(さく),44,寺社・遺跡・場所,北方・アイヌ,,,647,647,,
年行司,年(ねん)行(ぎょう)司(じ),136,制度・役職,商業・流通・都市,,,,,戦国,
年貢,年(ねん)貢(ぐ),77,制度・役職,土地・税制,,,,,平安;鎌倉;室町;江戸,
年中行事,年(ねん)中(ちゅう)行(ぎょう)事(じ),69;85,その他,生活・風俗,,,,,平安,
年中行事絵巻,年(ねん)中(ちゅう)行(ぎょう)事(じ)絵(え)巻(まき),85;86,作品,美術・建築,,,1170,1170,,
粘土槨,粘(ねん)土(ど)槨(かく),25,その他,考古,,,,,古墳,
念仏,念(ねん)仏(ぶつ),104,その他,仏教,,,,,平安;鎌倉,
能,能(のう),127;148,文化・流派,芸能,,,1370,1867,,
農業基本法,農(のう)業(ぎょう)基(き)本(ほん)法(ほう),347,法令・政策,農林漁業,,,1961,1961,,
農業恐慌,農(のう)業(ぎょう)恐(きょう)慌(こう),304,事件・戦争・乱,農林漁業;貨幣・金融,,,1930,1931,,
農業協同組合（農協）,農(のう)業(ぎょう)協(きょう)同(どう)組(くみ)合(あい)（農(のう)協(きょう)）,328,組織・団体・政党,農林漁業,,,1947,1947,,
農業全書,農(のう)業(ぎょう)全(ぜん)書(しょ),180;189,書物・史料,農林漁業,,,1697,1697,,
農具便利論,農(のう)具(ぐ)便(べん)利(り)論(ろん),180,書物・史料,農林漁業,,,1822,1822,,
農工銀行,農(のう)工(こう)銀(ぎん)行(こう),281,組織・団体・政党,貨幣・金融;農林漁業,,,1896,1896,,
農山漁村経済更生運動,農(のう)山(さん)漁(ぎょ)村(そん)経(けい)済(ざい)更(こう)生(せい)運(うん)動(どう),308,法令・政策,農林漁業,,,1932,1941,,
農産物輸入自由化,農(のう)産(さん)物(ぶつ)輸(ゆ)入(にゅう)自(じ)由(ゆう)化(か),357,法令・政策,農林漁業;対外関係,,,1988,1993,,
直衣,直(のう)衣(し),69,その他,生活・風俗,,,,,平安,
農事試験場,農(のう)事(じ)試(し)験(けん)場(じょう),285,組織・団体・政党,農林漁業,,,1893,1893,,
農書,農(のう)書(しょ),180,書物・史料,農林漁業,,,,,江戸,
農村救済請願運動,農(のう)村(そん)救(きゅう)済(さい)請(せい)願(がん)運(うん)動(どう),308,事件・戦争・乱,農民運動,,,1932,1932,,
農地委員会,農(のう)地(ち)委(い)員(いん)会(かい),328,組織・団体・政党,土地・税制;農林漁業,,,1946,1951,,
農地改革,農(のう)地(ち)改(かい)革(かく),328,法令・政策,土地・税制;農林漁業,,,1946,1950,,
農地調整法［改正］,農(のう)地(ち)調(ちょう)整(せい)法(ほう)［改(かい)正(せい)］,328,法令・政策,土地・税制;農林漁業,,,1946,1946,,
農民労働党,農(のう)民(みん)労(ろう)働(どう)党(とう),301,組織・団体・政党,社会運動;農民運動,,,1925,1925,,
野口遵,野(の)口(ぐち)遵(したがう),308,人物,産業・工業,日本,実業家,1908,1944,,
野口英世,野(の)口(ぐち)英(ひで)世(よ),298,人物,思想・学問,日本,学者・思想家,1900,1928,,
野田佳彦,野(の)田(だ)佳(よし)彦(ひこ),363,人物,政治・政策,日本,政治家,2011,2012,,
野中兼山,野(の)中(なか)兼(けん)山(ざん),189,人物,政治・政策;思想・学問,日本,武家,1631,1663,,
野々村仁清,野(の)々(の)村(むら)仁(にん)清(せい),191,人物,美術・建築,日本,芸術家,1650,1690,,
ノーベル賞,ノーベル賞(しょう),337,その他,思想・学問,,,1949,1949,,
野村吉三郎,野(の)村(むら)吉(きち)三(さぶ)郎(ろう),318,人物,対外関係,日本,軍人;政治家,1941,1941,,
ノモンハン事件,ノモンハン事(じ)件(けん),316,事件・戦争・乱,対外関係;戦争・軍事,,,1939,1939,,
ノルマントン号事件,ノルマントン号(ごう)事(じ)件(けん),256,事件・戦争・乱,対外関係;法制・制度,,,1886,1886,,
野呂元丈,野(の)呂(ろ)元(げん)丈(じょう),198,人物,思想・学問,日本,学者・思想家,1720,1761,,
俳諧,俳(はい)諧(かい),167,文化・流派,文学,,,1600,1867,,
俳諧連歌,俳(はい)諧(かい)連(れん)歌(が),130,文化・流派,文学,,,1500,1600,,
配給制,配(はい)給(きゅう)制(せい),314,制度・役職,戦争・軍事;生活・風俗,,,1940,1945,,
廃娼運動,廃(はい)娼(しょう)運(うん)動(どう),289,事件・戦争・乱,女性;社会運動,,,1880,1930,,
梅松論,梅(ばい)松(しょう)論(ろん),126,書物・史料,文学;思想・学問,,,1349,1349,,
ハイテク産業,ハイテク産(さん)業(ぎょう),357,その他,産業・工業,,,1975,1995,,
廃刀令,廃(はい)刀(とう)令(れい),238;246,法令・政策,身分・社会構造,,,1876,1876,,
廃藩置県,廃(はい)藩(はん)置(ち)県(けん),236,法令・政策,政治・政策,,,1871,1871,,
廃仏毀釈,廃(はい)仏(ぶつ)毀(き)釈(しゃく),243;289,事件・戦争・乱,仏教;神道,,,1868,1871,,
破壊活動防止法,破(は)壊(かい)活(かつ)動(どう)防(ぼう)止(し)法(ほう),340,法令・政策,法制・制度;社会運動,,,1952,1952,,
博多,博(はか)多(た),136,寺社・遺跡・場所,商業・流通・都市;対外関係,,,,,室町;戦国,
馬韓,馬(ば)韓(かん),26,国・地域・王朝,対外関係,,,,,弥生;古墳,
萩焼,萩(はぎ)焼(やき),166,文化・流派,美術・建築,,,1604,1700,,
白山,白(はく)山(さん),60,寺社・遺跡・場所,仏教;神道,,,,,平安,
パークス,パークス,226,人物,対外関係,イギリス,来日外国人;政治家,1865,1883,,
白村江の戦い,白(はく)村(すき)江(のえ)の戦(たたか)い,38,事件・戦争・乱,対外関係;戦争・軍事,,,663,663,,
白馬会,白(はく)馬(ば)会(かい),293,組織・団体・政党,美術・建築,,,1896,1911,,
幕藩体制,幕(ばく)藩(はん)体(たい)制(せい),156,制度・役職,政治・政策,,,1603,1867,,
幕府,幕(ばく)府(ふ),91;156,制度・役職,政治・政策,,,1185,1867,,
白鳳文化,白(はく)鳳(ほう)文(ぶん)化(か),49,文化・流派,仏教;美術・建築,,,645,710,,
ハーグ密使事件,ハーグ密(みっ)使(し)事(じ)件(けん),264,事件・戦争・乱,植民地;対外関係,,,1907,1907,,
幕領,幕(ばく)領(りょう),156,制度・役職,土地・税制,,,1603,1867,,
白瑠璃碗,白(はく)瑠(る)璃(り)碗(わん),54,作品,美術・建築;対外関係,,,,,奈良,
箱式石棺墓,箱(はこ)式(しき)石(せっ)棺(かん)墓(ぼ),15,その他,考古,,,,,弥生,
箱根用水,箱(はこ)根(ね)用(よう)水(すい),172,その他,農林漁業,,,1670,1670,,
バサラ,バサラ,126,文化・流派,生活・風俗,,,1330,1400,,
土師器,土(は)師(じ)器(き),30,その他,考古,,,,,古墳,
箸墓古墳,箸(はし)墓(はか)古(こ)墳(ふん),24,寺社・遺跡・場所,考古,,,,,古墳,
橋本雅邦,橋(はし)本(もと)雅(が)邦(ほう),293,人物,美術・建築,日本,芸術家,1880,1908,,
橋本欣五郎,橋(はし)本(もと)欣(きん)五(ご)郎(ろう),306,人物,戦争・軍事;政変・事件・反乱,日本,軍人,1930,1931,,
橋本左内,橋(はし)本(もと)左(さ)内(ない),225,人物,政治・政策,日本,武家,1857,1859,,
橋本龍太郎,橋(はし)本(もと)龍(りゅう)太(た)郎(ろう),361,人物,政治・政策,日本,政治家,1996,1998,,
馬借,馬(ば)借(しゃく),125,その他,商業・流通・都市,,,,,室町,
場所,場(ば)所(しょ),164,その他,北方・アイヌ;商業・流通・都市,,,,,江戸,
場所請負制度,場(ば)所(しょ)請(うけ)負(おい)制(せい)度(ど),164,制度・役職,北方・アイヌ;商業・流通・都市,,,1700,1869,,
長谷川等伯,長(は)谷(せ)川(がわ)等(とう)伯(はく),147,人物,美術・建築,日本,芸術家,1570,1610,,
支倉常長,支(はせ)倉(くら)常(つね)長(なが),160,人物,対外関係,日本,武家,1613,1620,,
秦氏,秦(はた)氏(うじ),27,人物,対外関係;産業・工業,その他,渡来人,,,古墳,
羽田孜,羽(は)田(た)孜(つとむ),361,人物,政治・政策,日本,政治家,1994,1994,,
旗本,旗(はた)本(もと),156,その他,身分・社会構造,,,1603,1867,,
八月十八日の政変,八(はち)月(がつ)十(じゅう)八(はち)日(にち)の政(せい)変(へん),225,事件・戦争・乱,政変・事件・反乱,,,1863,1863,,
八虐,八(はち)虐(ぎゃく),40,制度・役職,法制・制度,,,,,奈良,
八条院領,八(はち)条(じょう)院(いん)領(りょう),79,制度・役職,土地・税制,,,1150,1300,,
八・八艦隊,八(はち)・八(はち)艦(かん)隊(たい),266,法令・政策,戦争・軍事,,,1907,1922,,
八部衆像,八(はち)部(ぶ)衆(しゅう)像(ぞう),53,作品,美術・建築;仏教,,,734,734,,
八角墳,八(はっ)角(かく)墳(ふん),32,その他,考古,,,,,飛鳥,
抜歯,抜(ばっ)歯(し),12,その他,考古,,,,,縄文,
八省,八(はっ)省(しょう),39,制度・役職,政治・政策,,,701,1868,,
閥族打破,閥(ばつ)族(ぞく)打(だ)破(は),267,その他,社会運動;政治・政策,,,1912,1913,,
バテレン追放令,バテレン追(つい)放(ほう)令(れい),145,法令・政策,キリスト教,,,1587,1587,,
鳩山一郎,鳩(はと)山(やま)一(いち)郎(ろう),309;330;341,人物,政治・政策,日本,政治家,1930,1956,,
鳩山由紀夫,鳩(はと)山(やま)由(ゆ)紀(き)夫(お),363,人物,政治・政策,日本,政治家,2009,2010,,
花の御所,花(はな)の御(ご)所(しょ),114,寺社・遺跡・場所,政治・政策,,,1378,1378,,
花畠教場,花(はな)畠(ばたけ)教(きょう)場(じょう),177,組織・団体・政党,教育,,,1641,1641,,
塙保己一,塙(はなわ)保(ほ)己(き)一(いち),199,人物,思想・学問,日本,学者・思想家,1779,1821,,
埴輪,埴(はに)輪(わ),25;28,その他,考古;美術・建築,,,,,古墳,
馬場辰猪,馬(ば)場(ば)辰(たつ)猪(い),249,人物,社会運動,日本,社会運動家,1878,1888,,
バブル経済,バブル経(けい)済(ざい),358;361,その他,貨幣・金融;産業・工業,,,1986,1991,,
浜北人,浜(はま)北(きた)人(じん),7,その他,考古,,,,,旧石器,
浜口雄幸,浜(はま)口(ぐち)雄(お)幸(さち),303,人物,政治・政策,日本,政治家,1929,1931,,
蛤御門の変,蛤(はまぐり)御(ご)門(もん)の変(へん),226,事件・戦争・乱,政変・事件・反乱;戦争・軍事,,,1864,1864,,禁門の変
林子平,林(はやし)子(し)平(へい),205,人物,対外関係;思想・学問,日本,学者・思想家,1785,1793,,
林銑十郎,林(はやし)銑(せん)十(じゅう)郎(ろう),310,人物,政治・政策,日本,政治家;軍人,1937,1937,,
林鳳岡（信篤）,林(はやし)鳳(ほう)岡(こう)（信(のぶ)篤(あつ)）,178,人物,思想・学問,日本,学者・思想家,1680,1732,,
林羅山（道春）,林(はやし)羅(ら)山(ざん)（道(どう)春(しゅん)）,165,人物,思想・学問,日本,学者・思想家,1607,1657,,
隼人,隼(はや)人(と),44,その他,対外関係;戦争・軍事,,,,,飛鳥;奈良,
祓,祓(はらえ),30,その他,神道,,,,,古墳,
原敬,原(はら)敬(たかし),269;271,人物,政治・政策,日本,政治家,1900,1921,,
原マルチノ,原(はら)マルチノ,148,人物,キリスト教;対外関係,日本,その他,1582,1629,,
ハリス,ハリス,222,人物,対外関係,アメリカ,来日外国人;政治家,1856,1862,,
磔茂左衛門,磔(はりつけ)茂(も)左(ざ)衛(え)門(もん),195,人物,一揆・打ちこわし,日本,その他,1681,1682,,
播磨の土一揆,播(はり)磨(ま)の土(つち)一(いっ)揆(き),120,事件・戦争・乱,一揆・打ちこわし,,,1429,1429,,
ハル,ハル,318,人物,対外関係,アメリカ,政治家,1941,1941,,
ハル＝ノート,ハル＝ノート,319,書物・史料,対外関係,,,1941,1941,,
ハルマ和解,ハルマ和(わ)解(げ),198,書物・史料,思想・学問,,,1796,1796,,
パレスチナ戦争,パレスチナ戦(せん)争(そう),354,事件・戦争・乱,対外関係,,,1948,1949,,
藩,藩(はん),156;157,制度・役職,政治・政策,,,1600,1871,,
藩営工業,藩(はん)営(えい)工(こう)業(ぎょう),212,その他,産業・工業,,,1830,1867,,
半乾田,半(はん)乾(かん)田(でん),14,その他,農林漁業,,,,,弥生,
藩校（藩学）,藩(はん)校(こう)（藩(はん)学(がく)）,200;206,組織・団体・政党,教育,,,1641,1871,,
藩札,藩(はん)札(さつ),184,その他,貨幣・金融,,,1661,1871,,
蛮社の獄,蛮(ばん)社(しゃ)の獄(ごく),209;215,事件・戦争・乱,思想・学問;政変・事件・反乱,,,1839,1839,,
反射炉,反(はん)射(しゃ)炉(ろ),212,その他,産業・工業;戦争・軍事,,,1850,1860,,
蕃書調所,蕃(ばん)書(しょ)調(しらべ)所(しょ),215;231,組織・団体・政党,思想・学問;教育,,,1856,1862,,
蕃書和解御用,蕃(ばん)書(しょ)和(わ)解(げ)御(ご)用(よう),215,組織・団体・政党,思想・学問,,,1811,1856,,
阪神・淡路大震災,阪(はん)神(しん)・淡(あわ)路(じ)大(だい)震(しん)災(さい),362,事件・戦争・乱,公害・環境・災害,,,1995,1995,,
半済令,半(はん)済(ぜい)令(れい),113,法令・政策,土地・税制,,,1352,1368,,
版籍奉還,版(はん)籍(せき)奉(ほう)還(かん),236,法令・政策,政治・政策,,,1869,1869,,
藩専売制,藩(はん)専(せん)売(ばい)制(せい),212,制度・役職,商業・流通・都市;政治・政策,,,1750,1867,,
伴大納言絵巻,伴(ばん)大(だい)納(な)言(ごん)絵(え)巻(まき),85,作品,美術・建築,,,1170,1170,,
班田収授法,班(はん)田(でん)収(しゅう)授(じゅ)法(ほう),40;58,法令・政策,土地・税制,,,646,902,,
藩閥政府,藩(はん)閥(ばつ)政(せい)府(ふ),237,その他,政治・政策,,,1871,1918,,
反本地垂迹説,反(はん)本(ほん)地(じ)垂(すい)迹(じゃく)説(せつ),129,文化・流派,神道,,,1300,1500,,
板門店休戦協定,板(はん)門(もん)店(てん)休(きゅう)戦(せん)協(きょう)定(てい),335,条約・協定・会議,対外関係;戦争・軍事,,,1953,1953,,
万里集九,万(ばん)里(り)集(しゅう)九(く),131,人物,文学;仏教,日本,僧侶・宗教家,1460,1507,,
稗田阿礼,稗(ひえ)田(だの)阿(あ)礼(れ),50,人物,思想・学問,日本,その他,681,712,,
菱垣廻船,菱(ひ)垣(がき)廻(かい)船(せん),183,その他,商業・流通・都市,,,1619,1867,,
非核三原則,非(ひ)核(かく)三(さん)原(げん)則(そく),344,法令・政策,戦争・軍事;対外関係,,,1967,1971,,
東久邇宮稔彦,東(ひがし)久(く)邇(にの)宮(みや)稔(なる)彦(ひこ),326,人物,政治・政策,日本,天皇・皇族;政治家,1945,1945,,
東日本大震災,東(ひがし)日(に)本(ほん)大(だい)震(しん)災(さい),363,事件・戦争・乱,公害・環境・災害,,,2011,2011,,
東廻り海運,東(ひがし)廻(まわ)り海(かい)運(うん),184,その他,商業・流通・都市,,,1671,1867,,
東山文化,東(ひがし)山(やま)文(ぶん)化(か),125,文化・流派,美術・建築;芸能,,,1449,1490,,
被官,被(ひ)官(かん),169,その他,身分・社会構造,,,,,江戸,
彼岸会,彼(ひ)岸(がん)会(え),218,その他,仏教;生活・風俗,,,,,江戸,
引揚げ,引(ひき)揚(あ)げ,331,事件・戦争・乱,戦争・軍事;生活・風俗,,,1945,1950,,
引付,引(ひき)付(つけ),96,制度・役職,法制・制度,,,1249,1333,,
引付衆,引(ひき)付(つけ)衆(しゅう),96,制度・役職,法制・制度,,,1249,1333,,
飛脚問屋,飛(ひ)脚(きゃく)問(どん)屋(や),183,組織・団体・政党,商業・流通・都市,,,,,江戸,
比企能員,比(ひ)企(き)能(よし)員(かず),94,人物,政変・事件・反乱,日本,武家,1180,1203,,
樋口一葉,樋(ひ)口(ぐち)一(いち)葉(よう),291,人物,文学;女性,日本,文学者,1892,1896,,
土方与志,土(ひじ)方(かた)与(よ)志(し),299,人物,芸能,日本,芸術家,1924,1959,,
菱川師宣,菱(ひし)川(かわ)師(もろ)宣(のぶ),191;202,人物,美術・建築,日本,芸術家,1670,1694,,
聖,聖(ひじり),84,その他,仏教,,,,,平安,
ヒスイ,ヒスイ,11,その他,考古,,,,,縄文,
備前焼,備(び)前(ぜん)焼(やき),109,文化・流派,美術・建築;産業・工業,,,,,鎌倉,
備中鍬,備(びっ)中(ちゅう)鍬(ぐわ),179,その他,農林漁業,,,,,江戸,
ビッドル,ビッドル,221,人物,対外関係,アメリカ,軍人;来日外国人,1846,1846,,
悲田院,悲(ひ)田(でん)院(いん),52,組織・団体・政党,仏教;生活・風俗,,,723,723,,
尾藤二洲,尾(び)藤(とう)二(じ)洲(しゅう),205,人物,思想・学問,日本,学者・思想家,1791,1813,,
人返しの法,人(ひと)返(がえ)しの法(ほう),210,法令・政策,農林漁業;政治・政策,,,1843,1843,,
一橋家,一(ひと)橋(つばし)家(け),194;224,人物,政治・政策,日本,武家,1740,1867,,
一橋宗尹,一(ひと)橋(つばし)宗(むね)尹(ただ),194,人物,政治・政策,日本,武家,1740,1764,,
一橋慶喜,一(ひと)橋(つばし)慶(よし)喜(のぶ),224,人物,政治・政策,日本,武家,1857,1866,,徳川慶喜
人掃令,人(ひと)掃(ばらい)令(れい),145,法令・政策,身分・社会構造,,,1592,1592,,
非人,非(ひ)人(にん),167,その他,身分・社会構造,,,,,江戸,
火野葦平,火(ひ)野(の)葦(あし)平(へい),315,人物,文学,日本,文学者,1937,1960,,
日野富子,日(ひ)野(の)富(とみ)子(こ),122,人物,政治・政策;女性,日本,公家・貴族,1467,1496,,
日比谷焼打ち事件,日(ひ)比(び)谷(や)焼(やき)打(う)ち事(じ)件(けん),263,事件・戦争・乱,社会運動;政変・事件・反乱,,,1905,1905,,
日待,日(ひ)待(まち),218,その他,生活・風俗,,,,,江戸,
卑弥呼,卑(ひ)弥(み)呼(こ),18,人物,政治・政策;対外関係;女性,日本,その他,239,248,,
姫路城,姫(ひめ)路(じ)城(じょう),146,寺社・遺跡・場所,美術・建築,,,1609,1609,,
百姓,百(ひゃく)姓(しょう),167;168,その他,身分・社会構造;農林漁業,,,,,江戸,
百姓一揆,百(ひゃく)姓(しょう)一(いっ)揆(き),195,事件・戦争・乱,一揆・打ちこわし,,,1600,1867,,
百姓請,百(ひゃく)姓(しょう)請(うけ),120,制度・役職,土地・税制,,,,,室町,
百姓代,百(ひゃく)姓(しょう)代(だい),168,制度・役職,身分・社会構造,,,,,江戸,
百万町歩の開墾計画,百(ひゃく)万(まん)町(ちょう)歩(ぶ)の開(かい)墾(こん)計(けい)画(かく),47,法令・政策,土地・税制,,,722,722,,
百万塔陀羅尼,百(ひゃく)万(まん)塔(とう)陀(だ)羅(ら)尼(に),54,作品,仏教,,,770,770,,
百貨店,百(ひゃっ)貨(か)店(てん),296,その他,商業・流通・都市;生活・風俗,,,1904,1935,,
ヒュースケン,ヒュースケン,224,人物,対外関係,オランダ,来日外国人,1856,1861,,
日用,日(ひ)用(よう),167,その他,身分・社会構造,,,,,江戸,
氷河時代,氷(ひょう)河(が)時(じ)代(だい),6,その他,考古,,,,,旧石器,
兵庫北関入船納帳,兵(ひょう)庫(ご)北(きた)関(ぜき)入(いり)船(ふね)納(のう)帳(ちょう),125,書物・史料,商業・流通・都市,,,1445,1445,,
兵庫造船所,兵(ひょう)庫(ご)造(ぞう)船(せん)所(じょ),240,組織・団体・政党,産業・工業,,,1871,1887,,
評定衆,評(ひょう)定(じょう)衆(しゅう),95,制度・役職,政治・政策,,,1225,1333,,
評定所,評(ひょう)定(じょう)所(しょ),157,制度・役職,法制・制度,,,1635,1867,,
平等院鳳凰堂,平(びょう)等(どう)院(いん)鳳(ほう)凰(おう)堂(どう),68,寺社・遺跡・場所,美術・建築;仏教,,,1053,1053,,
兵部省,兵(ひょう)部(ぶ)省(しょう),237,組織・団体・政党,戦争・軍事,,,1869,1872,,
日吉神社,日(ひ)吉(え)神(じん)社(じゃ),80,寺社・遺跡・場所,神道,,,,,平安,
平泉,平(ひら)泉(いずみ),80,寺社・遺跡・場所,北方・アイヌ;美術・建築,,,1087,1189,,
平賀源内,平(ひら)賀(が)源(げん)内(ない),198;203,人物,思想・学問;美術・建築,日本,学者・思想家,1760,1779,,
平形銅剣,平(ひら)形(がた)銅(どう)剣(けん),16,その他,考古,,,,,弥生,
平がな,平(ひら)がな,65,その他,文学,,,,,平安,
平城,平(ひら)城(じろ),146,寺社・遺跡・場所,美術・建築,,,1576,1615,,
平田篤胤,平(ひら)田(た)篤(あつ)胤(たね),214,人物,思想・学問;神道,日本,学者・思想家,1800,1843,,
平塚らいてう（明）,平(ひら)塚(つか)らいてう（明(はる)）,276,人物,女性;社会運動,日本,社会運動家,1911,1950,,
平戸,平(ひら)戸(ど),160;162,寺社・遺跡・場所,対外関係,,,1550,1641,,
平戸焼,平(ひら)戸(ど)焼(やき),166,文化・流派,美術・建築,,,1600,1700,,
平沼騏一郎,平(ひら)沼(ぬま)騏(き)一(いち)郎(ろう),316,人物,政治・政策,日本,政治家,1939,1939,,
平野国臣,平(ひら)野(の)国(くに)臣(おみ),225,人物,政変・事件・反乱,日本,武家,1863,1864,,
平野屋,平(ひら)野(の)屋(や),184,組織・団体・政党,貨幣・金融;商業・流通・都市,,,,,江戸,
平山城,平(ひら)山(やま)城(じろ),146,寺社・遺跡・場所,美術・建築,,,1576,1615,,
広沢真臣,広(ひろ)沢(さわ)真(さね)臣(おみ),228,人物,政治・政策,日本,政治家,1868,1871,,
広島,広(ひろ)島(しま),324,寺社・遺跡・場所,戦争・軍事,,,1945,1945,,
広田弘毅,広(ひろ)田(た)弘(こう)毅(き),310,人物,政治・政策;対外関係,日本,政治家,1933,1937,,
琵琶法師,琵(び)琶(わ)法(ほう)師(し),107,その他,芸能;文学,,,,,鎌倉;室町,
貧窮問答歌,貧(ひん)窮(きゅう)問(もん)答(どう)歌(か),51,作品,文学;生活・風俗,,,731,733,,
品種改良,品(ひん)種(しゅ)改(かい)良(りょう),285,その他,農林漁業,,,1890,1930,,
貧乏物語,貧(びん)乏(ぼう)物(もの)語(がたり),298,書物・史料,思想・学問;社会運動,,,1916,1917,,
府,府(ふ),236,制度・役職,法制・制度,,,1868,1871,,
武,武(ぶ),20;27,人物,対外関係,日本,天皇・皇族,477,502,,倭の五王のひとり
ファシズム,ファシズム,311,文化・流派,思想・学問;対外関係,,,1922,1945,,
分一銭,分(ぶ)一(いち)銭(せん),115;121,制度・役職,土地・税制,,,,,室町,
風姿花伝,風(ふう)姿(し)花(か)伝(でん),127,書物・史料,芸能,,,1400,1418,,
風土,風(ふう)土(ど),298,書物・史料,思想・学問,,,1935,1935,,
フェートン号事件,フェートン号(ごう)事(じ)件(けん),207,事件・戦争・乱,対外関係,,,1808,1808,,
フェノロサ,フェノロサ,290;292,人物,美術・建築;教育,アメリカ,来日外国人;学者・思想家,1878,1890,,
不換紙幣,不(ふ)換(かん)紙(し)幣(へい),279,その他,貨幣・金融,,,1868,1885,,
溥儀,溥(ふ)儀(ぎ),306,人物,対外関係;植民地,中国,国王・皇帝（外国）,1932,1945,,
富貴寺大堂,富(ふ)貴(き)寺(じ)大(おお)堂(どう),84,寺社・遺跡・場所,美術・建築;仏教,,,1150,1150,,
復員,復(ふく)員(いん),331,事件・戦争・乱,戦争・軍事,,,1945,1950,,
不空羂索観音像,不(ふ)空(くう)羂(けん)索(じゃく)観(かん)音(のん)像(ぞう),53,作品,美術・建築;仏教,,,,,奈良,
福岡孝弟,福(ふく)岡(おか)孝(たか)弟(ちか),228,人物,政治・政策,日本,政治家,1868,1868,,
複合不況,複(ふく)合(ごう)不(ふ)況(きょう),362,事件・戦争・乱,貨幣・金融,,,1991,1993,,
福沢諭吉,福(ふく)沢(ざわ)諭(ゆ)吉(きち),242;258,人物,思想・学問;教育,日本,学者・思想家,1866,1901,,
福島事件,福(ふく)島(しま)事(じ)件(けん),250,事件・戦争・乱,社会運動,,,1882,1882,,
福島正則,福(ふく)島(しま)正(まさ)則(のり),154,人物,戦争・軍事,日本,武家,1583,1619,,
副葬品,副(ふく)葬(そう)品(ひん),24,その他,考古,,,,,古墳,
福田赳夫,福(ふく)田(だ)赳(たけ)夫(お),355,人物,政治・政策,日本,政治家,1976,1978,,
福田康夫,福(ふく)田(だ)康(やす)夫(お),363,人物,政治・政策,日本,政治家,2007,2008,,
福地源一郎,福(ふく)地(ち)源(げん)一(いち)郎(ろう),249,人物,政治・政策;思想・学問,日本,政治家,1874,1882,,
福原,福(ふく)原(はら),90,寺社・遺跡・場所,政治・政策,,,1180,1180,,
武家諸法度,武(ぶ)家(け)諸(しょ)法(はっ)度(と),155,法令・政策,法制・制度,,,1615,1615,,
武家地,武(ぶ)家(け)地(ち),170,その他,商業・流通・都市,,,,,江戸,
武家伝奏,武(ぶ)家(け)伝(てん)奏(そう),158,制度・役職,政治・政策,,,1603,1867,,
府県会規則,府(ふ)県(けん)会(かい)規(き)則(そく),248,法令・政策,法制・制度,,,1878,1878,,
府県制,府(ふ)県(けん)制(せい),252,制度・役職,法制・制度,,,1890,1890,,
封戸,封(ふ)戸(こ),40;72,制度・役職,土地・税制,,,,,奈良;平安,
富国強兵,富(ふ)国(こく)強(きょう)兵(へい),240,法令・政策,政治・政策;戦争・軍事,,,1868,1900,,
富山浦,富(ふ)山(さん)浦(ぽ),117,寺社・遺跡・場所,対外関係,,,1407,1510,,
藤田東湖,藤(ふじ)田(た)東(とう)湖(こ),214,人物,思想・学問,日本,学者・思想家,1830,1855,,
藤田幽谷,藤(ふじ)田(た)幽(ゆう)谷(こく),214,人物,思想・学問,日本,学者・思想家,1790,1826,,
武士,武(ぶ)士(し),73;167,その他,戦争・軍事;身分・社会構造,,,,,平安;鎌倉;室町;戦国;江戸,
武士団,武(ぶ)士(し)団(だん),73;82,組織・団体・政党,戦争・軍事,,,900,1185,,
武士道,武(ぶ)士(し)道(どう),98,文化・流派,思想・学問;戦争・軍事,,,,,鎌倉;江戸,
伏見城,伏(ふし)見(み)城(じょう),146,寺社・遺跡・場所,美術・建築,,,1594,1623,,
藤原京,藤(ふじ)原(わら)京(きょう),39,寺社・遺跡・場所,政治・政策,,,694,710,,
藤原氏,藤(ふじ)原(わら)氏(し),62,人物,政治・政策,日本,公家・貴族,669,1185,,
藤原将軍,藤(ふじ)原(わら)将(しょう)軍(ぐん),94,制度・役職,政治・政策,,,1226,1252,,
藤原惺窩,藤(ふじ)原(わら)惺(せい)窩(か),149;165,人物,思想・学問,日本,学者・思想家,1590,1619,,
藤原家隆,藤(ふじ)原(わらの)家(いえ)隆(たか),107,人物,文学,日本,公家・貴族,1200,1237,,
藤原緒嗣,藤(ふじ)原(わらの)緒(お)嗣(つぐ),56,人物,政治・政策,日本,公家・貴族,805,843,,
藤原兼家,藤(ふじ)原(わらの)兼(かね)家(いえ),64,人物,政治・政策,日本,公家・貴族,986,990,,
藤原兼通,藤(ふじ)原(わらの)兼(かね)通(みち),64,人物,政治・政策,日本,公家・貴族,972,977,,
藤原清衡,藤(ふじ)原(わらの)清(きよ)衡(ひら),77;80,人物,北方・アイヌ;政治・政策,日本,武家,1087,1128,,
藤原薬子,藤(ふじ)原(わらの)薬(くす)子(こ),57,人物,政変・事件・反乱;女性,日本,公家・貴族,806,810,,
藤原伊周,藤(ふじ)原(わらの)伊(これ)周(ちか),64,人物,政治・政策,日本,公家・貴族,994,996,,
藤原定家,藤(ふじ)原(わらの)定(さだ)家(いえ),107,人物,文学,日本,公家・貴族,1190,1241,,
藤原佐理,藤(ふじ)原(わらの)佐(すけ)理(まさ),67,人物,美術・建築,日本,公家・貴族,960,998,,
藤原純友,藤(ふじ)原(わらの)純(すみ)友(とも),73,人物,政変・事件・反乱,日本,公家・貴族,936,941,,
藤原純友の乱,藤(ふじ)原(わらの)純(すみ)友(とも)の乱(らん),74,事件・戦争・乱,政変・事件・反乱,,,939,941,,
藤原隆家,藤(ふじ)原(わらの)隆(たか)家(いえ),74,人物,対外関係;戦争・軍事,日本,公家・貴族,1019,1019,,
藤原隆信,藤(ふじ)原(わらの)隆(たか)信(のぶ),109,人物,美術・建築,日本,芸術家,1170,1205,,
藤原忠平,藤(ふじ)原(わらの)忠(ただ)平(ひら),63,人物,政治・政策,日本,公家・貴族,909,949,,
藤原種継,藤(ふじ)原(わらの)種(たね)継(つぐ),55,人物,政治・政策,日本,公家・貴族,784,785,,
藤原時平,藤(ふじ)原(わらの)時(とき)平(ひら),62,人物,政治・政策,日本,公家・貴族,897,909,,
藤原永手,藤(ふじ)原(わらの)永(なが)手(て),47,人物,政治・政策,日本,公家・貴族,766,771,,
藤原仲成,藤(ふじ)原(わらの)仲(なか)成(なり),57,人物,政変・事件・反乱,日本,公家・貴族,806,810,,
藤原仲麻呂,藤(ふじ)原(わらの)仲(なか)麻(ま)呂(ろ),46,人物,政治・政策,日本,公家・貴族,749,764,,
藤原成親,藤(ふじ)原(わらの)成(なり)親(ちか),90,人物,政変・事件・反乱,日本,公家・貴族,1177,1177,,要確認：ページ番号
藤原信実,藤(ふじ)原(わらの)信(のぶ)実(ざね),109,人物,美術・建築,日本,芸術家,1200,1265,,
藤原信頼,藤(ふじ)原(わらの)信(のぶ)頼(より),81,人物,政変・事件・反乱,日本,公家・貴族,1159,1160,,
藤原秀郷,藤(ふじ)原(わらの)秀(ひで)郷(さと),73,人物,戦争・軍事,日本,武家,940,940,,
藤原秀衡,藤(ふじ)原(わらの)秀(ひで)衡(ひら),80,人物,北方・アイヌ;政治・政策,日本,武家,1157,1187,,
藤原広嗣,藤(ふじ)原(わらの)広(ひろ)嗣(つぐ),46,人物,政変・事件・反乱,日本,公家・貴族,740,740,,
藤原不比等,藤(ふじ)原(わらの)不(ふ)比(ひ)等(と),39;45,人物,政治・政策;法制・制度,日本,公家・貴族,689,720,,
藤原冬嗣,藤(ふじ)原(わらの)冬(ふゆ)嗣(つぐ),57;62,人物,政治・政策,日本,公家・貴族,810,826,,
藤原道長,藤(ふじ)原(わらの)道(みち)長(なが),64,人物,政治・政策,日本,公家・貴族,995,1027,,
藤原通憲（信西）,藤(ふじ)原(わらの)通(みち)憲(のり)（信(しん)西(ぜい)）,81,人物,政治・政策,日本,公家・貴族,1156,1159,,
藤原基経,藤(ふじ)原(わらの)基(もと)経(つね),62,人物,政治・政策,日本,公家・貴族,872,891,,
藤原元命,藤(ふじ)原(わらの)元(もと)命(なが),71,人物,政治・政策,日本,公家・貴族,988,988,,
藤原基衡,藤(ふじ)原(わらの)基(もと)衡(ひら),80,人物,北方・アイヌ,日本,武家,1128,1157,,
藤原百川,藤(ふじ)原(わらの)百(もも)川(かわ),47,人物,政治・政策,日本,公家・貴族,770,779,,
藤原行成,藤(ふじ)原(わらの)行(こう)成(ぜい),68,人物,美術・建築,日本,公家・貴族,995,1027,,
藤原良房,藤(ふじ)原(わらの)良(よし)房(ふさ),62,人物,政治・政策,日本,公家・貴族,842,872,,
藤原頼経,藤(ふじ)原(わらの)頼(より)経(つね),94,人物,政治・政策,日本,公家・貴族,1226,1244,,
藤原頼長,藤(ふじ)原(わらの)頼(より)長(なが),81,人物,政変・事件・反乱,日本,公家・貴族,1150,1156,,
藤原頼通,藤(ふじ)原(わらの)頼(より)通(みち),64;68,人物,政治・政策,日本,公家・貴族,1017,1068,,
婦人参政権獲得期成同盟会,婦(ふ)人(じん)参(さん)政(せい)権(けん)獲(かく)得(とく)期(き)成(せい)同(どう)盟(めい)会(かい),276,組織・団体・政党,女性;社会運動,,,1924,1925,,
不戦条約,不(ふ)戦(せん)条(じょう)約(やく),302,条約・協定・会議,対外関係;条約・会議,,,1928,1928,,
譜代,譜(ふ)代(だい),155,その他,政治・政策,,,1600,1867,,
札差,札(ふだ)差(さし),204,その他,貨幣・金融;商業・流通・都市,,,,,江戸,
二葉亭四迷,二(ふた)葉(ば)亭(てい)四(し)迷(めい),290,人物,文学,日本,文学者,1887,1909,,
府知事,府(ふ)知(ち)事(じ),236,制度・役職,政治・政策,,,1871,1947,,
プチャーチン,プチャーチン,221,人物,対外関係,ロシア・ソ連,来日外国人;軍人,1853,1855,,
普通選挙法,普(ふ)通(つう)選(せん)挙(きょ)法(ほう),277,法令・政策,政治・政策;社会運動,,,1925,1925,,
仏教,仏(ぶっ)教(きょう),28,文化・流派,仏教,,,538,538,,
服忌令,服(ぶっ)忌(き)令(りょう),152;178,法令・政策,生活・風俗,,,1684,1684,,
復興金融金庫,復(ふっ)興(こう)金(きん)融(ゆう)金(きん)庫(こ),332,組織・団体・政党,貨幣・金融,,,1947,1952,,
復古神道,復(ふっ)古(こ)神(しん)道(とう),214,文化・流派,神道;思想・学問,,,1800,1868,,
武道伝来記,武(ぶ)道(どう)伝(でん)来(らい)記(き),188,書物・史料,文学,,,1687,1687,,
風土記,風(ふ)土(ど)記(き),51,書物・史料,思想・学問,,,713,733,,
太占の法,太(ふと)占(まに)の法(ほう),31,その他,神道,,,,,古墳,
船成金,船(ふな)成(なり)金(きん),295,その他,産業・工業,,,1915,1920,,
不入,不(ふ)入(にゅう),71,制度・役職,土地・税制,,,,,平安,
フビライ,フビライ,99,人物,対外関係;戦争・軍事,中国,国王・皇帝（外国）,1260,1294,,クビライとも
部分的核実験禁止条約,部(ぶ)分(ぶん)的(てき)核(かく)実(じっ)験(けん)禁(きん)止(し)条(じょう)約(やく),339,条約・協定・会議,戦争・軍事;条約・会議,,,1963,1963,,
富本銭,富(ふ)本(ほん)銭(せん),38;43,その他,貨幣・金融,,,683,683,,
踏車,踏(ふみ)車(ぐるま),179,その他,農林漁業,,,,,江戸,
負名,負(ふ)名(みょう),70,その他,土地・税制,,,,,平安,
夫役,夫(ぶ)役(やく),77,制度・役職,土地・税制,,,,,平安;鎌倉,
不輸,不(ふ)輸(ゆ),71,制度・役職,土地・税制,,,,,平安,
冬の時代,冬(ふゆ)の時(じ)代(だい),266;276,その他,社会運動,,,1910,1918,,
部落解放同盟,部(ぶ)落(らく)解(かい)放(ほう)同(どう)盟(めい),352,組織・団体・政党,社会運動;身分・社会構造,,,1955,1955,,
プラザ合意,プラザ合(ごう)意(い),358,条約・協定・会議,貨幣・金融;対外関係,,,1985,1985,,
フランシスコ＝ザビエル,フランシスコ＝ザビエル,139,人物,キリスト教,ポルトガル・スペイン,僧侶・宗教家;来日外国人,1549,1551,,
フランクリン＝ローズヴェルト,フランクリン＝ローズヴェルト,307;323,人物,対外関係;戦争・軍事,アメリカ,政治家,1933,1945,,
振売,振(ふり)売(うり),124;175,その他,商業・流通・都市,,,,,室町;江戸,
風流,風(ふ)流(りゅう),130,文化・流派,芸能,,,,,室町,
古河市兵衛,古(ふる)河(かわ)市(いち)兵(べ)衛(え),284,人物,産業・工業,日本,実業家,1877,1903,,
フルベッキ,フルベッキ,231,人物,教育;キリスト教,アメリカ,来日外国人,1859,1898,,
プレス＝コード,プレス＝コード,327,法令・政策,法制・制度,,,1945,1952,,
浮浪,浮(ふ)浪(ろう),47,その他,土地・税制;身分・社会構造,,,,,奈良,
ブロック経済圏,ブロック経(けい)済(ざい)圏(けん),307,その他,対外関係;貨幣・金融,,,1930,1939,,
プロレタリア文学（運動）,プロレタリア文(ぶん)学(がく)（運(うん)動(どう)）,299;315,文化・流派,文学;社会運動,,,1921,1934,,
文永の役,文(ぶん)永(えい)の役(えき),100,事件・戦争・乱,対外関係;戦争・軍事,,,1274,1274,,
文学界,文(ぶん)学(がく)界(かい),291,書物・史料,文学,,,1893,1898,,
文化財保護法,文(ぶん)化(か)財(ざい)保(ほ)護(ご)法(ほう),338,法令・政策,美術・建築,,,1950,1950,,
文化住宅,文(ぶん)化(か)住(じゅう)宅(たく),296,その他,生活・風俗,,,1920,1935,,
文華秀麗集,文(ぶん)華(か)秀(しゅう)麗(れい)集(しゅう),58,書物・史料,文学,,,818,818,,
文化大革命,文(ぶん)化(か)大(だい)革(かく)命(めい),339,事件・戦争・乱,対外関係,,,1966,1976,,
文化庁,文(ぶん)化(か)庁(ちょう),338,組織・団体・政党,美術・建築,,,1968,1968,,
分割相続,分(ぶん)割(かつ)相(そう)続(ぞく),97,制度・役職,身分・社会構造,,,,,鎌倉,
文官高等試験,文(ぶん)官(かん)高(こう)等(とう)試(し)験(けん),253,制度・役職,政治・政策,,,1893,1947,,
文官任用令改正,文(ぶん)官(かん)任(にん)用(よう)令(れい)改(かい)正(せい),261,法令・政策,政治・政策,,,1899,1899,,
文久の改革,文(ぶん)久(きゅう)の改(かい)革(かく),225,法令・政策,政治・政策,,,1862,1862,,
墳丘墓,墳(ふん)丘(きゅう)墓(ぼ),16,その他,考古,,,,,弥生,
文鏡秘府論,文(ぶん)鏡(きょう)秘(ひ)府(ふ)論(ろん),59,書物・史料,文学,,,820,820,,
文芸協会,文(ぶん)芸(げい)協(きょう)会(かい),291,組織・団体・政党,芸能;文学,,,1906,1913,,
分国,分(ぶん)国(こく),132,制度・役職,政治・政策,,,,,戦国,
分国法,分(ぶん)国(こく)法(ほう),134,法令・政策,法制・制度,,,,,戦国,
文人画,文(ぶん)人(じん)画(が),203;217,文化・流派,美術・建築,,,1750,1850,,
文治主義,文(ぶん)治(ち)主(しゅ)義(ぎ),178,法令・政策,政治・政策,,,1651,1716,,
分地制限令,分(ぶん)地(ち)制(せい)限(げん)令(れい),169,法令・政策,土地・税制;農林漁業,,,1673,1673,,
文展,文(ぶん)展(てん),293;299,その他,美術・建築,,,1907,1918,,
文明開化,文(ぶん)明(めい)開(かい)化(か),242,その他,生活・風俗;思想・学問,,,1868,1890,,
文明論之概略,文(ぶん)明(めい)論(ろんの)之(の)概(がい)略(りゃく),242,書物・史料,思想・学問,,,1875,1875,,
文禄の役,文(ぶん)禄(ろく)の役(えき),146,事件・戦争・乱,対外関係;戦争・軍事,,,1592,1593,,
部,部(べ),31,制度・役職,身分・社会構造,,,,,古墳,
平安京,平(へい)安(あん)京(きょう),55,寺社・遺跡・場所,政治・政策,,,794,794,,
平曲,平(へい)曲(きょく),107,文化・流派,芸能;文学,,,,,鎌倉;室町,
平家納経,平(へい)家(け)納(のう)経(きょう),85,作品,美術・建築;仏教,,,1164,1164,,
平家没官領,平(へい)家(け)没(もっ)官(かん)領(りょう),92,制度・役職,土地・税制,,,1183,1185,,
平家物語,平(へい)家(け)物(もの)語(がたり),107,書物・史料,文学,,,1220,1250,,
平治の乱,平(へい)治(じ)の乱(らん),81,事件・戦争・乱,政変・事件・反乱;戦争・軍事,,,1159,1160,,
平城京,平(へい)城(じょう)京(きょう),42,寺社・遺跡・場所,政治・政策,,,710,784,,
平城太上天皇の変,平(へい)城(ぜい)太(だい)上(じょう)天(てん)皇(のう)の変(へん),57,事件・戦争・乱,政変・事件・反乱,,,810,810,,薬子の変
平城天皇,平(へい)城(ぜい)天(てん)皇(のう),57,人物,政治・政策,日本,天皇・皇族,806,810,,
平成不況,平(へい)成(せい)不(ふ)況(きょう),361,事件・戦争・乱,貨幣・金融;産業・工業,,,1991,2002,,
米ソ対立,米(べい)ソ対(たい)立(りつ),325,その他,対外関係,,,1945,1989,,
兵農分離,兵(へい)農(のう)分(ぶん)離(り),145,法令・政策,身分・社会構造,,,1582,1598,,
平民,平(へい)民(みん),238,制度・役職,身分・社会構造,,,1869,1947,,
平民宰相,平(へい)民(みん)宰(さい)相(しょう),271,その他,政治・政策,,,1918,1921,,原敬のこと
平民新聞,平(へい)民(みん)新(しん)聞(ぶん),262,書物・史料,社会運動,,,1903,1905,,
平民的欧化主義,平(へい)民(みん)的(てき)欧(おう)化(か)主(しゅ)義(ぎ),251,文化・流派,思想・学問,,,1887,1895,,
平和主義,平(へい)和(わ)主(しゅ)義(ぎ),331,その他,法制・制度;戦争・軍事,,,1946,1946,,
北京議定書,北(ぺ)京(きん)議(ぎ)定(てい)書(しょ),262,条約・協定・会議,対外関係;条約・会議,,,1901,1901,,
ベトナム戦争,ベトナム戦(せん)争(そう),340;343,事件・戦争・乱,対外関係;戦争・軍事,,,1965,1975,,
ベトナム和平協定,ベトナム和(わ)平(へい)協(きょう)定(てい),354,条約・協定・会議,対外関係;条約・会議,,,1973,1973,,
ヘボン,ヘボン,231,人物,教育;キリスト教,アメリカ,来日外国人,1859,1892,,
ペリー,ペリー,221,人物,対外関係,アメリカ,軍人;来日外国人,1853,1854,,
ベルツ,ベルツ,290,人物,思想・学問,ドイツ,来日外国人;学者・思想家,1876,1905,,
ペレストロイカ,ペレストロイカ,359,その他,対外関係,,,1985,1991,,
弁韓,弁(べん)韓(かん),26,国・地域・王朝,対外関係,,,,,弥生;古墳,
変動相場制,変(へん)動(どう)相(そう)場(ば)制(せい),353,制度・役職,貨幣・金融,,,1973,1973,,
保,保(ほ),77,制度・役職,土地・税制,,,,,平安,
ボアソナード,ボアソナード,254,人物,法制・制度,フランス,来日外国人;学者・思想家,1873,1895,,
保安条例,保(ほ)安(あん)条(じょう)例(れい),251,法令・政策,社会運動;法制・制度,,,1887,1887,,
保安隊,保(ほ)安(あん)隊(たい),340,組織・団体・政党,戦争・軍事,,,1952,1954,,
防衛庁,防(ぼう)衛(えい)庁(ちょう),340,組織・団体・政党,戦争・軍事,,,1954,2007,,
貿易摩擦,貿(ぼう)易(えき)摩(ま)擦(さつ),357,事件・戦争・乱,対外関係;産業・工業,,,1970,1995,,
法皇,法(ほう)皇(おう),79,制度・役職,政治・政策;仏教,,,,,平安;鎌倉,
俸給生活者,俸(ほう)給(きゅう)生(せい)活(かつ)者(しゃ),295,その他,生活・風俗;労働運動,,,1915,1935,,
方形周溝墓,方(ほう)形(けい)周(しゅう)溝(こう)墓(ぼ),15,その他,考古,,,,,弥生,
封建制度,封(ほう)建(けん)制(せい)度(ど),93,制度・役職,政治・政策;身分・社会構造,,,1185,1867,,
保元の乱,保(ほう)元(げん)の乱(らん),81,事件・戦争・乱,政変・事件・反乱;戦争・軍事,,,1156,1156,,
房戸,房(ぼう)戸(こ),40,制度・役職,土地・税制,,,,,奈良,
奉公,奉(ほう)公(こう),92,制度・役職,身分・社会構造,,,1185,1333,,
法興寺,法(ほう)興(こう)寺(じ),35,寺社・遺跡・場所,仏教,,,596,596,,飛鳥寺
奉公衆,奉(ほう)公(こう)衆(しゅう),115,制度・役職,戦争・軍事,,,,,室町,
防穀令,防(ぼう)穀(こく)令(れい),258,法令・政策,対外関係,,,1889,1889,,
保司,保(ほう)司(し),77,制度・役職,土地・税制,,,,,平安,ほし とも読む（索引に2か所）
保司,保(ほ)司(し),77,制度・役職,土地・税制,,,,,平安,ほうし とも読む（索引に2か所）
宝治合戦,宝(ほう)治(じ)合(かっ)戦(せん),97,事件・戦争・乱,政変・事件・反乱,,,1247,1247,,
北条氏綱,北(ほう)条(じょう)氏(うじ)綱(つな),132,人物,戦争・軍事,日本,武家,1519,1541,,
北条氏康,北(ほう)条(じょう)氏(うじ)康(やす),132,人物,戦争・軍事,日本,武家,1541,1571,,
方丈記,方(ほう)丈(じょう)記(き),107,書物・史料,文学,,,1212,1212,,
北条氏,北(ほう)条(じょう)氏(し),94,人物,政治・政策,日本,武家,1180,1333,,
北条早雲,北(ほう)条(じょう)早(そう)雲(うん),132,人物,戦争・軍事,日本,武家,1493,1519,,伊勢宗瑞
北条高時,北(ほう)条(じょう)高(たか)時(とき),110,人物,政治・政策,日本,武家,1316,1333,,
北条時房,北(ほう)条(じょう)時(とき)房(ふさ),94,人物,政治・政策,日本,武家,1221,1240,,
北条時政,北(ほう)条(じょう)時(とき)政(まさ),94,人物,政治・政策,日本,武家,1203,1205,,
北条時宗,北(ほう)条(じょう)時(とき)宗(むね),99,人物,政治・政策;対外関係,日本,武家,1268,1284,,
北条時行,北(ほう)条(じょう)時(とき)行(ゆき),112,人物,政変・事件・反乱,日本,武家,1335,1353,,
北条時頼,北(ほう)条(じょう)時(とき)頼(より),96,人物,政治・政策,日本,武家,1246,1256,,
北条政子,北(ほう)条(じょう)政(まさ)子(こ),94,人物,政治・政策;女性,日本,武家,1199,1225,,
北条泰時,北(ほう)条(じょう)泰(やす)時(とき),94,人物,政治・政策;法制・制度,日本,武家,1224,1242,,
北条義時,北(ほう)条(じょう)義(よし)時(とき),94,人物,政治・政策,日本,武家,1205,1224,,
奉書船,奉(ほう)書(しょ)船(せん),162,その他,対外関係,,,1631,1635,,
奉天会戦,奉(ほう)天(てん)会(かい)戦(せん),263,事件・戦争・乱,戦争・軍事,,,1905,1905,,
報徳仕法,報(ほう)徳(とく)仕(し)法(ほう),211,法令・政策,農林漁業,,,1820,1856,,
法然,法(ほう)然(ねん),104,人物,仏教,日本,僧侶・宗教家,1175,1212,,
方墳,方(ほう)墳(ふん),24,その他,考古,,,,,古墳,
法隆寺,法(ほう)隆(りゅう)寺(じ),36,寺社・遺跡・場所,仏教;美術・建築,,,607,607,,
法隆寺金堂壁画,法(ほう)隆(りゅう)寺(じ)金(こん)堂(どう)壁(へき)画(が),49,作品,美術・建築;仏教,,,700,700,,
宝暦事件,宝(ほう)暦(れき)事(じ)件(けん),197;199,事件・戦争・乱,思想・学問;政変・事件・反乱,,,1758,1758,,
俸禄制度,俸(ほう)禄(ろく)制(せい)度(ど),157,制度・役職,身分・社会構造,,,,,江戸,
北越雪譜,北(ほく)越(えつ)雪(せっ)譜(ぷ),217,書物・史料,文学,,,1837,1842,,
北槎聞略,北(ほく)槎(さ)聞(ぶん)略(りゃく),206,書物・史料,対外関係,,,1794,1794,,
北清事変,北(ほく)清(しん)事(じ)変(へん),262,事件・戦争・乱,対外関係;戦争・軍事,,,1900,1901,,
北朝,北(ほく)朝(ちょう),112,その他,政治・政策,,,1336,1392,,
北爆,北(ほく)爆(ばく),340,事件・戦争・乱,対外関係;戦争・軍事,,,1965,1968,,
北伐,北(ほく)伐(ばつ),302,事件・戦争・乱,対外関係,,,1926,1928,,
穂首刈り,穂(ほ)首(くび)刈(が)り,14,その他,農林漁業;考古,,,,,弥生,
北部仏印進駐,北(ほく)部(ぶ)仏(ふつ)印(いん)進(しん)駐(ちゅう),317,事件・戦争・乱,対外関係;戦争・軍事,,,1940,1940,,
北面の武士,北(ほく)面(めん)の武(ぶ)士(し),78,制度・役職,戦争・軍事,,,1095,1221,,
北嶺,北(ほく)嶺(れい),80,寺社・遺跡・場所,仏教,,,,,平安,
干鰯,干(ほし)鰯(か),181,その他,農林漁業,,,,,江戸,
保科正之,保(ほ)科(しな)正(まさ)之(ゆき),176,人物,政治・政策,日本,武家,1651,1672,,
保守合同,保(ほ)守(しゅ)合(ごう)同(どう),341,事件・戦争・乱,政治・政策,,,1955,1955,,
戊戌夢物語,戊(ぼ)戌(じゅつ)夢(ゆめ)物(もの)語(がたり),209,書物・史料,対外関係;思想・学問,,,1838,1838,,
戊申詔書,戊(ぼ)申(しん)詔(しょう)書(しょ),266,法令・政策,政治・政策,,,1908,1908,,
戊辰戦争,戊(ぼ)辰(しん)戦(せん)争(そう),228,事件・戦争・乱,戦争・軍事,,,1868,1869,,
細川勝元,細(ほそ)川(かわ)勝(かつ)元(もと),122,人物,政治・政策;戦争・軍事,日本,武家,1445,1473,,
細川重賢,細(ほそ)川(かわ)重(しげ)賢(かた),206,人物,政治・政策,日本,武家,1747,1785,,
細川護熙,細(ほそ)川(かわ)護(もり)熙(ひろ),360,人物,政治・政策,日本,政治家,1993,1994,,
渤海,渤(ぼっ)海(かい),42;65,国・地域・王朝,対外関係,,,698,926,,
北海道旧土人保護法,北(ほっ)海(かい)道(どう)旧(きゅう)土(ど)人(じん)保(ほ)護(ご)法(ほう),241,法令・政策,北方・アイヌ,,,1899,1997,,
北海道,北(ほっ)海(かい)道(どう),241,国・地域・王朝,北方・アイヌ,,,1869,1869,,
北家（藤原氏）,北(ほっ)家(け)（藤(ふじ)原(わら)氏(し)）,62,人物,政治・政策,日本,公家・貴族,800,1185,,
法華一揆,法(ほっ)華(け)一(いっ)揆(き),132,事件・戦争・乱,仏教;一揆・打ちこわし,,,1532,1536,,
法華宗,法(ほっ)華(け)宗(しゅう),105,文化・流派,仏教,,,1253,1253,,日蓮宗
法勝寺,法(ほっ)勝(しょう)寺(じ),78,寺社・遺跡・場所,仏教,,,1077,1077,,
法相宗,法(ほっ)相(そう)宗(しゅう),52,文化・流派,仏教,,,,,奈良,
掘立柱住居,掘(ほっ)立(たて)柱(ばしら)住(じゅう)居(きょ),47,その他,生活・風俗;考古,,,,,奈良,
堀田正俊,堀(ほっ)田(た)正(まさ)俊(とし),177,人物,政治・政策,日本,武家,1680,1684,,
堀田正睦,堀(ほっ)田(た)正(まさ)睦(よし),222,人物,政治・政策;対外関係,日本,武家,1855,1858,,
ポツダム宣言,ポツダム宣(せん)言(げん),324,条約・協定・会議,対外関係;戦争・軍事,,,1945,1945,,
ポツダム勅令,ポツダム勅(ちょく)令(れい),326,法令・政策,法制・制度,,,1945,1952,,
ポーツマス条約,ポーツマス条(じょう)約(やく),263,条約・協定・会議,対外関係;条約・会議,,,1905,1905,,
穂積八束,穂(ほ)積(づみ)八(やつ)束(か),254,人物,法制・制度,日本,学者・思想家,1891,1912,,
棒手振,棒(ぼ)手(て)振(ふり),195,その他,商業・流通・都市,,,,,江戸,
ホトトギス,ホトトギス,291,書物・史料,文学,,,1897,1897,,
堀河天皇,堀(ほり)河(かわ)天(てん)皇(のう),77,人物,政治・政策,日本,天皇・皇族,1086,1107,,
堀越公方,堀(ほり)越(ごえ)公(く)方(ぼう),132,制度・役職,政治・政策,,,1457,1491,,
本阿弥光悦,本(ほん)阿(あ)弥(み)光(こう)悦(えつ),166,人物,美術・建築,日本,芸術家,1600,1637,,
盆踊り,盆(ぼん)踊(おど)り,130,その他,芸能;生活・風俗,,,,,室町,
本願寺,本(ほん)願(がん)寺(じ),141,寺社・遺跡・場所,仏教,,,1321,1580,,
本家,本(ほん)家(け),71,制度・役職,土地・税制,,,,,平安;鎌倉,
本山・本寺,本(ほん)山(ざん)・本(ほん)寺(じ),160,制度・役職,仏教,,,,,江戸,
本地垂迹説,本(ほん)地(じ)垂(すい)迹(じゃく)説(せつ),66,文化・流派,神道;仏教,,,,,平安,
本所,本(ほん)所(じょ),71,制度・役職,土地・税制,,,,,平安;鎌倉,
本陣,本(ほん)陣(じん),183,寺社・遺跡・場所,商業・流通・都市,,,,,江戸,
本草学,本(ほん)草(ぞう)学(がく),189,文化・流派,思想・学問,,,,,江戸,
本多光太郎,本(ほん)多(だ)光(こう)太(た)郎(ろう),298,人物,思想・学問,日本,学者・思想家,1917,1954,,
本多利明,本(ほん)多(だ)利(とし)明(あき),214,人物,思想・学問,日本,学者・思想家,1798,1821,,
本朝十二銭,本(ほん)朝(ちょう)十(じゅう)二(に)銭(せん),43;63,その他,貨幣・金融,,,708,958,,
本土空襲,本(ほん)土(ど)空(くう)襲(しゅう),322,事件・戦争・乱,戦争・軍事,,,1944,1945,,
本途物成,本(ほん)途(と)物(もの)成(なり),169,制度・役職,土地・税制,,,,,江戸,
本能寺の変,本(ほん)能(のう)寺(じ)の変(へん),142,事件・戦争・乱,政変・事件・反乱,,,1582,1582,,
本百姓,本(ほん)百(びゃく)姓(しょう),169,その他,身分・社会構造;農林漁業,,,,,江戸,
本末制度,本(ほん)末(まつ)制(せい)度(ど),160,制度・役職,仏教,,,,,江戸,
本領安堵,本(ほん)領(りょう)安(あん)堵(ど),92,制度・役職,土地・税制;身分・社会構造,,,1185,1333,,
本両替,本(ほん)両(りょう)替(がえ),184,その他,貨幣・金融,,,,,江戸,
前島密,前(まえ)島(じま)密(ひそか),240,人物,産業・工業,日本,政治家,1871,1881,,
前田綱紀,前(まえ)田(だ)綱(つな)紀(のり),177,人物,政治・政策,日本,武家,1645,1723,,
前田利家,前(まえ)田(だ)利(とし)家(いえ),146,人物,政治・政策;戦争・軍事,日本,武家,1583,1599,,
前野良沢,前(まえ)野(の)良(りょう)沢(たく),198,人物,思想・学問,日本,学者・思想家,1771,1803,,
前原一誠,前(まえ)原(ばら)一(いっ)誠(せい),247,人物,政変・事件・反乱,日本,政治家,1868,1876,,
蒔絵,蒔(まき)絵(え),67,文化・流派,美術・建築,,,,,平安,
巻狩,巻(まき)狩(がり),98,その他,戦争・軍事;生活・風俗,,,,,鎌倉,
牧野伸顕,牧(まき)野(の)伸(のぶ)顕(あき),272,人物,対外関係;政治・政策,日本,政治家,1906,1935,,
纒向遺跡,纒(まき)向(むく)遺(い)跡(せき),19,寺社・遺跡・場所,考古,,,,,弥生;古墳,
枕草子,枕(まくらの)草(そう)子(し),66,書物・史料,文学,,,1001,1001,,
正岡子規,正(まさ)岡(おか)子(し)規(き),291,人物,文学,日本,文学者,1892,1902,,
正宗,正(まさ)宗(むね),109,人物,美術・建築,日本,芸術家,1300,1340,,
増田長盛,増(まし)田(た)長(なが)盛(もり),146,人物,政治・政策,日本,武家,1585,1600,,
マーシャル＝プラン,マーシャル＝プラン,333,法令・政策,対外関係;貨幣・金融,,,1947,1951,,
増鏡,増(ます)鏡(かがみ),125,書物・史料,文学,,,1368,1376,,
益田時貞,益(ます)田(だ)時(とき)貞(さだ),159,人物,一揆・打ちこわし;キリスト教,日本,その他,1637,1638,,天草四郎時貞
磨製石器,磨(ま)製(せい)石(せっ)器(き),7;9,その他,考古,,,,,縄文,
町方,町(まち)方(かた),170,その他,商業・流通・都市,,,,,江戸,
町年寄,町(まち)年(どし)寄(より),172,制度・役職,商業・流通・都市,,,,,江戸,
町火消,町(まち)火(び)消(けし),193,制度・役職,生活・風俗,,,1720,1867,,
町奉行,町(まち)奉(ぶ)行(ぎょう),156,制度・役職,政治・政策;法制・制度,,,,,江戸,
松岡洋右,松(まつ)岡(おか)洋(よう)右(すけ),307,人物,対外関係,日本,政治家,1933,1941,,
松尾多勢子,松(まつ)尾(お)多(た)勢(せ)子(こ),214,人物,思想・学問;女性,日本,その他,1860,1868,,
松尾芭蕉,松(まつ)尾(お)芭(ば)蕉(しょう),188,人物,文学,日本,文学者,1672,1694,,
マッカーサー,マッカーサー,326,人物,政治・政策;戦争・軍事,アメリカ,軍人;来日外国人,1945,1951,,
マッカーサー草案,マッカーサー草(そう)案(あん),330,書物・史料,法制・制度,,,1946,1946,,
松方正義,松(まつ)方(かた)正(まさ)義(よし),249;255;260;280,人物,貨幣・金融;政治・政策,日本,政治家,1881,1898,,
松川事件,松(まつ)川(かわ)事(じ)件(けん),335,事件・戦争・乱,政変・事件・反乱,,,1949,1949,,
末期養子,末(まつ)期(ご)養(よう)子(し),176,制度・役職,身分・社会構造,,,1651,1651,,
末寺,末(まつ)寺(じ),160,寺社・遺跡・場所,仏教,,,,,江戸,
松平容保,松(まつ)平(だいら)容(かた)保(もり),225,人物,政治・政策,日本,武家,1862,1868,,
松平定信,松(まつ)平(だいら)定(さだ)信(のぶ),204,人物,政治・政策,日本,武家,1787,1793,,
松平慶永,松(まつ)平(だいら)慶(よし)永(なが),213;225,人物,政治・政策,日本,武家,1838,1868,,
松永貞徳,松(まつ)永(なが)貞(てい)徳(とく),167,人物,文学,日本,文学者,1620,1653,,
松永久秀,松(まつ)永(なが)久(ひさ)秀(ひで),132,人物,戦争・軍事,日本,武家,1560,1577,,
末法思想,末(まっ)法(ぽう)思(し)想(そう),67,文化・流派,仏教,,,1052,1100,,
松前氏,松(まつ)前(まえ)氏(し),164,人物,北方・アイヌ,日本,武家,1604,1868,,
松前奉行,松(まつ)前(まえ)奉(ぶ)行(ぎょう),207,制度・役職,北方・アイヌ,,,1807,1821,,
松村月溪,松(まつ)村(むら)月(げっ)溪(けい),217,人物,美術・建築,日本,芸術家,1780,1811,,呉春
松本烝治,松(まつ)本(もと)烝(じょう)治(じ),330,人物,法制・制度,日本,政治家,1945,1946,,
松本清張,松(まつ)本(もと)清(せい)張(ちょう),350,人物,文学,日本,文学者,1953,1992,,
間部詮房,間(ま)部(なべ)詮(あき)房(ふさ),179,人物,政治・政策,日本,武家,1709,1716,,
マニュファクチュア,マニュファクチュア,212,その他,産業・工業,,,1800,1860,,工場制手工業
間宮林蔵,間(ま)宮(みや)林(りん)蔵(ぞう),207,人物,北方・アイヌ,日本,武家,1808,1809,,
豆板銀,豆(まめ)板(いた)銀(ぎん),184,その他,貨幣・金融,,,1601,1868,,
マルクス主義,マルクス主(しゅ)義(ぎ),298,文化・流派,思想・学問;社会運動,,,1920,1935,,
円山応挙,円(まる)山(やま)応(おう)挙(きょ),203,人物,美術・建築,日本,芸術家,1765,1795,,
丸山真男,丸(まる)山(やま)真(ま)男(さお),337,人物,思想・学問,日本,学者・思想家,1946,1996,,
万延貨幣改鋳,万(まん)延(えん)貨(か)幣(へい)改(かい)鋳(ちゅう),224,法令・政策,貨幣・金融,,,1860,1860,,
満韓交換,満(まん)韓(かん)交(こう)換(かん),262,その他,対外関係,,,1900,1903,,
満洲国,満(まん)洲(しゅう)国(こく),307,国・地域・王朝,対外関係;植民地,,,1932,1945,,
満洲事変,満(まん)洲(しゅう)事(じ)変(へん),305,事件・戦争・乱,対外関係;戦争・軍事,,,1931,1933,,
満洲某重大事件,満(まん)洲(しゅう)某(ぼう)重(じゅう)大(だい)事(じ)件(けん),303,事件・戦争・乱,対外関係;政変・事件・反乱,,,1928,1928,,張作霖爆殺事件
曼荼羅,曼(まん)荼(だ)羅(ら),61,作品,美術・建築;仏教,,,,,平安,
満鉄,満(まん)鉄(てつ),265,組織・団体・政党,植民地;産業・工業,,,1906,1945,,南満洲鉄道株式会社
政所［鎌倉］,政(まん)所(どころ)［鎌(かま)倉(くら)］,92,制度・役職,政治・政策,,,1191,1333,,
政所［室町］,政(まん)所(どころ)［室(むろ)町(まち)］,114,制度・役職,政治・政策;貨幣・金融,,,1336,1573,,
万福寺,万(まん)福(ぷく)寺(じ),160,寺社・遺跡・場所,仏教,,,1661,1661,,
満蒙の危機,満(まん)蒙(もう)の危(き)機(き),305,その他,対外関係,,,1930,1931,,
万葉集,万(まん)葉(よう)集(しゅう),51,書物・史料,文学,,,759,780,,
万葉代匠記,万(まん)葉(よう)代(だい)匠(しょう)記(き),190,書物・史料,文学;思想・学問,,,1690,1690,,
三池争議,三(み)池(いけ)争(そう)議(ぎ),347,事件・戦争・乱,労働運動,,,1959,1960,,
三井寺,三(み)井(い)寺(でら),60,寺社・遺跡・場所,仏教,,,,,平安,園城寺
御内人,御(み)内(うち)人(びと),100,その他,身分・社会構造;政治・政策,,,1250,1333,,
三浦按針,三(み)浦(うら)按(あん)針(じん),160,人物,対外関係,イギリス,来日外国人,1600,1620,,ウィリアム＝アダムズ
三浦梧楼,三(み)浦(うら)梧(ご)楼(ろう),260,人物,対外関係,日本,軍人;政治家,1895,1895,,
三浦泰村,三(み)浦(うら)泰(やす)村(むら),97,人物,政変・事件・反乱,日本,武家,1238,1247,,
三浦義澄,三(み)浦(うら)義(よし)澄(ずみ),94,人物,政治・政策,日本,武家,1180,1200,,
三木武夫,三(み)木(き)武(たけ)夫(お),355,人物,政治・政策,日本,政治家,1974,1976,,
三島通庸,三(み)島(しま)通(みち)庸(つね),250,人物,政治・政策,日本,政治家,1882,1888,,
三島由紀夫,三(み)島(しま)由(ゆ)紀(き)夫(お),350,人物,文学,日本,文学者,1949,1970,,
水城,水(みず)城(き),38,寺社・遺跡・場所,戦争・軍事;対外関係,,,664,664,,
水野忠邦,水(みず)野(の)忠(ただ)邦(くに),209,人物,政治・政策,日本,武家,1834,1845,,
水呑,水(みず)呑(のみ),169,その他,身分・社会構造;農林漁業,,,,,江戸,
見世棚,見(み)世(せ)棚(だな),101;124,その他,商業・流通・都市,,,,,鎌倉;室町,
禊,禊(みそぎ),30,その他,神道,,,,,古墳,
溝口健二,溝(みぞ)口(ぐち)健(けん)二(じ),338,人物,芸能,日本,芸術家,1923,1956,,
美空ひばり,美(み)空(そら)ひばり,338,人物,芸能,日本,芸術家,1949,1989,,
三鷹事件,三(み)鷹(たか)事(じ)件(けん),335,事件・戦争・乱,政変・事件・反乱,,,1949,1949,,
三谷,三(み)谷(たに),184,組織・団体・政党,貨幣・金融;商業・流通・都市,,,,,江戸,
三井合名会社,三(みつ)井(い)合(ごう)名(めい)会(がい)社(しゃ),284,組織・団体・政党,産業・工業,,,1909,1940,,
三井高利,三(みつ)井(い)高(たか)利(とし),184,人物,商業・流通・都市,日本,実業家,1673,1694,,
密教,密(みっ)教(きょう),58,文化・流派,仏教,,,,,平安,
密教芸術,密(みっ)教(きょう)芸(げい)術(じゅつ),60,文化・流派,美術・建築;仏教,,,,,平安,
ミッドウェー海戦,ミッドウェー海(かい)戦(せん),320,事件・戦争・乱,戦争・軍事,,,1942,1942,,
三蔵,三(みつの)蔵(くら),33,制度・役職,政治・政策,,,,,古墳,
三菱,三(みつ)菱(びし),241,組織・団体・政党,産業・工業,,,1873,1945,,
三菱長崎造船所,三(みつ)菱(びし)長(なが)崎(さき)造(ぞう)船(せん)所(じょ),283,組織・団体・政党,産業・工業,,,1887,1887,,
御堂関白記,御(み)堂(どう)関(かん)白(ぱく)記(き),69,書物・史料,政治・政策,,,998,1021,,
水戸学,水(み)戸(と)学(がく),199;214,文化・流派,思想・学問,,,1657,1867,,
水無瀬三吟百韻,水(み)無(な)瀬(せ)三(さん)吟(ぎん)百(ひゃく)韻(いん),130,作品,文学,,,1488,1488,,
港川人,港(みなと)川(がわ)人(じん),7,その他,考古;琉球・沖縄,,,,,旧石器,
南淵請安,南(みなみ)淵(ぶちの)請(しょう)安(あん),34,人物,思想・学問;対外関係,日本,学者・思想家,608,640,,
水俣病,水(みな)俣(また)病(びょう),352,事件・戦争・乱,公害・環境・災害,,,1956,1973,,
南満洲鉄道株式会社,南(みなみ)満(まん)洲(しゅう)鉄(てつ)道(どう)株(かぶ)式(しき)会(がい)社(しゃ),265,組織・団体・政党,植民地;産業・工業,,,1906,1945,,満鉄
源実朝,源(みなもとの)実(さね)朝(とも),94,人物,政治・政策;文学,日本,武家,1203,1219,,
源高明,源(みなもとの)高(たか)明(あきら),63,人物,政変・事件・反乱,日本,公家・貴族,969,969,,
源為義,源(みなもとの)為(ため)義(よし),81,人物,戦争・軍事,日本,武家,1156,1156,,
源経基,源(みなもとの)経(つね)基(もと),73,人物,戦争・軍事,日本,武家,939,961,,
源範頼,源(みなもとの)範(のり)頼(より),91,人物,戦争・軍事,日本,武家,1184,1193,,
源信,源(みなもとの)信(まこと),62,人物,政変・事件・反乱,日本,公家・貴族,866,866,,
源満仲,源(みなもとの)満(みつ)仲(なか),74,人物,戦争・軍事,日本,武家,969,997,,
源義家,源(みなもとの)義(よし)家(いえ),77;80,人物,戦争・軍事,日本,武家,1062,1106,,
源義親,源(みなもとの)義(よし)親(ちか),80,人物,政変・事件・反乱,日本,武家,1101,1108,,
源義経,源(みなもとの)義(よし)経(つね),91,人物,戦争・軍事,日本,武家,1180,1189,,
源義朝,源(みなもとの)義(よし)朝(とも),81,人物,戦争・軍事,日本,武家,1156,1160,,
源義仲,源(みなもとの)義(よし)仲(なか),90,人物,戦争・軍事,日本,武家,1180,1184,,
源頼家,源(みなもとの)頼(より)家(いえ),94,人物,政治・政策,日本,武家,1202,1203,,
源頼朝,源(みなもとの)頼(より)朝(とも),90,人物,政治・政策;戦争・軍事,日本,武家,1180,1199,,
源頼信,源(みなもとの)頼(より)信(のぶ),74,人物,戦争・軍事,日本,武家,1028,1031,,
源頼政,源(みなもとの)頼(より)政(まさ),90,人物,戦争・軍事,日本,武家,1180,1180,,
源頼光,源(みなもとの)頼(より)光(みつ),74,人物,戦争・軍事,日本,武家,980,1021,,
源頼義,源(みなもとの)頼(より)義(よし),77,人物,戦争・軍事,日本,武家,1051,1062,,
見沼代用水,見(み)沼(ぬま)代(だい)用(よう)水(すい),172,その他,農林漁業,,,1728,1728,,
美濃部達吉,美(み)濃(の)部(べ)達(たつ)吉(きち),267;309,人物,法制・制度;思想・学問,日本,学者・思想家,1912,1935,,
美濃部亮吉,美(み)濃(の)部(べ)亮(りょう)吉(きち),352,人物,政治・政策,日本,政治家,1967,1979,,
壬生車塚古墳,壬(み)生(ぶ)車(くるま)塚(づか)古(こ)墳(ふん),32,寺社・遺跡・場所,考古,,,,,古墳;飛鳥,
任那,任(み)那(まな),26,国・地域・王朝,対外関係,,,,,古墳,
屯倉,屯(み)倉(やけ),32,制度・役職,土地・税制,,,,,古墳,
三宅雪嶺,三(み)宅(やけ)雪(せつ)嶺(れい),251,人物,思想・学問,日本,学者・思想家,1888,1945,,
宮座,宮(みや)座(ざ),119,組織・団体・政党,神道;身分・社会構造,,,,,室町,
宮崎安貞,宮(みや)崎(ざき)安(やす)貞(さだ),180;189,人物,農林漁業,日本,学者・思想家,1697,1697,,
宮崎友禅,宮(みや)崎(ざき)友(ゆう)禅(ぜん),191,人物,美術・建築,日本,芸術家,1680,1710,,
宮沢喜一,宮(みや)沢(ざわ)喜(き)一(いち),360,人物,政治・政策,日本,政治家,1991,1993,,
名,名(みょう),70;77,制度・役職,土地・税制,,,,,平安;鎌倉,
明恵,明(みょう)恵(え),106,人物,仏教,日本,僧侶・宗教家,1206,1232,,高弁
冥加,冥(みょう)加(が),197,制度・役職,土地・税制;商業・流通・都市,,,1767,1786,,
苗字,苗(みょう)字(じ),167,制度・役職,身分・社会構造,,,,,江戸,
名主,名(みょう)主(しゅ),77,その他,身分・社会構造;土地・税制,,,,,平安;鎌倉,
明星,明(みょう)星(じょう),291,書物・史料,文学,,,1900,1908,,
妙心寺,妙(みょう)心(しん)寺(じ),131,寺社・遺跡・場所,仏教,,,1337,1337,,
三好長慶,三(み)好(よし)長(なが)慶(よし),132,人物,戦争・軍事;政治・政策,日本,武家,1549,1564,,
三善康信,三(み)善(よし)康(やす)信(のぶ),92,人物,政治・政策,日本,公家・貴族,1184,1221,,
旻,旻(みん),34,人物,思想・学問;政治・政策,日本,僧侶・宗教家,608,653,,
明,明(みん),116;138,国・地域・王朝,対外関係,,,1368,1644,,
民会,民(みん)会(かい),248,組織・団体・政党,政治・政策;社会運動,,,1872,1878,,
民主社会党,民(みん)主(しゅ)社(しゃ)会(かい)党(とう),344,組織・団体・政党,政治・政策,,,1960,1994,,
民主自由党,民(みん)主(しゅ)自(じ)由(ゆう)党(とう),334,組織・団体・政党,政治・政策,,,1948,1950,,
民主党,民(みん)主(しゅ)党(とう),363,組織・団体・政党,政治・政策,,,1996,2016,,
明銭,明(みん)銭(せん),124,その他,貨幣・金融;対外関係,,,,,室町;戦国,
民撰議院設立の建白書,民(みん)撰(せん)議(ぎ)院(いん)設(せつ)立(りつ)の建(けん)白(ぱく)書(しょ),246,書物・史料,社会運動;政治・政策,,,1874,1874,,
民俗学,民(みん)俗(ぞく)学(がく),298,文化・流派,思想・学問,,,1910,1950,,
明兆,明(みん)兆(ちょう),126,人物,美術・建築;仏教,日本,芸術家,1380,1431,,
民党,民(みん)党(とう),255,組織・団体・政党,政治・政策,,,1890,1898,,
民部省札,民(みん)部(ぶ)省(しょう)札(さつ),239,その他,貨幣・金融,,,1869,1869,,
民法典論争,民(みん)法(ぽう)典(てん)論(ろん)争(そう),254,事件・戦争・乱,法制・制度,,,1889,1892,,
民本主義,民(みん)本(ぽん)主(しゅ)義(ぎ),271,文化・流派,思想・学問;社会運動,,,1916,1925,,
民約訳解,民(みん)約(やく)訳(やっ)解(かい),242,書物・史料,思想・学問,,,1882,1882,,
民友社,民(みん)友(ゆう)社(しゃ),251,組織・団体・政党,思想・学問,,,1887,1933,,
無学祖元,無(む)学(がく)祖(そ)元(げん),106,人物,仏教,中国,僧侶・宗教家;来日外国人,1279,1286,,
麦と兵隊,麦(むぎ)と兵(へい)隊(たい),315,書物・史料,文学;戦争・軍事,,,1938,1938,,
向ヶ岡貝塚,向(むこう)ヶ(が)岡(おか)貝(かい)塚(づか),14,寺社・遺跡・場所,考古,,,,,弥生,
無産政党,無(む)産(さん)政(せい)党(とう),301,組織・団体・政党,社会運動;政治・政策,,,1925,1940,,
武者小路実篤,武(む)者(しゃの)小(こう)路(じ)実(さね)篤(あつ),298,人物,文学,日本,文学者,1910,1976,,
無宿人,無(む)宿(しゅく)人(にん),204,その他,身分・社会構造,,,,,江戸,
無制限潜水艦作戦,無(む)制(せい)限(げん)潜(せん)水(すい)艦(かん)作(さく)戦(せん),269,事件・戦争・乱,戦争・軍事,,,1917,1917,,
夢窓疎石,夢(む)窓(そう)疎(そ)石(せき),126,人物,仏教,日本,僧侶・宗教家,1325,1351,,
無高,無(む)高(だか),169,その他,身分・社会構造;農林漁業,,,,,江戸,
陸奥将軍府,陸(む)奥(つ)将(しょう)軍(ぐん)府(ふ),111,制度・役職,政治・政策,,,1333,1335,,
陸奥宗光,陸(む)奥(つ)宗(むね)光(みつ),257,人物,対外関係,日本,政治家,1892,1897,,
陸奥話記,陸(む)奥(つ)話(わ)記(き),83,書物・史料,文学,,,1062,1100,,
宗像大社,宗(むな)像(かた)大(たい)社(しゃ),30,寺社・遺跡・場所,神道,,,,,古墳,
無二念打払令,無(む)二(に)念(ねん)打(うち)払(はらい)令(れい),207,法令・政策,対外関係,,,1825,1825,,異国船打払令
宗尊親王,宗(むね)尊(たか)親(しん)王(のう),97,人物,政治・政策,日本,天皇・皇族,1252,1266,,
棟別銭,棟(むね)別(べち)銭(せん),115,制度・役職,土地・税制,,,,,室町,
棟割長屋,棟(むね)割(わり)長(なが)屋(や),195,その他,生活・風俗;商業・流通・都市,,,,,江戸,
村入用,村(むら)入(いり)用(よう),169,制度・役職,土地・税制,,,,,江戸,
村請,村(むら)請(うけ),120,制度・役職,土地・税制,,,,,室町,
村請制,村(むら)請(うけ)制(せい),169,制度・役職,土地・税制,,,,,江戸,
村掟,村(むら)掟(おきて),119,法令・政策,法制・制度,,,,,室町,
村方三役,村(むら)方(かた)三(さん)役(やく),168,制度・役職,身分・社会構造,,,,,江戸,
村方騒動,村(むら)方(かた)騒(そう)動(どう),194,事件・戦争・乱,一揆・打ちこわし,,,1700,1867,,
村上天皇,村(むら)上(かみ)天(てん)皇(のう),63,人物,政治・政策,日本,天皇・皇族,946,967,,
村切,村(むら)切(ぎり),168,法令・政策,土地・税制,,,1582,1598,,
紫式部,紫(むらさき)式(しき)部(ぶ),65,人物,文学;女性,日本,文学者,1000,1014,,
連,連(むらじ),31,制度・役職,身分・社会構造,,,,,古墳,
村芝居,村(むら)芝(しば)居(い),218,その他,芸能;生活・風俗,,,,,江戸,
村田珠光,村(むら)田(た)珠(じゅ)光(こう),129,人物,芸能,日本,芸術家,1450,1502,,
村田清風,村(むら)田(た)清(せい)風(ふう),212,人物,政治・政策,日本,武家,1838,1855,,
村山富市,村(むら)山(やま)富(とみ)市(いち),361,人物,政治・政策,日本,政治家,1994,1996,,
室生寺金堂,室(むろ)生(う)寺(じ)金(こん)堂(どう),60,寺社・遺跡・場所,美術・建築;仏教,,,,,平安,
室鳩巣,室(むろ)鳩(きゅう)巣(そう),192,人物,思想・学問,日本,学者・思想家,1711,1734,,
室町幕府,室(むろ)町(まち)幕(ばく)府(ふ),114,組織・団体・政党,政治・政策,,,1336,1573,,
明治維新,明(めい)治(じ)維(い)新(しん),228,事件・戦争・乱,政治・政策,,,1867,1877,,
明治憲法,明(めい)治(じ)憲(けん)法(ぽう),252,法令・政策,法制・制度,,,1889,1889,,大日本帝国憲法
明治十四年の政変,明(めい)治(じ)十(じゅう)四(よ)年(ねん)の政(せい)変(へん),249,事件・戦争・乱,政変・事件・反乱,,,1881,1881,,
明治天皇,明(めい)治(じ)天(てん)皇(のう),229,人物,政治・政策,日本,天皇・皇族,1867,1912,,
明治美術会,明(めい)治(じ)美(び)術(じゅつ)会(かい),293,組織・団体・政党,美術・建築,,,1889,1901,,
明正天皇,明(めい)正(しょう)天(てん)皇(のう),158,人物,政治・政策;女性,日本,天皇・皇族,1629,1643,,
明治六年の政変,明(めい)治(じ)六(ろく)年(ねん)の政(せい)変(へん),246,事件・戦争・乱,政変・事件・反乱,,,1873,1873,,
明徳の乱,明(めい)徳(とく)の乱(らん),115,事件・戦争・乱,政変・事件・反乱,,,1391,1391,,
明暦の大火,明(めい)暦(れき)の大(たい)火(か),176;193,事件・戦争・乱,公害・環境・災害,,,1657,1657,,
明六雑誌,明(めい)六(ろく)雑(ざっ)誌(し),243,書物・史料,思想・学問,,,1874,1875,,
明六社,明(めい)六(ろく)社(しゃ),243,組織・団体・政党,思想・学問,,,1873,1875,,
明和事件,明(めい)和(わ)事(じ)件(けん),199,事件・戦争・乱,思想・学問;政変・事件・反乱,,,1767,1767,,
目付,目(め)付(つけ),156,制度・役職,政治・政策,,,,,江戸,
メーデー,メーデー,288,事件・戦争・乱,労働運動,,,1920,1920,,
目安箱,目(め)安(やす)箱(ばこ),193,制度・役職,政治・政策,,,1721,1721,,
蒙古襲来,蒙(もう)古(こ)襲(しゅう)来(らい),100,事件・戦争・乱,対外関係;戦争・軍事,,,1274,1281,,
蒙古襲来絵巻,蒙(もう)古(こ)襲(しゅう)来(らい)絵(え)巻(まき),99;108,作品,美術・建築,,,1293,1293,,
毛沢東,毛(もう)沢(たく)東(とう),333,人物,対外関係,中国,政治家,1935,1976,,
毛利輝元,毛(もう)利(り)輝(てる)元(もと),154,人物,戦争・軍事,日本,武家,1563,1625,,
毛利元就,毛(もう)利(り)元(もと)就(なり),133,人物,戦争・軍事,日本,武家,1523,1571,,
モガ,モガ,296,その他,生活・風俗;女性,,,1925,1935,,
最上徳内,最(も)上(がみ)徳(とく)内(ない),197;206,人物,北方・アイヌ,日本,その他,1785,1808,,
裳着,裳(も)着(ぎ),69,その他,生活・風俗;女性,,,,,平安,
木製農具,木(もく)製(せい)農(のう)具(ぐ),14,その他,農林漁業;考古,,,,,弥生,
目代,目(もく)代(だい),71,制度・役職,政治・政策,,,,,平安,
モース,モース,10;290,人物,考古;思想・学問,アメリカ,来日外国人;学者・思想家,1877,1879,,
モータリゼーション,モータリゼーション,350,その他,生活・風俗;産業・工業,,,1960,1975,,
持株会社整理委員会,持(もち)株(かぶ)会(がい)社(しゃ)整(せい)理(り)委(い)員(いん)会(かい),328,組織・団体・政党,産業・工業,,,1946,1951,,
以仁王,以(もち)仁(ひと)王(おう),90,人物,政変・事件・反乱,日本,天皇・皇族,1180,1180,,
木簡,木(もっ)簡(かん),22;43,その他,考古,,,,,飛鳥;奈良,
木棺墓,木(もっ)棺(かん)墓(ぼ),15,その他,考古,,,,,弥生,
モッセ,モッセ,252,人物,法制・制度,ドイツ,来日外国人;学者・思想家,1886,1890,,
本居宣長,本(もと)居(おり)宣(のり)長(なが),199,人物,思想・学問,日本,学者・思想家,1764,1801,,
本木昌造,本(もと)木(き)昌(しょう)造(ぞう),243,人物,産業・工業,日本,実業家,1869,1875,,
物部守屋,物(もの)部(のべの)守(もり)屋(や),33,人物,政治・政策,日本,公家・貴族,572,587,,
もはや戦後ではない,もはや戦(せん)後(ご)ではない,346,その他,産業・工業,,,1956,1956,,
モボ,モボ,296,その他,生活・風俗,,,1925,1935,,
木綿,木(も)綿(めん),118,その他,産業・工業;生活・風俗,,,1400,1867,,
桃山文化,桃(もも)山(やま)文(ぶん)化(か),146;165,文化・流派,美術・建築;芸能,,,1568,1615,,
もやい,もやい,168,その他,農林漁業;身分・社会構造,,,,,江戸,
モラトリアム,モラトリアム,301,法令・政策,貨幣・金融,,,1927,1927,,支払猶予令
森有礼,森(もり)有(あり)礼(のり),243;289,人物,教育;思想・学問,日本,政治家,1873,1889,,
森鷗外,森(もり)鷗(おう)外(がい),291;298,人物,文学,日本,文学者,1890,1922,,
モリソン号事件,モリソン号(ごう)事(じ)件(けん),209,事件・戦争・乱,対外関係,,,1837,1837,,
森戸辰男,森(もり)戸(と)辰(たつ)男(お),276,人物,思想・学問;社会運動,日本,学者・思想家,1920,1920,,
護良親王,護(もり)良(よし)親(しん)王(のう),111,人物,政治・政策;戦争・軍事,日本,天皇・皇族,1331,1335,,もりなが とも読む
モンゴル襲来,モンゴル襲(しゅう)来(らい),100,事件・戦争・乱,対外関係;戦争・軍事,,,1274,1281,,蒙古襲来
文章経国思想,文(もん)章(じょう)経(けい)国(こく)思(し)想(そう),58,文化・流派,思想・学問;文学,,,810,850,,
門前町,門(もん)前(ぜん)町(まち),135,その他,商業・流通・都市,,,,,室町;戦国,
問注所,問(もん)注(ちゅう)所(じょ),92,制度・役職,法制・制度,,,1184,1573,,
文部省,文(もん)部(ぶ)省(しょう),242,組織・団体・政党,教育,,,1871,2001,,
文部省美術展覧会,文(もん)部(ぶ)省(しょう)美(び)術(じゅつ)展(てん)覧(らん)会(かい),293,その他,美術・建築,,,1907,1918,,文展
文武天皇,文(もん)武(む)天(てん)皇(のう),45,人物,政治・政策,日本,天皇・皇族,697,707,,
館,館(やかた),80;97,寺社・遺跡・場所,戦争・軍事,,,,,平安;鎌倉,たち とも読む
八色の姓,八(や)色(くさ)の姓(かばね),38,制度・役職,身分・社会構造,,,684,684,,
薬師寺,薬(やく)師(し)寺(じ),43;49,寺社・遺跡・場所,仏教;美術・建築,,,680,718,,
薬師寺吉祥天像,薬(やく)師(し)寺(じ)吉(きち)祥(じょう)天(てん)像(ぞう),54,作品,美術・建築;仏教,,,,,奈良,
薬師寺僧形八幡神像,薬(やく)師(し)寺(じ)僧(そう)形(ぎょう)八(はち)幡(まん)神(しん)像(ぞう),60,作品,美術・建築;神道,,,,,平安,
役者絵,役(やく)者(しゃ)絵(え),202,文化・流派,美術・建築;芸能,,,,,江戸,
八坂神社,八(や)坂(さか)神(じん)社(じゃ),66,寺社・遺跡・場所,神道,,,,,平安,
屋島の戦い,屋(や)島(しま)の戦(たたか)い,91,事件・戦争・乱,戦争・軍事,,,1185,1185,,
安井算哲,安(やす)井(い)算(さん)哲(てつ),190,人物,思想・学問,日本,学者・思想家,1684,1715,,渋川春海
安井曽太郎,安(やす)井(い)曽(そう)太(た)郎(ろう),299,人物,美術・建築,日本,芸術家,1914,1955,,
安田,安(やす)田(だ),284,組織・団体・政党,貨幣・金融;産業・工業,,,1880,1945,,
ヤツコ,ヤツコ,31,その他,身分・社会構造,,,,,古墳,奴
宿屋飯盛,宿(やど)屋(やの)飯(めし)盛(もり),201,人物,文学,日本,文学者,1780,1830,,
矢内原忠雄,矢(や)内(ない)原(はら)忠(ただ)雄(お),315,人物,思想・学問,日本,学者・思想家,1937,1961,,
柳沢吉保,柳(やなぎ)沢(さわ)吉(よし)保(やす),177;191,人物,政治・政策,日本,武家,1688,1709,,
柳田国男,柳(やなぎ)田(た)国(くに)男(お),298,人物,思想・学問,日本,学者・思想家,1910,1962,,
矢野龍溪,矢(や)野(の)龍(りゅう)溪(けい),290,人物,文学;政治・政策,日本,文学者,1883,1931,,
八幡製鉄所,八(や)幡(はた)製(せい)鉄(てつ)所(しょ),284;295;308,組織・団体・政党,産業・工業,,,1901,1934,,
流鏑馬,流(や)鏑(ぶ)馬(さめ),98,その他,戦争・軍事;生活・風俗,,,,,鎌倉,
山内豊信（容堂）,山(やま)内(うち)豊(とよ)信(しげ)（容(よう)堂(どう)）,225;227,人物,政治・政策,日本,武家,1848,1872,,
山鹿素行,山(やま)鹿(が)素(そ)行(こう),189,人物,思想・学問,日本,学者・思想家,1660,1685,,
山県有朋,山(やま)県(がた)有(あり)朋(とも),238;252;255;260;267,人物,政治・政策;戦争・軍事,日本,政治家;軍人,1873,1922,,
山県大弐,山(やま)県(がた)大(だい)弐(に),199,人物,思想・学問,日本,学者・思想家,1759,1767,,
山片蟠桃,山(やま)片(がた)蟠(ばん)桃(とう),200,人物,思想・学問,日本,学者・思想家,1802,1821,,
山川捨松,山(やま)川(かわ)捨(すて)松(まつ),244,人物,教育;女性,日本,その他,1871,1919,,
山川均,山(やま)川(かわ)均(ひとし),276,人物,社会運動,日本,社会運動家,1906,1958,,
山崎闇斎,山(やま)崎(ざき)闇(あん)斎(さい),189,人物,思想・学問;神道,日本,学者・思想家,1650,1682,,
山背大兄王,山(やま)背(しろの)大(おお)兄(えの)王(おう),37,人物,政変・事件・反乱,日本,天皇・皇族,622,643,,
山城の国一揆,山(やま)城(しろ)の国(くに)一(いっ)揆(き),122,事件・戦争・乱,一揆・打ちこわし,,,1485,1493,,
邪馬台国,邪(や)馬(ま)台(たい)国(こく),18,国・地域・王朝,政治・政策;対外関係,,,,,弥生,
山田長政,山(やま)田(だ)長(なが)政(まさ),161,人物,対外関係,日本,その他,1612,1630,,
山田美妙,山(やま)田(だ)美(び)妙(みょう),291,人物,文学,日本,文学者,1885,1910,,
大和絵,大(やま)和(と)絵(え),67,文化・流派,美術・建築,,,,,平安,
大和猿楽四座,大(やま)和(と)猿(さる)楽(がく)四(し)座(ざ),127,組織・団体・政党,芸能,,,,,室町,
ヤマト政権,ヤマト政(せい)権(けん),24;31,組織・団体・政党,政治・政策,,,,,古墳,
東漢氏,東(やまとの)漢(あや)氏(うじ),27,人物,対外関係,その他,渡来人,,,古墳,
大和本草,大(やま)和(と)本(ほん)草(ぞう),189,書物・史料,思想・学問,,,1709,1709,,
山名氏清,山(やま)名(な)氏(うじ)清(きよ),115,人物,政変・事件・反乱,日本,武家,1391,1391,,
山名持豊（宗全）,山(やま)名(な)持(もち)豊(とよ)（宗(そう)全(ぜん)）,122,人物,戦争・軍事;政治・政策,日本,武家,1441,1473,,
山上憶良,山(やまの)上(うえの)憶(おく)良(ら),51,人物,文学,日本,文学者,702,733,,
山伏,山(やま)伏(ぶし),60,その他,仏教;神道,,,,,平安,
山部赤人,山(やま)部(べの)赤(あか)人(ひと),51,人物,文学,日本,文学者,724,736,,
山本権兵衛,山(やま)本(もと)権(ごん)兵(べ)衛(え),268,人物,政治・政策;戦争・軍事,日本,政治家;軍人,1913,1924,,
山脇東洋,山(やま)脇(わき)東(とう)洋(よう),198,人物,思想・学問,日本,学者・思想家,1754,1762,,
闇市,闇(やみ)市(いち),331,その他,生活・風俗;商業・流通・都市,,,1945,1950,,
弥生土器,弥(や)生(よい)土(ど)器(き),14,その他,考古,,,,,弥生,
弥生文化,弥(や)生(よい)文(ぶん)化(か),13,文化・流派,考古,,,,,弥生,
鉇,鉇(やりがんな),14,その他,考古;産業・工業,,,,,弥生,要確認：文字（鉇か）
ヤルタ会談,ヤルタ会(かい)談(だん),323,条約・協定・会議,対外関係;戦争・軍事,,,1945,1945,,
野郎歌舞伎,野(や)郎(ろう)歌(か)舞(ぶ)伎(き),188,文化・流派,芸能,,,1652,1700,,
ヤン＝ヨーステン,ヤン＝ヨーステン,160,人物,対外関係,オランダ,来日外国人,1600,1623,,
結,結(ゆい),168,その他,農林漁業;身分・社会構造,,,,,江戸,
由井（比）正雪の乱,由(ゆ)井(い)（比(い)）正(しょう)雪(せつ)の乱(らん),176,事件・戦争・乱,政変・事件・反乱,,,1651,1651,,慶安の変
友愛会,友(ゆう)愛(あい)会(かい),288,組織・団体・政党,労働運動,,,1912,1919,,
結城合戦,結(ゆう)城(き)合(かっ)戦(せん),120,事件・戦争・乱,戦争・軍事,,,1440,1441,,
友禅染,友(ゆう)禅(ぜん)染(ぞめ),191,文化・流派,美術・建築;産業・工業,,,1680,1700,,
有職故実,有(ゆう)職(そく)故(こ)実(じつ),107,文化・流派,思想・学問,,,,,鎌倉,
猶存社,猶(ゆう)存(ぞん)社(しゃ),273,組織・団体・政党,思想・学問,,,1919,1923,,
雄藩,雄(ゆう)藩(はん),213,その他,政治・政策,,,1830,1867,,
雄藩連合政権,雄(ゆう)藩(はん)連(れん)合(ごう)政(せい)権(けん),226,その他,政治・政策,,,1863,1867,,
郵便制度,郵(ゆう)便(びん)制(せい)度(ど),240,制度・役職,産業・工業,,,1871,1871,,
雄略天皇,雄(ゆう)略(りゃく)天(てん)皇(のう),27,人物,政治・政策,日本,天皇・皇族,456,479,,
湯川秀樹,湯(ゆ)川(かわ)秀(ひで)樹(き),337,人物,思想・学問,日本,学者・思想家,1935,1981,,
雪どけ,雪(ゆき)どけ,339,その他,対外関係,,,1953,1956,,
遊行上人,遊(ゆ)行(ぎょう)上(しょう)人(にん),105,人物,仏教,日本,僧侶・宗教家,1274,1289,,一遍
湯島聖堂,湯(ゆ)島(しま)聖(せい)堂(どう),178,寺社・遺跡・場所,思想・学問;教育,,,1690,1690,,
輸出入品等臨時措置法,輸(ゆ)出(しゅつ)入(にゅう)品(ひん)等(とう)臨(りん)時(じ)措(そ)置(ち)法(ほう),313,法令・政策,戦争・軍事;対外関係,,,1937,1937,,
弓月君,弓(ゆ)月(づきの)君(きみ),27,人物,対外関係,その他,渡来人,,,古墳,
弓矢,弓(ゆみ)矢(や),9,その他,考古,,,,,縄文,
由利公正,由(ゆ)利(り)公(きみ)正(まさ),229,人物,政治・政策,日本,政治家,1868,1868,,
庸,庸(よう),41,制度・役職,土地・税制,,,,,奈良;平安,
謡曲,謡(よう)曲(きょく),127,文化・流派,芸能;文学,,,,,室町,
用作,用(よう)作(さく),97,その他,土地・税制;農林漁業,,,,,鎌倉,
養蚕,養(よう)蚕(さん),285,その他,産業・工業;農林漁業,,,1870,1930,,
洋書調所,洋(よう)書(しょ)調(しらべ)所(しょ),231,組織・団体・政党,思想・学問;教育,,,1862,1863,,
煬帝,煬(よう)帝(だい),34,人物,対外関係,中国,国王・皇帝（外国）,604,618,,
遙任,遙(よう)任(にん),70,制度・役職,政治・政策,,,,,平安,
陽明学,陽(よう)明(めい)学(がく),189,文化・流派,思想・学問,,,1640,1867,,
養老律令,養(よう)老(ろう)律(りつ)令(りょう),39,法令・政策,法制・制度,,,718,757,,
翼賛選挙,翼(よく)賛(さん)選(せん)挙(きょ),320,事件・戦争・乱,政治・政策;戦争・軍事,,,1942,1942,,
横穴式石室,横(よこ)穴(あな)式(しき)石(せき)室(しつ),25;28,その他,考古,,,,,古墳,
横須賀造船所,横(よこ)須(す)賀(か)造(ぞう)船(せん)所(じょ),231;240,組織・団体・政党,産業・工業;戦争・軍事,,,1865,1871,,
横浜正金銀行,横(よこ)浜(はま)正(しょう)金(きん)銀(ぎん)行(こう),281,組織・団体・政党,貨幣・金融;対外関係,,,1880,1946,,
横光利一,横(よこ)光(みつ)利(り)一(いち),315,人物,文学,日本,文学者,1923,1947,,
横山源之助,横(よこ)山(やま)源(げん)之(の)助(すけ),287,人物,労働運動;思想・学問,日本,学者・思想家,1899,1915,,
横山大観,横(よこ)山(やま)大(たい)観(かん),299,人物,美術・建築,日本,芸術家,1898,1958,,
与謝野晶子,与(よ)謝(さ)野(の)晶(あき)子(こ),262;291,人物,文学;女性,日本,文学者,1901,1942,,
与謝蕪村,与(よ)謝(さ)蕪(ぶ)村(そん),201,人物,文学;美術・建築,日本,文学者,1751,1783,,
吉川英治,吉(よし)川(かわ)英(えい)治(じ),298,人物,文学,日本,文学者,1926,1962,,
芳沢あやめ,芳(よし)沢(ざわ)あやめ,188,人物,芸能,日本,芸術家,1690,1729,,
慶滋保胤,慶(よし)滋(しげの)保(やす)胤(たね),67,人物,仏教;文学,日本,公家・貴族,982,1002,,
吉田兼倶,吉(よし)田(だ)兼(かね)倶(とも),129,人物,神道,日本,僧侶・宗教家,1484,1511,,
吉田茂,吉(よし)田(だ)茂(しげる),330,人物,政治・政策;対外関係,日本,政治家,1946,1954,,
吉田松陰,吉(よし)田(だ)松(しょう)陰(いん),215;225,人物,思想・学問;教育,日本,学者・思想家,1854,1859,,
吉田光由,吉(よし)田(だ)光(みつ)由(よし),190,人物,思想・学問,日本,学者・思想家,1627,1672,,
吉野ヶ里遺跡,吉(よし)野(の)ヶ(が)里(り)遺(い)跡(せき),17,寺社・遺跡・場所,考古,,,,,弥生,
吉野作造,吉(よし)野(の)作(さく)造(ぞう),271;275,人物,思想・学問;社会運動,日本,学者・思想家,1916,1933,,
吉村虎太郎,吉(よし)村(むら)虎(とら)太(た)郎(ろう),225,人物,政変・事件・反乱,日本,武家,1862,1863,,
四隅突出型墳丘墓,四(よ)隅(すみ)突(とっ)出(しゅつ)型(がた)墳(ふん)丘(きゅう)墓(ぼ),16,その他,考古,,,,,弥生,
寄席,寄(よ)席(せ),217,寺社・遺跡・場所,芸能;生活・風俗,,,,,江戸,
寄木造,寄(よせ)木(ぎ)造(づくり),68,文化・流派,美術・建築;仏教,,,1020,1100,,
寄場組合,寄(よせ)場(ば)組(くみ)合(あい),208,組織・団体・政党,政治・政策,,,1827,1867,,
四日市ぜんそく,四(よっ)日(か)市(いち)ぜんそく,352,事件・戦争・乱,公害・環境・災害,,,1960,1972,,
米内光政,米(よ)内(ない)光(みつ)政(まさ),316;321,人物,政治・政策;戦争・軍事,日本,政治家;軍人,1937,1945,,
世直し一揆,世(よ)直(なお)し一(いっ)揆(き),230,事件・戦争・乱,一揆・打ちこわし,,,1866,1869,,
読本,読(よみ)本(ほん),201;216,文化・流派,文学,,,1750,1850,,
嫁入婚,嫁(よめ)入(いり)婚(こん),97,その他,生活・風俗;女性,,,,,鎌倉;室町,
寄合,寄(より)合(あい),119,組織・団体・政党,身分・社会構造,,,,,室町,
寄親・寄子制,寄(より)親(おや)・寄(より)子(こ)制(せい),134,制度・役職,戦争・軍事;身分・社会構造,,,,,戦国,
ヨーロッパ共同体,ヨーロッパ共(きょう)同(どう)体(たい),339,組織・団体・政党,対外関係,,,1967,1993,,EC
ヨーロッパ連合,ヨーロッパ連(れん)合(ごう),360,組織・団体・政党,対外関係,,,1993,1993,,EU
四・一六事件,四(よん)・一(いち)六(ろく)事(じ)件(けん),302,事件・戦争・乱,社会運動,,,1929,1929,,
四大公害訴訟,四(よん)大(だい)公(こう)害(がい)訴(そ)訟(しょう),352,事件・戦争・乱,公害・環境・災害,,,1967,1973,,
来迎図,来(らい)迎(ごう)図(ず),68,作品,美術・建築;仏教,,,,,平安,
頼山陽,頼(らい)山(さん)陽(よう),199,人物,思想・学問,日本,学者・思想家,1800,1832,,
楽市,楽(らく)市(いち),135,制度・役職,商業・流通・都市,,,,,戦国;安土桃山,
楽市令,楽(らく)市(いち)令(れい),141,法令・政策,商業・流通・都市,,,1567,1582,,
ラクスマン,ラクスマン,206,人物,対外関係;北方・アイヌ,ロシア・ソ連,来日外国人,1792,1793,,
洛中洛外図（屛風）,洛(らく)中(ちゅう)洛(らく)外(がい)図(ず)（屛(びょう)風(ぶ)）,89;147,作品,美術・建築,,,1500,1620,,
楽焼,楽(らく)焼(やき),166,文化・流派,美術・建築,,,1580,1700,,
楽浪郡,楽(らく)浪(ろう)郡(ぐん),17,国・地域・王朝,対外関係,,,-108,313,,
ラジオ放送,ラジオ放(ほう)送(そう),297,その他,生活・風俗,,,1925,1925,,
螺鈿,螺(ら)鈿(でん),67,文化・流派,美術・建築,,,,,奈良;平安,
螺鈿紫檀五絃琵琶,螺(ら)鈿(でん)紫(し)檀(たん)五(ご)絃(げんの)琵(び)琶(わ),54,作品,美術・建築;芸能,,,,,奈良,
蘭学,蘭(らん)学(がく),198,文化・流派,思想・学問,,,1720,1867,,
蘭学階梯,蘭(らん)学(がく)階(かい)梯(てい),198,書物・史料,思想・学問,,,1788,1788,,
蘭溪道隆,蘭(らん)溪(けい)道(どう)隆(りゅう),106,人物,仏教,中国,僧侶・宗教家;来日外国人,1246,1278,,
欄間彫刻,欄(らん)間(ま)彫(ちょう)刻(こく),147,文化・流派,美術・建築,,,1576,1615,,
理化学研究所,理(り)化(か)学(がく)研(けん)究(きゅう)所(しょ),298,組織・団体・政党,思想・学問,,,1917,1917,,
力織機,力(りき)織(しょっ)機(き),282,その他,産業・工業,,,1890,1910,,
六義園,六(りく)義(ぎ)園(えん),191,寺社・遺跡・場所,美術・建築,,,1702,1702,,
リクルート事件,リクルート事(じ)件(けん),360,事件・戦争・乱,政変・事件・反乱,,,1988,1989,,
李鴻章,李(り)鴻(こう)章(しょう),258;259,人物,対外関係,中国,政治家,1870,1901,,
李舜臣,李(り)舜(しゅん)臣(しん),146,人物,対外関係;戦争・軍事,朝鮮,軍人,1592,1598,,
李承晩,李(り)承(しょう)晩(ばん),334,人物,対外関係,朝鮮,政治家,1948,1960,,
リストラ,リストラ,362,その他,産業・工業;労働運動,,,1991,2005,,
李成桂,李(り)成(せい)桂(けい),117,人物,対外関係,朝鮮,国王・皇帝（外国）,1392,1398,,
里長,里(り)長(ちょう),39,制度・役職,政治・政策,,,,,奈良,
立憲改進党,立(りっ)憲(けん)改(かい)進(しん)党(とう),249,組織・団体・政党,政治・政策;社会運動,,,1882,1896,,
立憲国民党,立(りっ)憲(けん)国(こく)民(みん)党(とう),267,組織・団体・政党,政治・政策,,,1910,1922,,
立憲自由党,立(りっ)憲(けん)自(じ)由(ゆう)党(とう),255,組織・団体・政党,政治・政策,,,1890,1891,,
立憲政友会,立(りっ)憲(けん)政(せい)友(ゆう)会(かい),261,組織・団体・政党,政治・政策,,,1900,1940,,
立憲帝政党,立(りっ)憲(けん)帝(てい)政(せい)党(とう),249,組織・団体・政党,政治・政策,,,1882,1883,,
立憲同志会,立(りっ)憲(けん)同(どう)志(し)会(かい),267,組織・団体・政党,政治・政策,,,1913,1916,,
立憲民政党,立(りっ)憲(けん)民(みん)政(せい)党(とう),278,組織・団体・政党,政治・政策,,,1927,1940,,
六国史,六(りっ)国(こく)史(し),51;63,書物・史料,思想・学問,,,720,901,,
立志社,立(りっ)志(し)社(しゃ),247,組織・団体・政党,社会運動,,,1874,1883,,
立志社建白,立(りっ)志(し)社(しゃ)建(けん)白(ぱく),248,書物・史料,社会運動,,,1877,1877,,
律宗,律(りっ)宗(しゅう),52,文化・流派,仏教,,,754,754,,
リットン,リットン,306,人物,対外関係,イギリス,政治家,1932,1932,,
リットン調査団,リットン調(ちょう)査(さ)団(だん),307,組織・団体・政党,対外関係,,,1932,1932,,
吏党,吏(り)党(とう),254,組織・団体・政党,政治・政策,,,1890,1898,,
リーフデ号,リーフデ号(ごう),160,その他,対外関係,,,1600,1600,,
龍角寺岩屋古墳,龍(りゅう)角(かく)寺(じ)岩(いわ)屋(や)古(こ)墳(ふん),32,寺社・遺跡・場所,考古,,,,,飛鳥,
琉球王国,琉(りゅう)球(きゅう)王(おう)国(こく),118;163;244,国・地域・王朝,琉球・沖縄,,,1429,1879,,
琉球処分,琉(りゅう)球(きゅう)処(しょ)分(ぶん),245,事件・戦争・乱,琉球・沖縄,,,1872,1879,,
琉球藩,琉(りゅう)球(きゅう)藩(はん),245,制度・役職,琉球・沖縄,,,1872,1879,,
柳条湖事件,柳(りゅう)条(じょう)湖(こ)事(じ)件(けん),305,事件・戦争・乱,対外関係;戦争・軍事,,,1931,1931,,
隆達節,隆(りゅう)達(たつ)節(ぶし),148,文化・流派,芸能,,,1590,1611,,
流通革命,流(りゅう)通(つう)革(かく)命(めい),349,その他,商業・流通・都市,,,1955,1970,,
龍安寺庭園,龍(りょう)安(あん)寺(じ)庭(てい)園(えん),128,作品,美術・建築,,,1450,1500,,
凌雲集,凌(りょう)雲(うん)集(しゅう),58,書物・史料,文学,,,814,814,,
両界曼荼羅,両(りょう)界(かい)曼(まん)荼(だ)羅(ら),61,作品,美術・建築;仏教,,,,,平安,
両替商,両(りょう)替(がえ)商(しょう),184,その他,貨幣・金融;商業・流通・都市,,,,,江戸,
良寛,良(りょう)寛(かん),217,人物,文学;仏教,日本,僧侶・宗教家,1790,1831,,
領家,領(りょう)家(け),71,制度・役職,土地・税制,,,,,平安;鎌倉,
令外官,令(りょう)外(げの)官(かん),57,制度・役職,政治・政策,,,,,奈良;平安,
陵戸,陵(りょう)戸(こ),41,制度・役職,身分・社会構造,,,,,奈良,
領国,領(りょう)国(ごく),132,制度・役職,政治・政策,,,,,戦国,
領事裁判権,領(りょう)事(じ)裁(さい)判(ばん)権(けん),223,その他,対外関係;法制・制度,,,1858,1899,,
領事裁判権の撤廃,領(りょう)事(じ)裁(さい)判(ばん)権(けん)の撤(てっ)廃(ぱい),256,事件・戦争・乱,対外関係;法制・制度,,,1894,1899,,
廖承志,廖(りょう)承(しょう)志(し),343,人物,対外関係,中国,政治家,1962,1962,,
梁塵秘抄,梁(りょう)塵(じん)秘(ひ)抄(しょう),83,書物・史料,文学;芸能,,,1169,1179,,
領知宛行状,領(りょう)知(ち)宛(あて)行(おこない)状(じょう),177,書物・史料,土地・税制;政治・政策,,,1664,1664,,
両統迭立,両(りょう)統(とう)迭(てつ)立(りつ),110,その他,政治・政策,,,1272,1333,,
令義解,令(りょうの)義(ぎ)解(げ),57,書物・史料,法制・制度,,,833,833,,
令集解,令(りょうの)集(しゅう)解(げ),57,書物・史料,法制・制度,,,868,868,,
量販店,量(りょう)販(はん)店(てん),358,その他,商業・流通・都市,,,1970,1990,,
良民,良(りょう)民(みん),41,その他,身分・社会構造,,,,,奈良,
林下,林(りん)下(か),131,文化・流派,仏教,,,,,室町,
林家,林(りん)家(け),165;178,組織・団体・政党,思想・学問,,,1607,1867,,
臨済宗,臨(りん)済(ざい)宗(しゅう),106,文化・流派,仏教,,,1191,1191,,
綸旨,綸(りん)旨(じ),111,書物・史料,政治・政策,,,,,平安;鎌倉;室町,
臨時資金調整法,臨(りん)時(じ)資(し)金(きん)調(ちょう)整(せい)法(ほう),313,法令・政策,貨幣・金融;戦争・軍事,,,1937,1937,,
臨時雑役,臨(りん)時(じ)雑(ぞう)役(やく),70,制度・役職,土地・税制,,,,,平安,
琳派,琳(りん)派(ぱ),166;191,文化・流派,美術・建築,,,1600,1850,,
隣保班,隣(りん)保(ぽ)班(はん),317,組織・団体・政党,戦争・軍事;生活・風俗,,,1940,1947,,
類聚三代格,類(るい)聚(じゅう)三(さん)代(だい)格(きゃく),57,書物・史料,法制・制度,,,1000,1100,,
類聚神祇本源,類(るい)聚(じゅう)神(じん)祇(ぎ)本(ほん)源(げん),106,書物・史料,神道,,,1320,1320,,
ルイス＝フロイス,ルイス＝フロイス,139,人物,キリスト教,ポルトガル・スペイン,僧侶・宗教家;来日外国人,1563,1597,,
留守所,留(る)守(す)所(どころ),71,制度・役職,政治・政策,,,,,平安;鎌倉,
冷戦,冷(れい)戦(せん),333,事件・戦争・乱,対外関係,,,1947,1989,,
冷戦の終結,冷(れい)戦(せん)の終(しゅう)結(けつ),359,事件・戦争・乱,対外関係,,,1989,1989,,
霊廟建築,霊(れい)廟(びょう)建(けん)築(ちく),165,文化・流派,美術・建築,,,1617,1650,,
黎明会,黎(れい)明(めい)会(かい),275,組織・団体・政党,思想・学問;社会運動,,,1918,1920,,
暦象新書,暦(れき)象(しょう)新(しん)書(しょ),215,書物・史料,思想・学問,,,1798,1802,,
レザノフ,レザノフ,207,人物,対外関係,ロシア・ソ連,来日外国人,1804,1805,,
レッド＝パージ,レッド＝パージ,336,事件・戦争・乱,社会運動;労働運動,,,1950,1950,,
連歌,連(れん)歌(が),130,文化・流派,文学,,,1300,1600,,
連歌師,連(れん)歌(が)師(し),130,人物,文学,日本,文学者,1350,1600,,
蓮華王院,蓮(れん)華(げ)王(おう)院(いん),81,寺社・遺跡・場所,仏教;美術・建築,,,1164,1164,,三十三間堂
連合国,連(れん)合(ごう)国(こく),319,その他,対外関係;戦争・軍事,,,1941,1945,,
連合国（軍）最高司令官総司令部,連(れん)合(ごう)国(こく)（軍(ぐん)）最(さい)高(こう)司(し)令(れい)官(かん)総(そう)司(し)令(れい)部(ぶ),326,組織・団体・政党,政治・政策;対外関係,,,1945,1952,,GHQ/SCAP
連雀商人,連(れん)雀(じゃく)商(しょう)人(にん),124,その他,商業・流通・都市,,,,,室町,
連署,連(れん)署(しょ),95,制度・役職,政治・政策,,,1225,1333,,
蓮如,蓮(れん)如(にょ),123;132,人物,仏教,日本,僧侶・宗教家,1457,1499,,
朗詠,朗(ろう)詠(えい),83,文化・流派,芸能;文学,,,,,平安,
老中,老(ろう)中(じゅう),156,制度・役職,政治・政策,,,1634,1867,,
郎等（郎党）,郎(ろう)等(とう)（郎(ろう)党(とう)）,73,その他,戦争・軍事,,,,,平安;鎌倉,
労働関係調整法,労(ろう)働(どう)関(かん)係(けい)調(ちょう)整(せい)法(ほう),329,法令・政策,労働運動,,,1946,1946,,
労働基準法,労(ろう)働(どう)基(き)準(じゅん)法(ぽう),329,法令・政策,労働運動,,,1947,1947,,
労働組合期成会,労(ろう)働(どう)組(くみ)合(あい)期(き)成(せい)会(かい),287,組織・団体・政党,労働運動,,,1897,1901,,
労働組合法,労(ろう)働(どう)組(くみ)合(あい)法(ほう),329,法令・政策,労働運動,,,1945,1945,,
労働省,労(ろう)働(どう)省(しょう),329,組織・団体・政党,労働運動,,,1947,2001,,
労働農民党,労(ろう)働(どう)農(のう)民(みん)党(とう),301,組織・団体・政党,社会運動;農民運動,,,1926,1928,,
良弁,良(ろう)弁(べん),52,人物,仏教,日本,僧侶・宗教家,733,773,,
ロエスレル,ロエスレル,252,人物,法制・制度,ドイツ,来日外国人;学者・思想家,1878,1893,,
六斎市,六(ろく)斎(さい)市(いち),124,その他,商業・流通・都市,,,,,室町,
6・3・3・4制,6・3・3・4制(せい),329,制度・役職,教育,,,1947,1947,,
60年安保闘争,60年(ねん)安(あん)保(ぽ)闘(とう)争(そう),342,事件・戦争・乱,社会運動;対外関係,,,1959,1960,,
六勝寺,六(ろく)勝(しょう)寺(じ),79,寺社・遺跡・場所,仏教,,,1077,1139,,
六波羅探題,六(ろく)波(は)羅(ら)探(たん)題(だい),95;111,制度・役職,政治・政策,,,1221,1333,,
鹿鳴館,鹿(ろく)鳴(めい)館(かん),256,寺社・遺跡・場所,対外関係;生活・風俗,,,1883,1890,,
盧溝橋事件,盧(ろ)溝(こう)橋(きょう)事(じ)件(けん),312,事件・戦争・乱,対外関係;戦争・軍事,,,1937,1937,,
ロシア革命,ロシア革(かく)命(めい),270,事件・戦争・乱,対外関係,,,1917,1917,,
ロッシュ,ロッシュ,226,人物,対外関係,フランス,来日外国人;政治家,1864,1868,,
露仏同盟,露(ろ)仏(ふつ)同(どう)盟(めい),268,条約・協定・会議,対外関係,,,1891,1917,,
ロマン主義,ロマン主(しゅ)義(ぎ),291,文化・流派,文学,,,1890,1905,,
ロンドン海軍軍備制限条約,ロンドン海(かい)軍(ぐん)軍(ぐん)備(び)制(せい)限(げん)条(じょう)約(やく),305,条約・協定・会議,対外関係;戦争・軍事;条約・会議,,,1930,1930,,
隈板内閣,隈(わい)板(はん)内(ない)閣(かく),260,組織・団体・政党,政治・政策,,,1898,1898,,
和歌,和(わ)歌(か),65,文化・流派,文学,,,,,奈良;平安,
和学講談所,和(わ)学(がく)講(こう)談(だん)所(しょ),199,組織・団体・政党,思想・学問,,,1793,1868,,
若衆歌舞伎,若(わか)衆(しゅ)歌(か)舞(ぶ)伎(き),188,文化・流派,芸能,,,1629,1652,,
獲加多支鹵大王,獲(わ)加(か)多(た)支(け)鹵(る)大(おお)王(きみ),31,人物,政治・政策;考古,日本,天皇・皇族,456,479,,雄略天皇とされる
若槻礼次郎,若(わか)槻(つき)礼(れい)次(じ)郎(ろう),278,人物,政治・政策,日本,政治家,1926,1931,,
若年寄,若(わか)年(どし)寄(より),156,制度・役職,政治・政策,,,1633,1867,,
若菜集,若(わか)菜(な)集(しゅう),291,書物・史料,文学,,,1897,1897,,
倭館,倭(わ)館(かん),163,寺社・遺跡・場所,対外関係,,,1609,1872,,
脇街道,脇(わき)街(かい)道(どう),182,寺社・遺跡・場所,商業・流通・都市,,,,,江戸,
脇本陣,脇(わき)本(ほん)陣(じん),183,寺社・遺跡・場所,商業・流通・都市,,,,,江戸,
和気清麻呂,和(わ)気(けの)清(きよ)麻(ま)呂(ろ),47,人物,政治・政策,日本,公家・貴族,769,799,,
倭寇,倭(わ)寇(こう),116,その他,対外関係,,,1350,1570,,
和事,和(わ)事(ごと),188,文化・流派,芸能,,,1680,1710,,
和算,和(わ)算(さん),190,文化・流派,思想・学問,,,1627,1867,,
倭人,倭(わ)人(じん),17,その他,対外関係,,,,,弥生,
ワシントン会議,ワシントン会(かい)議(ぎ),274,条約・協定・会議,対外関係,,,1921,1922,,
ワシントン海軍軍備制限条約,ワシントン海(かい)軍(ぐん)軍(ぐん)備(び)制(せい)限(げん)条(じょう)約(やく),274,条約・協定・会議,対外関係;戦争・軍事;条約・会議,,,1922,1922,,
ワシントン体制,ワシントン体(たい)制(せい),275;311,その他,対外関係,,,1922,1936,,
渡辺崋山,渡(わた)辺(なべ)崋(か)山(ざん),209;217,人物,思想・学問;美術・建築,日本,学者・思想家;芸術家,1832,1841,,
渡辺錠太郎,渡(わた)辺(なべ)錠(じょう)太(た)郎(ろう),310,人物,戦争・軍事,日本,軍人,1936,1936,,
和田義盛,和(わ)田(だ)義(よし)盛(もり),94,人物,政変・事件・反乱,日本,武家,1180,1213,,
度会家行,度(わた)会(らい)家(いえ)行(ゆき),106,人物,神道,日本,僧侶・宗教家,1300,1350,,
度会神道,度(わた)会(らい)神(しん)道(とう),106,文化・流派,神道,,,1300,1400,,伊勢神道
和辻哲郎,和(わ)辻(つじ)哲(てつ)郎(ろう),298,人物,思想・学問,日本,学者・思想家,1919,1960,,
和同開珎,和(わ)同(どう)開(かい)珎(ちん),43,その他,貨幣・金融,,,708,708,,
王仁,王(わ)仁(に),27,人物,思想・学問;対外関係,その他,渡来人,,,古墳,
倭の五王,倭(わ)の五(ご)王(おう),27,人物,対外関係,日本,天皇・皇族,413,502,,
侘茶,侘(わび)茶(ちゃ),129;148,文化・流派,芸能,,,1480,1591,,
和様,和(わ)様(よう),67,文化・流派,美術・建築,,,,,平安;鎌倉,
ワルシャワ条約機構,ワルシャワ条(じょう)約(やく)機(き)構(こう),333,組織・団体・政党,対外関係;戦争・軍事,,,1955,1991,,
湾岸戦争,湾(わん)岸(がん)戦(せん)争(そう),360,事件・戦争・乱,対外関係;戦争・軍事,,,1991,1991,,
ASEAN,ASEAN(あせあん),358,組織・団体・政党,対外関係,,,1967,1967,,略語：東南アジア諸国連合
EC,EC(いーしー),339,組織・団体・政党,対外関係,,,1967,1993,,略語：ヨーロッパ共同体
EU,EU(いーゆー),360,組織・団体・政党,対外関係,,,1993,1993,,略語：ヨーロッパ連合
GATT,GATT(がっと),333;345;348,条約・協定・会議,対外関係;商業・流通・都市,,,1948,1995,,略語：関税及び貿易に関する一般協定
GHQ/SCAP,GHQ(じーえいちきゅー)/SCAP(すきゃっぷ),326,組織・団体・政党,政治・政策;対外関係,,,1945,1952,,略語：連合国（軍）最高司令官総司令部
IBRD,IBRD(あいびーあーるでぃー),333,組織・団体・政党,貨幣・金融;対外関係,,,1945,1945,,略語：国際復興開発銀行
IMF,IMF(あいえむえふ),345,組織・団体・政党,貨幣・金融;対外関係,,,1945,1945,,略語：国際通貨基金
NATO,NATO(なとー),333,組織・団体・政党,対外関係;戦争・軍事,,,1949,1949,,略語：北大西洋条約機構
NIES,NIES(にーず),358,国・地域・王朝,産業・工業;対外関係,,,1970,1990,,略語：新興工業経済地域
OAPEC,OAPEC(おあぺっく),354,組織・団体・政党,対外関係;産業・工業,,,1968,1973,,略語：アラブ石油輸出国機構
ODA,ODA(おーでぃーえー),357,その他,対外関係,,,1954,1990,,略語：政府開発援助
OECD,OECD(おーいーしーでぃー),348,組織・団体・政党,対外関係,,,1964,1964,,略語：経済協力開発機構
PKO,PKO(ぴーけーおー),360,その他,対外関係;戦争・軍事,,,1992,1992,,略語：国連平和維持活動
SDGs,SDGs(えすでぃーじーず),364,その他,公害・環境・災害;対外関係,,,2015,2015,,略語：持続可能な開発目標
